provider_id,claim_count,total_claim_amount,average_claim_amount,total_payment_amount,average_payment_amount,missing_payment_claims,payment_date_issues,missing_payment_rate,payment_date_issue_rate,risk_score,risk_category,name,specialty,state
1,36,1120236.5051389304,31117.680698303622,702136.766949612,26005.06544257822,9,17,0.25,0.4722222222222222,36.111111111111114,Medium,Eaton-Gibson,Orthopedic,South Carolina
2,39,946428.0,24267.384615384617,505120.5770573328,22960.026229878764,17,13,0.4358974358974359,0.3333333333333333,38.46153846153846,Medium,Lewis Ltd,General Practitioner,Connecticut
3,36,841816.0,23383.777777777777,466126.3350996651,19421.930629152714,12,13,0.3333333333333333,0.3611111111111111,34.722222222222214,Medium,Wise Ltd,Dermatologist,Vermont
4,42,1647914.6951471092,39236.064170169266,930951.8614195912,28210.66246726034,9,18,0.21428571428571427,0.42857142857142855,32.14285714285714,Medium,"Reed, Duncan and Hill",Orthopedic,Oregon
5,49,1252602.0,25563.30612244898,858810.03647437,23211.082066874867,12,14,0.24489795918367346,0.2857142857142857,26.53061224489796,Medium,"Rodriguez, Moses and Duffy",Orthopedic,California
6,41,1024752.0,24993.951219512193,770652.4915630375,22666.249751854044,7,19,0.17073170731707318,0.4634146341463415,31.707317073170735,Medium,"Cohen, Clark and Campbell",General Practitioner,Virginia
7,39,901033.0,23103.410256410258,648658.0829750958,20924.45428951922,8,16,0.20512820512820512,0.41025641025641024,30.769230769230766,Medium,Perkins-Ramirez,Dermatologist,Ohio
8,41,1110075.0,27075.0,636829.3842963974,22743.906582014195,13,14,0.3170731707317073,0.34146341463414637,32.926829268292686,Medium,Taylor Group,Cardiologist,California
9,33,825310.0,25009.39393939394,486319.6669386631,23158.079378031576,12,11,0.36363636363636365,0.3333333333333333,34.848484848484844,Medium,Carroll-Velasquez,Oncologist,Oregon
10,33,886288.0,26857.21212121212,498124.1945272638,22642.008842148356,11,11,0.3333333333333333,0.3333333333333333,33.33333333333333,Medium,Davis LLC,General Practitioner,South Dakota
11,42,972651.0,23158.35714285714,533194.2350146567,17773.141167155223,12,13,0.2857142857142857,0.30952380952380953,29.76190476190476,Medium,Vasquez LLC,General Practitioner,Vermont
12,33,832263.0,25220.090909090908,572105.2381246247,24874.14078802716,10,11,0.30303030303030304,0.3333333333333333,31.818181818181817,Medium,Baker-Best,Oncologist,Oregon
13,28,723198.0,25828.5,393360.67217281484,20703.19327225341,9,10,0.32142857142857145,0.35714285714285715,33.92857142857143,Medium,"Morrison, Spencer and Crawford",Orthopedic,North Dakota
14,41,1106511.0,26988.073170731706,778815.8976282673,24337.996800883353,9,19,0.21951219512195122,0.4634146341463415,34.146341463414636,Medium,"Price, Clarke and Lindsey",General Practitioner,Michigan
15,44,1122274.0,25506.227272727272,810358.4264469823,23153.097898485208,9,19,0.20454545454545456,0.4318181818181818,31.81818181818182,Medium,Jones-Cook,Cardiologist,Michigan
16,44,1145080.09935531,26024.547712620682,700554.1182479507,21892.31619524846,12,12,0.2727272727272727,0.2727272727272727,27.27272727272727,Medium,"Hopkins, Reed and Smith",Dermatologist,Texas
17,41,1138759.0400083929,27774.61073191202,765623.8618020623,22518.348876531243,7,18,0.17073170731707318,0.43902439024390244,30.487804878048784,Medium,"Wilson, Rivera and Bennett",Orthopedic,Virginia
18,38,923514.0877435037,24303.002309039573,529926.7440187318,22080.28100078049,14,10,0.3684210526315789,0.2631578947368421,31.578947368421048,Medium,"Adkins, Sosa and Mueller",General Practitioner,Indiana
19,45,1077961.7963713668,23954.706586030374,668129.7229836017,21552.571709148444,14,17,0.3111111111111111,0.37777777777777777,34.44444444444444,Medium,Floyd-Johnson,Cardiologist,Connecticut
20,42,1103747.0,26279.690476190477,821547.8454566926,24163.171925196842,8,13,0.19047619047619047,0.30952380952380953,25.0,Medium,"Williams, Webb and Nash",Oncologist,Tennessee
21,32,954616.9409494194,29831.779404669356,414663.0548580772,24391.944403416306,15,11,0.46875,0.34375,40.625,Medium,"Byrd, Beck and Mendoza",Orthopedic,Idaho
22,51,1421365.0,27869.901960784315,884769.4270760034,25279.126487885813,16,15,0.3137254901960784,0.29411764705882354,30.392156862745097,Medium,"Barton, Ramirez and Norris",Cardiologist,Oklahoma
23,51,1398344.5354473398,27418.520302889014,999322.3330812544,23793.388882887008,9,19,0.17647058823529413,0.37254901960784315,27.450980392156865,Medium,Newton Inc,General Practitioner,Texas
24,32,849090.0,26534.0625,477868.8607740626,23893.443038703128,12,11,0.375,0.34375,35.9375,Medium,Elliott Inc,Oncologist,Maine
25,44,1143109.0,25979.75,723981.87364811,22624.433551503436,12,17,0.2727272727272727,0.38636363636363635,32.95454545454545,Medium,Cunningham-Browning,General Practitioner,Mississippi
26,39,871674.0,22350.615384615383,553435.6655274276,17294.86454773211,7,18,0.1794871794871795,0.46153846153846156,32.05128205128205,Medium,Richards-Frazier,Dermatologist,Hawaii
27,47,1103953.3698307145,23488.369570866267,769825.1662706265,21384.03239640629,11,12,0.23404255319148937,0.2553191489361702,24.46808510638298,Medium,"Morris, Costa and Cook",General Practitioner,Maine
28,40,978551.0,24463.775,644427.9595615494,20787.99869553385,9,19,0.225,0.475,35.0,Medium,Harrison Ltd,Oncologist,Washington
29,45,1200162.0,26670.266666666666,780676.4305855121,22305.040873871774,10,11,0.2222222222222222,0.24444444444444444,23.333333333333332,Medium,Carlson-Flores,Dermatologist,Florida
30,35,968893.5485675992,27682.67281621712,520745.21330480755,21697.717221033647,11,15,0.3142857142857143,0.42857142857142855,37.14285714285714,Medium,Bell-Garcia,Dermatologist,Rhode Island
31,46,1108869.0,24105.847826086956,741303.755690621,21803.05163795944,12,19,0.2608695652173913,0.41304347826086957,33.69565217391304,Medium,"James, Hurley and Bautista",Orthopedic,Arkansas
32,31,629043.0,20291.709677419356,476604.5540166975,19858.523084029064,7,11,0.22580645161290322,0.3548387096774194,29.032258064516128,Medium,Jones-Taylor,General Practitioner,Oklahoma
33,50,1257531.0,25150.62,850080.1370699119,20733.66187975395,9,21,0.18,0.42,30.0,Medium,"Cruz, Spencer and Allen",Orthopedic,South Dakota
34,35,1040047.4776830892,29715.642219516834,648779.9410102033,24953.07465423859,9,15,0.2571428571428571,0.42857142857142855,34.285714285714285,Medium,Lindsey PLC,Oncologist,Minnesota
35,39,887900.0,22766.666666666668,610164.3811375371,21040.151073708173,10,12,0.2564102564102564,0.3076923076923077,28.205128205128204,Medium,Nicholson and Sons,Orthopedic,Arkansas
36,52,1397699.2776322784,26878.8322621592,867640.224709668,22832.637492359685,14,21,0.2692307692307692,0.40384615384615385,33.65384615384615,Medium,Anderson-Anderson,Orthopedic,Tennessee
37,27,598315.0,22159.814814814814,420249.40393035626,19102.24563319801,5,8,0.18518518518518517,0.2962962962962963,24.074074074074073,Medium,"Buck, Brown and Flores",Oncologist,Illinois
38,47,1002809.2606159791,21336.36724714849,737051.299986232,19396.086841742945,9,22,0.19148936170212766,0.46808510638297873,32.97872340425532,Medium,Hunter LLC,Dermatologist,Pennsylvania
39,43,1017764.0,23668.93023255814,615668.2254657325,21988.150909490447,15,16,0.3488372093023256,0.37209302325581395,36.04651162790698,Medium,Johnson-Anderson,General Practitioner,Iowa
40,50,1174438.0,23488.76,904459.958302708,22059.998982992878,9,13,0.18,0.26,22.0,Medium,"Sanders, Harris and Garcia",Orthopedic,Nebraska
41,44,1138793.0,25881.659090909092,815788.0472229461,23993.766094792532,10,15,0.22727272727272727,0.3409090909090909,28.409090909090907,Medium,Moore-Johnson,Cardiologist,Maine
42,53,1419602.976085743,26784.961812938545,984237.2821675312,22889.239120175145,10,15,0.18867924528301888,0.2830188679245283,23.58490566037736,Medium,Davis and Sons,Dermatologist,Massachusetts
43,39,1090415.875014907,27959.38141063864,647368.7752668599,23976.621306179997,12,12,0.3076923076923077,0.3076923076923077,30.76923076923077,Medium,Mcdonald-Mora,Orthopedic,Nevada
44,38,968717.0,25492.552631578947,577349.5171087675,21383.315448472873,11,12,0.2894736842105263,0.3157894736842105,30.263157894736842,Medium,Crawford-Williams,Cardiologist,North Dakota
45,40,894759.0,22368.975,585473.0213566684,20188.724874367876,11,17,0.275,0.425,35.0,Medium,Roberts Ltd,Oncologist,Florida
46,43,1250701.0,29086.06976744186,796994.373287786,24906.074165243313,11,16,0.2558139534883721,0.37209302325581395,31.395348837209305,Medium,Berry-Tate,Orthopedic,Colorado
47,43,1031628.399199427,23991.358120916906,636887.5652295414,21229.58550765138,13,18,0.3023255813953488,0.4186046511627907,36.04651162790698,Medium,Solis PLC,General Practitioner,North Carolina
48,39,947924.0,24305.74358974359,685849.3807003928,22124.173570980412,8,15,0.20512820512820512,0.38461538461538464,29.48717948717949,Medium,Thompson-Salazar,Dermatologist,Minnesota
49,43,972937.0,22626.441860465115,606050.3877832468,20898.289233905063,14,14,0.32558139534883723,0.32558139534883723,32.55813953488372,Medium,"Patrick, Robinson and Wood",Orthopedic,Pennsylvania
50,43,1228514.2686979377,28570.099272045063,728412.3903718183,22762.887199119323,11,15,0.2558139534883721,0.3488372093023256,30.232558139534884,Medium,Sanchez LLC,General Practitioner,Rhode Island
51,35,725622.0,20732.057142857142,461785.35268435604,18471.414107374243,10,13,0.2857142857142857,0.37142857142857144,32.85714285714286,Medium,Rodriguez PLC,Orthopedic,Indiana
52,43,1106460.0,25731.627906976744,596192.3539004052,21292.584067871616,15,19,0.3488372093023256,0.4418604651162791,39.53488372093023,Medium,Galvan LLC,Cardiologist,Texas
53,45,884392.0,19653.155555555557,559623.6082433631,18052.374459463324,14,16,0.3111111111111111,0.35555555555555557,33.333333333333336,Medium,Hartman-Perez,Dermatologist,Massachusetts
54,34,838529.0,24662.617647058825,606577.1572084855,23329.89066186483,8,17,0.23529411764705882,0.5,36.76470588235294,Medium,Hogan-Rojas,General Practitioner,Connecticut
55,41,1190113.426989142,29027.156755832733,722645.4481819705,23311.143489740985,10,14,0.24390243902439024,0.34146341463414637,29.26829268292683,Medium,Huffman-Wallace,General Practitioner,Idaho
56,36,940099.0,26113.86111111111,668263.2732790803,24750.491602928898,9,15,0.25,0.4166666666666667,33.333333333333336,Medium,Lawrence and Sons,Oncologist,Nevada
57,42,1082454.0,25772.714285714286,790044.3772342557,26334.81257447519,12,18,0.2857142857142857,0.42857142857142855,35.71428571428571,Medium,Johnson-Fox,Dermatologist,Colorado
58,29,735076.0,25347.44827586207,574255.6095482485,23927.317064510353,5,12,0.1724137931034483,0.41379310344827586,29.310344827586206,Medium,Wilson-Hansen,Orthopedic,Indiana
59,38,953034.0,25079.842105263157,523718.075335976,22770.351101564174,15,13,0.39473684210526316,0.34210526315789475,36.84210526315789,Medium,Watson PLC,Cardiologist,Hawaii
60,45,1472482.1269838007,32721.82504408446,822690.9641293237,23505.456117980677,10,18,0.2222222222222222,0.4,31.11111111111111,Medium,Herrera-Gonzalez,Orthopedic,Oklahoma
61,37,1025714.3768956455,27722.010186368796,724564.767532801,24152.158917760033,7,14,0.1891891891891892,0.3783783783783784,28.37837837837838,Medium,Hardy Group,Cardiologist,Texas
62,40,975568.0,24389.2,640445.6519730667,22873.058999038098,12,11,0.3,0.275,28.75,Medium,Bell-Burton,Oncologist,Texas
63,40,986741.0,24668.525,804729.1311030221,22353.58697508395,4,21,0.1,0.525,31.25,Medium,Lee PLC,General Practitioner,Missouri
64,34,672152.0,19769.176470588234,466147.1941109677,17264.710892998803,7,13,0.20588235294117646,0.38235294117647056,29.41176470588235,Medium,"Sullivan, Gentry and Ortega",Cardiologist,Florida
65,33,876903.0,26572.81818181818,553121.3265555727,23046.72193981553,9,11,0.2727272727272727,0.3333333333333333,30.303030303030297,Medium,Smith-Simmons,General Practitioner,Mississippi
66,32,980469.3420951399,30639.666940473122,525454.4177526792,21893.9340730283,8,10,0.25,0.3125,28.125,Medium,Clark-Campos,General Practitioner,Maryland
67,43,874691.0,20341.6511627907,518577.49287402595,17285.9164291342,13,19,0.3023255813953488,0.4418604651162791,37.20930232558139,Medium,Norton-Smith,Orthopedic,North Dakota
68,44,1057399.0,24031.795454545456,623543.5125899576,21501.50043413647,15,16,0.3409090909090909,0.36363636363636365,35.22727272727273,Medium,Munoz-Colon,Cardiologist,Georgia
69,37,850513.0,22986.837837837837,570494.6910383396,22819.787641533585,12,13,0.32432432432432434,0.35135135135135137,33.78378378378379,Medium,Wallace and Sons,Cardiologist,Idaho
70,43,992417.0,23079.46511627907,570680.438181993,20381.444220785463,15,15,0.3488372093023256,0.3488372093023256,34.883720930232556,Medium,"Reeves, Banks and Johnson",General Practitioner,South Dakota
71,45,1192346.0,26496.577777777777,732962.054055064,23643.937227582708,14,10,0.3111111111111111,0.2222222222222222,26.666666666666664,Medium,Smith PLC,Cardiologist,Louisiana
72,48,1096504.6122267777,22843.846088057868,656946.1684358048,19321.946130464847,14,18,0.2916666666666667,0.375,33.333333333333336,Medium,Howell and Sons,Dermatologist,Colorado
73,35,798351.0,22810.02857142857,570327.2990251571,20368.832108041326,7,15,0.2,0.42857142857142855,31.428571428571427,Medium,"Lee, Morris and Stevens",Oncologist,New York
74,39,1068152.0,27388.51282051282,734094.9249933191,25313.6181032179,10,15,0.2564102564102564,0.38461538461538464,32.05128205128205,Medium,Frazier and Sons,Dermatologist,Texas
75,41,1044426.0,25473.80487804878,774048.9502153917,26691.343110875576,12,14,0.2926829268292683,0.34146341463414637,31.70731707317073,Medium,"Estes, Mckinney and Barber",Orthopedic,New Hampshire
76,42,1084712.0,25826.47619047619,758635.0723921438,23707.346012254493,10,10,0.23809523809523808,0.23809523809523808,23.809523809523807,Medium,Rice-Johnson,Orthopedic,Oregon
77,33,832045.0,25213.484848484848,363101.54122707713,20172.30784594873,15,11,0.45454545454545453,0.3333333333333333,39.39393939393939,Medium,Hall Ltd,Dermatologist,South Carolina
78,26,618819.9193847833,23800.766130183973,442081.6271039272,24560.09039466262,8,9,0.3076923076923077,0.34615384615384615,32.69230769230769,Medium,Johnson-Waller,Oncologist,Rhode Island
79,41,965049.0,23537.780487804877,589752.4073181701,21062.58597564893,13,12,0.3170731707317073,0.2926829268292683,30.487804878048777,Medium,"Gaines, Perry and Crane",Cardiologist,Idaho
80,41,1118971.7322016503,27291.993468332934,635454.7305444259,21181.824351480864,11,10,0.2682926829268293,0.24390243902439024,25.609756097560975,Medium,Glover Ltd,Oncologist,Idaho
81,42,1008653.0,24015.54761904762,736168.8546418828,25385.132918685613,13,8,0.30952380952380953,0.19047619047619047,25.0,Medium,"Edwards, Pham and Pineda",Oncologist,Maryland
82,29,720893.0,24858.379310344826,474070.4554417345,21548.65706553339,7,14,0.2413793103448276,0.4827586206896552,36.206896551724135,Medium,Smith PLC,Cardiologist,Hawaii
83,40,1177796.975901655,29444.924397541374,748408.8031290707,23387.77509778346,8,19,0.2,0.475,33.75,Medium,Bell Inc,Cardiologist,Maryland
84,39,1039538.0386063256,26654.8215027263,672520.3158009035,21016.259868778234,7,19,0.1794871794871795,0.48717948717948717,33.33333333333333,Medium,"Powers, Mason and Jennings",Cardiologist,Georgia
85,35,1097157.8524152285,31347.36721186367,652216.8960435061,22490.237794603658,6,15,0.17142857142857143,0.42857142857142855,30.0,Medium,"Ortega, Cole and Wood",Cardiologist,Wyoming
86,43,1011332.0,23519.3488372093,812615.0852677501,23217.57386479286,8,17,0.18604651162790697,0.3953488372093023,29.069767441860463,Medium,"Larson, Deleon and Howard",General Practitioner,South Carolina
87,46,1258795.0,27365.108695652172,840820.5672283404,23356.126867453902,10,22,0.21739130434782608,0.4782608695652174,34.78260869565217,Medium,Weaver-Roberson,Dermatologist,Rhode Island
88,35,832931.0,23798.02857142857,539946.958244658,21597.87832978632,10,12,0.2857142857142857,0.34285714285714286,31.428571428571427,Medium,"Rogers, Lane and Floyd",General Practitioner,Wisconsin
89,25,850756.914087843,34030.27656351372,499014.02510786155,26263.896058308503,6,13,0.24,0.52,38.0,Medium,"Mccarty, Green and Raymond",Dermatologist,Illinois
90,46,917329.0,19941.934782608696,644652.6656935046,17423.045018743367,9,15,0.1956521739130435,0.32608695652173914,26.086956521739133,Medium,Rodriguez Group,Dermatologist,Maine
91,33,951036.9730211049,28819.302212760755,554849.5342185191,25220.43337356905,11,11,0.3333333333333333,0.3333333333333333,33.33333333333333,Medium,Jenkins PLC,Dermatologist,Utah
92,39,1104604.0,28323.17948717949,694851.0120408186,24816.107572886376,11,16,0.28205128205128205,0.41025641025641024,34.61538461538461,Medium,Graves Inc,Oncologist,Texas
93,34,919016.0,27029.882352941175,610932.7611656972,23497.413890988355,8,19,0.23529411764705882,0.5588235294117647,39.705882352941174,Medium,"Salazar, Howard and Hernandez",Dermatologist,Maine
94,33,912393.0,27648.272727272728,616572.7846424483,25690.532693435347,9,14,0.2727272727272727,0.42424242424242425,34.848484848484844,Medium,Williams-Moore,Cardiologist,Pennsylvania
95,51,1200138.0396456416,23532.118424424345,561595.0349287494,19365.346032025842,22,11,0.43137254901960786,0.21568627450980393,32.352941176470594,Medium,"Garza, Ellis and Salazar",Oncologist,Missouri
96,53,1413630.0,26672.264150943396,1073255.2479449331,23850.116620998513,8,19,0.1509433962264151,0.3584905660377358,25.471698113207545,Medium,Jefferson LLC,Oncologist,Wisconsin
97,34,849501.0,24985.323529411766,617005.2966471345,23730.97294796671,8,18,0.23529411764705882,0.5294117647058824,38.23529411764706,Medium,"Larson, Harris and Villegas",General Practitioner,Michigan
98,48,1122830.0,23392.291666666668,671456.4821834565,18651.56894954046,12,16,0.25,0.3333333333333333,29.166666666666664,Medium,Callahan and Sons,Orthopedic,Utah
99,40,957873.0,23946.825,620984.8983351679,21413.2723563851,11,12,0.275,0.3,28.75,Medium,"Clark, Medina and Moreno",Oncologist,Washington
100,33,935422.0,28346.121212121212,580709.4266237961,24196.226109324838,9,13,0.2727272727272727,0.3939393939393939,33.33333333333333,Medium,"Rich, Mccormick and Baldwin",Cardiologist,Rhode Island
101,30,907755.0,30258.5,458782.18758511276,25487.899310284043,12,9,0.4,0.3,35.0,Medium,Scott Inc,Oncologist,West Virginia
102,41,904601.0,22063.439024390245,671443.3019783667,21659.46135414086,10,18,0.24390243902439024,0.43902439024390244,34.146341463414636,Medium,Baker-Greene,General Practitioner,Montana
103,34,927054.2798690001,27266.302349088237,517525.73350257834,22501.11884793819,11,15,0.3235294117647059,0.4411764705882353,38.23529411764706,Medium,Watkins Inc,Oncologist,Arkansas
104,31,742112.0,23939.09677419355,450511.6247107812,23711.138142672695,12,11,0.3870967741935484,0.3548387096774194,37.096774193548384,Medium,Walsh-Lozano,Orthopedic,Georgia
105,48,1015214.0,21150.291666666668,693844.7240821591,19824.134973775974,13,21,0.2708333333333333,0.4375,35.416666666666664,Medium,Johnson-Herrera,Dermatologist,Florida
106,46,1025179.0,22286.5,702488.4685302137,19513.568570283715,10,14,0.21739130434782608,0.30434782608695654,26.086956521739133,Medium,"Khan, Pugh and Gross",Oncologist,Montana
107,39,1073146.0,27516.5641025641,768942.7429722198,25631.42476574066,9,20,0.23076923076923078,0.5128205128205128,37.179487179487175,Medium,Marshall Ltd,General Practitioner,Minnesota
108,46,1279771.7120575414,27821.124175163943,817819.9408671582,21521.577391241008,8,20,0.17391304347826086,0.43478260869565216,30.434782608695652,Medium,Hernandez Inc,Orthopedic,Massachusetts
109,45,1334956.1974403926,29665.693276453167,756501.1225583204,25216.704085277346,15,12,0.3333333333333333,0.26666666666666666,30.0,Medium,Kaiser-Arroyo,Dermatologist,Vermont
110,45,1067571.0,23723.8,684436.5295803798,20740.500896375146,12,11,0.26666666666666666,0.24444444444444444,25.555555555555557,Medium,Baker-Faulkner,Oncologist,Pennsylvania
111,45,1368626.9878218938,30413.93306270875,876124.9227799946,25032.14065085699,10,16,0.2222222222222222,0.35555555555555557,28.88888888888889,Medium,"Johnson, Shepherd and Hoffman",Cardiologist,Utah
112,30,770595.705211635,25686.5235070545,513096.5532575354,23322.570602615244,8,8,0.26666666666666666,0.26666666666666666,26.666666666666668,Medium,"Miller, Hunt and Hill",Oncologist,Nebraska
113,45,1244058.134197215,27645.73631549367,798978.9693175941,24211.483918714974,12,15,0.26666666666666666,0.3333333333333333,30.0,Medium,Williams LLC,Cardiologist,Texas
114,24,563335.0,23472.291666666668,350274.5500899527,25019.61072071091,10,10,0.4166666666666667,0.4166666666666667,41.66666666666667,Medium,"Ramos, Montgomery and Byrd",General Practitioner,Oregon
115,47,1230072.384135766,26171.75285395247,781715.8057013305,22991.641344156782,13,15,0.2765957446808511,0.3191489361702128,29.787234042553195,Medium,"Cooke, Wilson and Watson",Dermatologist,Alabama
116,50,1222962.0,24459.24,806433.5990188165,20160.83997547041,10,16,0.2,0.32,26.0,Medium,Jackson-Miller,Oncologist,Colorado
117,37,971054.1645205773,26244.70714920479,658728.6698357818,24397.358142065994,10,19,0.2702702702702703,0.5135135135135135,39.189189189189186,Medium,Brown-Lopez,Dermatologist,Georgia
118,36,822723.0,22853.416666666668,512257.07052771206,22272.046544683133,13,9,0.3611111111111111,0.25,30.555555555555554,Medium,Booker Ltd,Cardiologist,Massachusetts
119,35,848303.0,24237.22857142857,567707.8210915506,21834.91619582887,9,16,0.2571428571428571,0.45714285714285713,35.714285714285715,Medium,"Buckley, Simmons and Brooks",Orthopedic,Minnesota
120,48,1136788.0,23683.083333333332,815687.4101294442,22657.983614706784,12,15,0.25,0.3125,28.125,Medium,Miller-Morton,General Practitioner,Ohio
121,31,990692.2779765619,31957.815418598773,646894.5194569246,25875.780778276985,6,11,0.1935483870967742,0.3548387096774194,27.41935483870968,Medium,"Riggs, Myers and Richardson",Oncologist,California
122,37,968435.0,26173.91891891892,565865.5908798198,22634.623635192795,12,14,0.32432432432432434,0.3783783783783784,35.13513513513514,Medium,Simmons Inc,Orthopedic,Arkansas
123,32,822215.0,25694.21875,535339.9802454512,22305.832510227134,8,11,0.25,0.34375,29.6875,Medium,"Rice, Adams and Higgins",General Practitioner,California
124,36,1061746.0,29492.944444444445,833889.0017206747,27796.300057355824,6,19,0.16666666666666666,0.5277777777777778,34.72222222222222,Medium,Chambers and Sons,Cardiologist,Colorado
125,45,1147406.1528828924,25497.91450850872,713365.8244625693,20381.880698930552,10,14,0.2222222222222222,0.3111111111111111,26.666666666666664,Medium,Miller Ltd,General Practitioner,Rhode Island
126,39,858380.0,22009.74358974359,530946.9214929782,18308.51453424063,10,14,0.2564102564102564,0.358974358974359,30.769230769230766,Medium,Spence-Morton,Dermatologist,Nebraska
127,34,862849.1394856409,25377.915867224732,550967.727293813,21191.066434377422,8,8,0.23529411764705882,0.23529411764705882,23.52941176470588,Medium,Stanley-Petty,Cardiologist,Alaska
128,35,1067022.9504987365,30486.370014249613,538110.8958813276,22421.287328388647,11,12,0.3142857142857143,0.34285714285714286,32.857142857142854,Medium,Myers-Holloway,General Practitioner,New York
129,42,1027039.0,24453.309523809523,615133.4831033915,21211.499417358325,13,10,0.30952380952380953,0.23809523809523808,27.38095238095238,Medium,"Martinez, Rodriguez and Cole",Dermatologist,Kentucky
130,43,1179428.2132032756,27428.563097750593,868687.7136313223,24819.648960894923,8,20,0.18604651162790697,0.46511627906976744,32.55813953488372,Medium,Nunez-White,Dermatologist,Missouri
131,46,1145225.0,24896.195652173912,801272.8733607616,25039.7772925238,14,20,0.30434782608695654,0.43478260869565216,36.95652173913044,Medium,Cole and Sons,Oncologist,Wisconsin
132,50,1310319.0996563246,26206.38199312649,809489.5462731061,23128.272750660177,15,16,0.3,0.32,31.0,Medium,Davis PLC,Oncologist,Hawaii
133,40,1068316.0,26707.9,791045.8167745171,23971.08535680355,7,16,0.175,0.4,28.75,Medium,"Lopez, White and Franco",General Practitioner,New York
134,40,1185487.9462543977,29637.198656359942,639959.3942581689,22855.69265207746,12,15,0.3,0.375,33.75,Medium,Morgan-Barajas,Dermatologist,Vermont
135,42,1265993.0,30142.690476190477,888684.5100669598,26929.83363839272,9,15,0.21428571428571427,0.35714285714285715,28.57142857142857,Medium,Rhodes-Kent,Orthopedic,Indiana
136,27,525416.0,19459.85185185185,304588.9998697866,16030.999993146665,8,9,0.2962962962962963,0.3333333333333333,31.481481481481477,Medium,Anderson-Petty,Dermatologist,Rhode Island
137,38,946586.0,24910.157894736843,558260.929553898,21471.574213611464,12,12,0.3157894736842105,0.3157894736842105,31.57894736842105,Medium,"Davis, Duran and Vega",Cardiologist,Alabama
138,41,1099036.0,26805.756097560974,670324.100096873,23940.14643203118,13,12,0.3170731707317073,0.2926829268292683,30.487804878048777,Medium,"Brown, Clay and Mooney",General Practitioner,North Carolina
139,41,1104727.0,26944.560975609755,810262.4925595181,26137.499759984454,10,20,0.24390243902439024,0.4878048780487805,36.58536585365854,Medium,"Keller, Lopez and Ward",General Practitioner,Washington
140,33,1018570.0,30865.757575757576,699018.256059505,30392.0980895437,10,11,0.30303030303030304,0.3333333333333333,31.818181818181817,Medium,"Myers, Sanders and Ford",Oncologist,Maine
141,37,1018500.0,27527.027027027027,812729.6883702705,23903.814363831487,3,15,0.08108108108108109,0.40540540540540543,24.324324324324323,Medium,Becker-Davis,Dermatologist,North Dakota
142,33,844462.0,25589.757575757576,520660.81557915814,22637.42676431122,10,14,0.30303030303030304,0.42424242424242425,36.36363636363636,Medium,Reyes-Strickland,Oncologist,Nebraska
143,46,1327086.0,28849.695652173912,1011842.1957530369,27347.0863717037,9,20,0.1956521739130435,0.43478260869565216,31.52173913043478,Medium,Ramirez-Parker,Dermatologist,New Hampshire
144,44,1155909.0,26270.659090909092,723492.2441887471,23338.459489959587,13,13,0.29545454545454547,0.29545454545454547,29.545454545454547,Medium,"Powell, Greene and Chapman",General Practitioner,Virginia
145,39,1063004.0,27256.51282051282,703399.6237305512,28135.98494922205,14,16,0.358974358974359,0.41025641025641024,38.46153846153846,Medium,Brown-Harris,Cardiologist,California
146,37,1017127.8232501685,27489.941168923473,569145.1265936502,22765.805063746007,12,11,0.32432432432432434,0.2972972972972973,31.08108108108108,Medium,Salazar LLC,Cardiologist,Oregon
147,52,1441665.9346066066,27724.344896280898,918502.6215120485,24824.39517600131,15,20,0.28846153846153844,0.38461538461538464,33.65384615384615,Medium,Reid-Lindsey,Cardiologist,Tennessee
148,40,1121082.0,28027.05,760954.1796044837,26239.799296706333,11,18,0.275,0.45,36.25,Medium,Baker PLC,General Practitioner,Arkansas
149,32,836015.0,26125.46875,571637.8076196021,23818.241984150085,8,10,0.25,0.3125,28.125,Medium,"Brown, Escobar and Pollard",Oncologist,Kansas
150,32,709829.0,22182.15625,548511.4842385363,24932.340192660744,10,10,0.3125,0.3125,31.25,Medium,Lee-Reyes,Dermatologist,Washington
151,41,1152212.0,28102.731707317074,843484.6589621501,25560.141180671217,8,17,0.1951219512195122,0.4146341463414634,30.487804878048777,Medium,Sanchez LLC,Oncologist,Washington
152,35,930119.0,26574.82857142857,668985.0013599065,24777.22227258913,8,14,0.22857142857142856,0.4,31.42857142857143,Medium,Baker LLC,General Practitioner,Virginia
153,42,1088909.7436232236,25926.42246721961,802220.6861020622,24309.71776066855,9,14,0.21428571428571427,0.3333333333333333,27.38095238095238,Medium,Francis-Durham,Oncologist,West Virginia
154,38,948355.2082498008,24956.716006573708,703610.9982730616,21987.843696033175,6,16,0.15789473684210525,0.42105263157894735,28.94736842105263,Medium,Wright-Sanders,Orthopedic,Mississippi
155,43,1127857.747355847,26229.249938508066,710392.1667687501,22915.876347379035,12,19,0.27906976744186046,0.4418604651162791,36.04651162790698,Medium,"Ballard, Collins and King",Dermatologist,Wisconsin
156,40,1050868.0,26271.7,669770.448620995,23095.532711068794,11,17,0.275,0.425,35.0,Medium,Pierce-Adams,General Practitioner,Nevada
157,39,1161961.0,29793.871794871793,853050.9997220375,26657.84374131367,7,15,0.1794871794871795,0.38461538461538464,28.205128205128208,Medium,Bonilla-Williams,Orthopedic,Connecticut
158,49,1360670.0,27768.775510204083,892124.6965885471,24111.47828617695,12,17,0.24489795918367346,0.3469387755102041,29.591836734693878,Medium,Morales-Owens,Oncologist,Minnesota
159,33,963642.3697470678,29201.283931729326,633104.2378766628,24350.162995256258,7,8,0.21212121212121213,0.24242424242424243,22.727272727272727,Medium,"James, Travis and Hoffman",Cardiologist,Wisconsin
160,48,1381532.1041598388,28781.918836663306,1138990.6261124099,27118.824431247853,6,22,0.125,0.4583333333333333,29.166666666666664,Medium,Andrade LLC,Oncologist,Louisiana
161,34,841385.6749315641,24746.63749798718,622506.0347184688,22232.358382802457,6,12,0.17647058823529413,0.35294117647058826,26.47058823529412,Medium,Rasmussen Group,General Practitioner,Georgia
162,43,964116.0,22421.302325581397,573695.2993037574,18506.29997754056,12,16,0.27906976744186046,0.37209302325581395,32.55813953488372,Medium,Mathis-Kelly,Cardiologist,Virginia
163,37,1155644.7621310828,31233.642219758996,613537.7709354965,24541.51083741986,12,14,0.32432432432432434,0.3783783783783784,35.13513513513514,Medium,Parker and Sons,Oncologist,Rhode Island
164,37,1025400.625993559,27713.53043225835,756796.698298198,22933.233281763576,4,15,0.10810810810810811,0.40540540540540543,25.675675675675677,Medium,"Carter, Hayes and Morales",General Practitioner,California
165,34,841891.0,24761.5,571340.6775987652,20405.0241999559,6,13,0.17647058823529413,0.38235294117647056,27.941176470588236,Medium,Robinson Ltd,Orthopedic,North Dakota
166,40,984826.0,24620.65,582096.4425110478,20072.291121070615,11,15,0.275,0.375,32.5,Medium,"Sosa, Young and Allen",Orthopedic,Illinois
167,46,1162363.0,25268.760869565216,857088.6702441009,23164.558655245968,9,20,0.1956521739130435,0.43478260869565216,31.52173913043478,Medium,Parker-Patton,Cardiologist,Wisconsin
168,41,880265.7665044484,21469.896744010937,567857.8955101013,19581.306741727632,12,16,0.2926829268292683,0.3902439024390244,34.14634146341463,Medium,"Underwood, Gray and Payne",Oncologist,Utah
169,39,1025466.0,26294.0,731553.1280653904,22861.03525204345,7,16,0.1794871794871795,0.41025641025641024,29.487179487179485,Medium,Williams-Andrews,Orthopedic,Louisiana
170,42,1186428.061047793,28248.287167804592,839381.8567582865,23982.338764522472,7,18,0.16666666666666666,0.42857142857142855,29.76190476190476,Medium,Shah Ltd,Oncologist,Illinois
171,41,1311290.4169638988,31982.693096680458,794773.5303958374,20915.092905153615,3,21,0.07317073170731707,0.5121951219512195,29.268292682926827,Medium,Schultz Ltd,Orthopedic,Colorado
172,51,1089911.0,21370.803921568626,495505.2296875442,16516.84098958481,21,14,0.4117647058823529,0.27450980392156865,34.31372549019608,Medium,"Hendrix, Bell and Stout",General Practitioner,Maine
173,39,967302.0,24802.615384615383,468564.27340865834,21298.376064029926,17,13,0.4358974358974359,0.3333333333333333,38.46153846153846,Medium,Ross-Young,Cardiologist,Mississippi
174,42,1192033.0900883365,28381.740240198487,715590.6549946413,27522.717499793896,16,13,0.38095238095238093,0.30952380952380953,34.523809523809526,Medium,Bell-Schroeder,Cardiologist,Michigan
175,47,1171462.9380474514,24924.74336271173,635722.2991600431,19866.321848751348,15,19,0.3191489361702128,0.40425531914893614,36.170212765957444,Medium,Evans Group,Dermatologist,Vermont
176,43,1162844.0,27042.883720930233,767386.6154661477,23254.139862610537,10,13,0.23255813953488372,0.3023255813953488,26.744186046511626,Medium,Perez PLC,Orthopedic,Montana
177,46,1167455.0,25379.456521739132,826367.9351847974,22334.268518508037,9,17,0.1956521739130435,0.3695652173913043,28.26086956521739,Medium,"Perry, Stevens and Diaz",Orthopedic,West Virginia
178,45,1143860.0,25419.11111111111,715527.6546780595,23081.537247679338,14,19,0.3111111111111111,0.4222222222222222,36.666666666666664,Medium,"Payne, Ramirez and Strong",Dermatologist,Washington
179,48,1284853.0,26767.770833333332,919312.1743090024,23572.107033564163,9,14,0.1875,0.2916666666666667,23.958333333333336,Medium,Baker and Sons,Oncologist,Michigan
180,40,952329.3065227206,23808.232663068015,658172.8546226007,21231.382407180667,9,18,0.225,0.45,33.75,Medium,Miller-Weaver,Cardiologist,Mississippi
181,30,655400.0,21846.666666666668,351092.76945204346,17554.63847260217,10,11,0.3333333333333333,0.36666666666666664,35.0,Medium,"Zuniga, Smith and Parker",Cardiologist,Minnesota
182,48,1259499.4778559685,26239.572455332676,918276.5171207543,24818.284246506875,11,25,0.22916666666666666,0.5208333333333334,37.5,Medium,Roberts and Sons,Cardiologist,New Mexico
183,34,1016148.0408616421,29886.707084165944,559811.0516500366,22392.442066001462,9,10,0.2647058823529412,0.29411764705882354,27.94117647058824,Medium,"Wilson, Luna and Andrews",General Practitioner,Massachusetts
184,37,843774.0,22804.702702702703,550730.5166255037,20397.42654168532,10,12,0.2702702702702703,0.32432432432432434,29.729729729729733,Medium,Brown-Flowers,Oncologist,Wyoming
185,48,1084944.0,22603.0,591313.9712826333,19074.644234923653,17,21,0.3541666666666667,0.4375,39.583333333333336,Medium,Snyder-Zamora,Dermatologist,Rhode Island
186,33,1025901.0,31087.909090909092,694731.0127698112,28947.125532075468,9,12,0.2727272727272727,0.36363636363636365,31.81818181818182,Medium,Ward Inc,Cardiologist,Washington
187,51,1402004.066309251,27490.275809985313,871918.099082166,22945.21313374121,13,17,0.2549019607843137,0.3333333333333333,29.411764705882348,Medium,Bauer-Jackson,Orthopedic,North Carolina
188,42,1038590.0,24728.333333333332,615352.4788078598,21219.050993374476,13,15,0.30952380952380953,0.35714285714285715,33.333333333333336,Medium,"Daniels, Mcdonald and Mcgrath",Orthopedic,Minnesota
189,27,886289.7789637097,32825.54736902629,577794.9254000656,25121.518495655026,4,10,0.14814814814814814,0.37037037037037035,25.925925925925924,Medium,"Martinez, Collins and Hansen",Oncologist,New Hampshire
190,36,1051006.3523303764,29194.620898066012,556922.4387934392,22276.897551737566,11,12,0.3055555555555556,0.3333333333333333,31.944444444444443,Medium,Moreno-Warren,General Practitioner,Indiana
191,42,876924.2017083156,20879.147659721802,659743.9838763765,20616.999496136767,10,16,0.23809523809523808,0.38095238095238093,30.95238095238095,Medium,Strong-Rivera,Dermatologist,Alabama
192,43,1038451.0,24150.023255813954,751691.1368064012,23490.348025200037,11,12,0.2558139534883721,0.27906976744186046,26.74418604651163,Medium,"Holland, Holt and Glover",Cardiologist,New York
193,35,603767.0,17250.485714285714,411126.0436633434,15226.890506049756,8,11,0.22857142857142856,0.3142857142857143,27.142857142857142,Medium,"Barnett, Brown and Davis",Dermatologist,Michigan
194,34,917780.498782809,26993.544081847325,473137.5197385263,20571.196510370708,11,11,0.3235294117647059,0.3235294117647059,32.35294117647059,Medium,Wilson-Jennings,Dermatologist,Delaware
195,46,1142365.2459849454,24834.02708662925,679016.7770461298,22633.892568204326,16,20,0.34782608695652173,0.43478260869565216,39.130434782608695,Medium,Harris Ltd,Orthopedic,Delaware
196,43,1066550.0,24803.488372093023,735686.4767901527,23731.82183194041,12,21,0.27906976744186046,0.4883720930232558,38.372093023255815,Medium,"Herman, White and Brown",General Practitioner,New Mexico
197,40,1070675.0453083497,26766.87613270874,600101.387056698,20003.3795685566,10,23,0.25,0.575,41.25,Medium,Reynolds-Jackson,Cardiologist,Iowa
198,36,1026223.0,28506.194444444445,618605.2160827019,24744.208643308077,11,11,0.3055555555555556,0.3055555555555556,30.555555555555557,Medium,Lee-Morales,Orthopedic,Nevada
199,46,1406253.0,30570.717391304348,946931.5318203539,30546.17844581787,15,17,0.32608695652173914,0.3695652173913043,34.78260869565217,Medium,Brown Group,Orthopedic,Idaho
200,34,899406.0,26453.117647058825,710216.4932239698,24490.223904274822,5,14,0.14705882352941177,0.4117647058823529,27.941176470588232,Medium,Brown Ltd,Orthopedic,Illinois
201,37,1230528.0,33257.51351351351,788802.4636545236,32866.76931893848,13,8,0.35135135135135137,0.21621621621621623,28.37837837837838,Medium,"Cowan, Mathis and Williams",Orthopedic,Alabama
202,44,965076.0,21933.545454545456,792446.9564966233,21417.48531071955,7,18,0.1590909090909091,0.4090909090909091,28.40909090909091,Medium,Bailey PLC,Dermatologist,Nevada
203,36,948910.0,26358.61111111111,666570.902495198,23806.103660542783,8,13,0.2222222222222222,0.3611111111111111,29.166666666666664,Medium,Flores PLC,General Practitioner,Ohio
204,38,867699.0,22834.184210526317,524994.8685133496,18749.816732619627,10,14,0.2631578947368421,0.3684210526315789,31.578947368421048,Medium,Smith-Walker,Dermatologist,Tennessee
205,39,787861.0,20201.5641025641,487448.3775850106,16248.279252833687,9,17,0.23076923076923078,0.4358974358974359,33.333333333333336,Medium,"Cook, Mcpherson and Baker",General Practitioner,Wyoming
206,40,1192409.0,29810.225,837625.9493792127,27920.86497930709,10,18,0.25,0.45,35.0,Medium,Gonzalez Group,General Practitioner,Pennsylvania
207,40,1226209.696104341,30655.242402608525,645366.5276681691,21512.21758893897,10,10,0.25,0.25,25.0,Medium,"Woods, Johnson and Gross",Cardiologist,Texas
208,44,1102684.0,25061.0,721323.648362996,23268.5047859031,13,15,0.29545454545454547,0.3409090909090909,31.818181818181817,Medium,"Quinn, Holder and Mcguire",Dermatologist,Hawaii
209,43,1202299.0,27960.441860465115,886181.2362270888,25319.463892202537,8,13,0.18604651162790697,0.3023255813953488,24.418604651162788,Medium,Holland Ltd,Oncologist,North Dakota
210,35,917759.0,26221.685714285715,670185.9648440497,24821.702401631468,8,19,0.22857142857142856,0.5428571428571428,38.57142857142857,Medium,Greer Group,General Practitioner,North Dakota
211,38,901407.0,23721.236842105263,734431.4020540421,21600.923589824768,4,16,0.10526315789473684,0.42105263157894735,26.31578947368421,Medium,Brown-Garcia,Oncologist,New Mexico
212,47,1342888.8655052264,28572.103521387795,938279.8274780007,23456.995686950017,7,20,0.14893617021276595,0.425531914893617,28.72340425531915,Medium,"Hobbs, Brown and White",Orthopedic,Arizona
213,30,787594.5158282851,26253.150527609505,529409.3431369384,20361.89781295917,4,14,0.13333333333333333,0.4666666666666667,30.0,Medium,Long Ltd,General Practitioner,Oregon
214,53,1315182.0,24814.754716981133,741523.2127184621,22470.400385407942,20,12,0.37735849056603776,0.22641509433962265,30.18867924528302,Medium,Lopez Group,General Practitioner,South Dakota
215,36,917451.473044568,25484.763140126888,568991.6044875104,21073.76312916705,9,16,0.25,0.4444444444444444,34.72222222222222,Medium,Lee Inc,Dermatologist,Missouri
216,48,1242884.9753511562,25893.436986482422,791723.4312741501,21992.31753539306,12,17,0.25,0.3541666666666667,30.208333333333336,Medium,"Berry, Wilson and Haney",General Practitioner,Ohio
217,43,1131898.0,26323.20930232558,735913.1563929184,21644.50459979172,9,12,0.20930232558139536,0.27906976744186046,24.41860465116279,Medium,"Rice, Yu and Rowe",Oncologist,Illinois
218,43,1334085.3192586966,31025.239982760388,701467.1731710808,25980.265673002992,16,15,0.37209302325581395,0.3488372093023256,36.04651162790698,Medium,"Graves, Lowe and Reese",General Practitioner,Delaware
219,43,1020921.0,23742.3488372093,730314.3190910333,21479.832914442155,9,15,0.20930232558139536,0.3488372093023256,27.906976744186046,Medium,Little-Freeman,Cardiologist,Alaska
220,39,1125513.0,28859.30769230769,855860.2417231356,25935.158840095017,6,21,0.15384615384615385,0.5384615384615384,34.61538461538461,Medium,Garrett-Little,Cardiologist,Florida
221,42,952707.0,22683.5,590800.152041147,20372.41903590162,13,15,0.30952380952380953,0.35714285714285715,33.333333333333336,Medium,"Sullivan, Olsen and Mejia",Dermatologist,Idaho
222,41,1142094.0,27855.951219512193,671557.0331934468,25829.116661286414,15,17,0.36585365853658536,0.4146341463414634,39.02439024390244,Medium,Mcdonald PLC,Cardiologist,Indiana
223,43,1094527.0,25454.116279069767,774721.7346227564,23476.416200689586,10,15,0.23255813953488372,0.3488372093023256,29.069767441860463,Medium,Ellison and Sons,General Practitioner,Wisconsin
224,42,929639.0969378587,22134.26421280616,633168.2296895548,17112.65485647445,5,26,0.11904761904761904,0.6190476190476191,36.904761904761905,Medium,Spencer PLC,Cardiologist,Florida
225,33,811100.0,24578.78787878788,376509.0027010444,19816.26330005497,14,11,0.42424242424242425,0.3333333333333333,37.878787878787875,Medium,Owens-Hall,Orthopedic,West Virginia
226,37,1033011.7400795035,27919.23621836496,644695.4064377559,25787.816257510236,12,12,0.32432432432432434,0.32432432432432434,32.432432432432435,Medium,Chavez Group,Dermatologist,New Mexico
227,37,1020605.700637554,27583.937855069027,532305.2469400091,23143.706388696046,14,17,0.3783783783783784,0.4594594594594595,41.891891891891895,Medium,Duke Group,General Practitioner,Montana
228,42,1274865.7378219224,30353.9461386172,742230.5027703556,23194.70321157361,10,20,0.23809523809523808,0.47619047619047616,35.71428571428571,Medium,"Anderson, Anderson and Maldonado",Cardiologist,Florida
229,36,703415.0,19539.305555555555,486829.1808209508,17386.7564578911,8,13,0.2222222222222222,0.3611111111111111,29.166666666666664,Medium,Howard PLC,Orthopedic,Virginia
230,36,839367.0,23315.75,627232.8135396758,21628.71770826468,7,15,0.19444444444444445,0.4166666666666667,30.555555555555557,Medium,Jensen LLC,Cardiologist,California
231,38,1249833.1719953574,32890.34663145677,802565.0252751003,26752.16750917001,8,11,0.21052631578947367,0.2894736842105263,25.0,Medium,Ramirez Ltd,Cardiologist,Virginia
232,39,1071641.0,27477.97435897436,786384.7891367292,24574.524660522788,7,14,0.1794871794871795,0.358974358974359,26.923076923076923,Medium,Pruitt Group,Cardiologist,Texas
233,42,1123948.0,26760.666666666668,842008.5482666949,24057.38709333414,7,20,0.16666666666666666,0.47619047619047616,32.14285714285714,Medium,"Macdonald, Ewing and Morris",General Practitioner,North Carolina
234,44,1205851.412533267,27405.713921210612,724491.0005276788,26833.00001954366,17,14,0.38636363636363635,0.3181818181818182,35.22727272727273,Medium,"Hunt, Jones and Roberson",Dermatologist,Arizona
235,37,1027228.0,27762.91891891892,704408.234501733,24289.93912074941,8,20,0.21621621621621623,0.5405405405405406,37.83783783783784,Medium,Andrews-Turner,Orthopedic,Hawaii
236,43,1132808.0,26344.372093023256,636470.7949035357,22731.09981798342,15,13,0.3488372093023256,0.3023255813953488,32.55813953488372,Medium,Powell Ltd,Dermatologist,Alabama
237,43,1126450.0,26196.511627906977,672865.6608619689,21705.34389877319,12,15,0.27906976744186046,0.3488372093023256,31.3953488372093,Medium,Huynh PLC,Dermatologist,Tennessee
238,40,1064478.0,26611.95,759807.0980225349,26200.244759397752,11,17,0.275,0.425,35.0,Medium,Brown-Allen,Oncologist,Texas
239,41,1202720.0,29334.634146341465,840414.5372861758,27110.146364070188,10,14,0.24390243902439024,0.34146341463414637,29.26829268292683,Medium,Aguilar-Ross,Orthopedic,West Virginia
240,38,1155952.0,30419.78947368421,901095.602785333,27305.927357131302,5,19,0.13157894736842105,0.5,31.57894736842105,Medium,Travis-Palmer,General Practitioner,Maine
241,33,853853.4157817961,25874.3459327817,327235.48789471725,18179.749327484293,15,3,0.45454545454545453,0.09090909090909091,27.272727272727273,Medium,Robbins and Sons,General Practitioner,Oregon
242,42,1021973.0,24332.690476190477,680269.149706244,22675.638323541465,12,10,0.2857142857142857,0.23809523809523808,26.19047619047619,Medium,Russo LLC,Oncologist,Maryland
243,43,962727.0,22389.0,530990.6533171323,18310.022528176974,14,17,0.32558139534883723,0.3953488372093023,36.04651162790698,Medium,"Barker, Griffith and King",Oncologist,Louisiana
244,44,989121.0,22480.022727272728,603428.1837872183,19465.425283458655,13,17,0.29545454545454547,0.38636363636363635,34.09090909090909,Medium,Bautista and Sons,Oncologist,Ohio
245,39,1012500.5607262077,25961.552839133532,669911.4440860122,20934.73262768788,7,16,0.1794871794871795,0.41025641025641024,29.487179487179485,Medium,Williams-Adams,Oncologist,California
246,42,1060001.0,25238.119047619046,719255.7833991939,21795.629799975573,9,17,0.21428571428571427,0.40476190476190477,30.95238095238095,Medium,"Turner, Ross and Hickman",General Practitioner,New Mexico
247,37,836354.0,22604.162162162163,615516.828005966,20517.22760019887,7,16,0.1891891891891892,0.43243243243243246,31.08108108108108,Medium,"Hernandez, Reynolds and Johnson",General Practitioner,Wyoming
248,43,1101383.0,25613.558139534885,739040.6648502229,24634.688828340764,13,12,0.3023255813953488,0.27906976744186046,29.069767441860463,Medium,Vaughn-Taylor,Cardiologist,Oklahoma
249,44,1319553.0,29989.840909090908,835269.5869937697,26102.174593555304,12,19,0.2727272727272727,0.4318181818181818,35.22727272727273,Medium,Bruce-Jackson,Dermatologist,Ohio
250,43,1190411.0,27683.976744186046,864909.810459878,25438.523837055232,9,17,0.20930232558139536,0.3953488372093023,30.232558139534884,Medium,Burns-Watson,Dermatologist,Massachusetts
251,40,1072894.8383360861,26822.370958402153,634793.8086852648,22671.207453045172,12,13,0.3,0.325,31.25,Medium,Hardin-Hanson,Dermatologist,California
252,37,998740.6914988876,26992.9916621321,603363.1429228265,23206.274727801017,11,11,0.2972972972972973,0.2972972972972973,29.72972972972973,Medium,"Davis, Smith and Pineda",Dermatologist,Delaware
253,46,1280830.2499800944,27844.135869132486,912838.7040866035,24022.071160173775,8,24,0.17391304347826086,0.5217391304347826,34.78260869565217,Medium,"Hogan, Lloyd and Davis",General Practitioner,Idaho
254,32,826635.3036903993,25832.353240324977,497131.4746973652,21614.411943363702,9,11,0.28125,0.34375,31.25,Medium,Martin and Sons,General Practitioner,Texas
255,40,1217999.466437084,30449.986660927098,603281.515985474,25136.729832728084,16,14,0.4,0.35,37.5,Medium,"Olson, Cowan and Henry",Oncologist,Maryland
256,36,933438.0,25928.833333333332,590540.8964033038,24605.870683470992,12,11,0.3333333333333333,0.3055555555555556,31.944444444444443,Medium,"Williams, Smith and Allen",General Practitioner,Tennessee
257,36,952883.0,26468.972222222223,573251.1462600767,21231.523935558394,9,10,0.25,0.2777777777777778,26.38888888888889,Medium,Fisher-Kane,General Practitioner,Iowa
258,43,987201.7296950881,22958.179760350886,564640.0770896934,17645.00240905292,11,16,0.2558139534883721,0.37209302325581395,31.395348837209305,Medium,Davis PLC,Cardiologist,Nevada
259,49,1266782.0,25852.69387755102,926488.7310735773,24381.282396673087,11,15,0.22448979591836735,0.30612244897959184,26.53061224489796,Medium,Wagner PLC,Orthopedic,Kentucky
260,45,1092073.0,24268.28888888889,740036.5867629931,20556.57185452759,9,21,0.2,0.4666666666666667,33.33333333333333,Medium,"Reed, Parker and Benson",Oncologist,Montana
261,43,1135966.0,26417.81395348837,861762.5120349205,25345.95623632119,9,14,0.20930232558139536,0.32558139534883723,26.74418604651163,Medium,"Hahn, Frey and Lambert",Oncologist,Iowa
262,45,1004376.0,22319.466666666667,650688.0394571794,21689.601315239313,15,17,0.3333333333333333,0.37777777777777777,35.55555555555556,Medium,Serrano PLC,Cardiologist,Utah
263,42,1100744.0,26208.190476190477,839370.9995001538,24687.38233823982,8,21,0.19047619047619047,0.5,34.523809523809526,Medium,"Brown, Carter and Carlson",Orthopedic,Georgia
264,45,1137508.0,25277.955555555556,640516.2516187492,22086.76729719825,16,10,0.35555555555555557,0.2222222222222222,28.88888888888889,Medium,Smith-Jackson,General Practitioner,Indiana
265,43,1081372.0,25148.18604651163,718865.9842669519,21783.817705059148,10,13,0.23255813953488372,0.3023255813953488,26.744186046511626,Medium,Sparks and Sons,Oncologist,California
266,39,928957.0,23819.410256410258,634075.4086578675,21864.669264064396,10,15,0.2564102564102564,0.38461538461538464,32.05128205128205,Medium,Dixon LLC,Orthopedic,South Carolina
267,43,1191588.5392611828,27711.361378167043,821085.8442985727,24881.389221168873,10,21,0.23255813953488372,0.4883720930232558,36.04651162790697,Medium,Hughes Group,Dermatologist,Texas
268,33,753075.0,22820.454545454544,508868.26138472534,19571.85620710482,7,13,0.21212121212121213,0.3939393939393939,30.3030303030303,Medium,Pena and Sons,Oncologist,New Hampshire
269,50,1221374.0,24427.48,852717.2878575266,21864.54584250068,11,20,0.22,0.4,31.0,Medium,Lewis-Collier,Orthopedic,Texas
270,40,969825.2736483252,24245.63184120813,696385.5029758886,21762.046967996517,8,17,0.2,0.425,31.25,Medium,Thomas-Wood,Dermatologist,Illinois
271,49,1277378.0,26068.938775510203,1009649.4560587168,24625.596489236996,8,23,0.16326530612244897,0.46938775510204084,31.632653061224488,Medium,Hughes Inc,Dermatologist,South Dakota
272,43,1145507.0,26639.697674418603,711862.5658826887,22963.308576860927,12,17,0.27906976744186046,0.3953488372093023,33.72093023255814,Medium,Ramirez and Sons,General Practitioner,Vermont
273,47,1263452.0,26881.957446808512,877388.3566390884,23713.19882808347,10,18,0.2127659574468085,0.3829787234042553,29.787234042553195,Medium,Williams LLC,Orthopedic,Nevada
274,47,1294331.0,27538.957446808512,902436.0769949234,25067.668805414538,11,23,0.23404255319148937,0.48936170212765956,36.170212765957444,Medium,Robinson Inc,Oncologist,Connecticut
275,33,642983.0,19484.333333333332,373393.7960400904,16972.445274549562,11,12,0.3333333333333333,0.36363636363636365,34.848484848484844,Medium,Baker Inc,Oncologist,Illinois
276,43,1256539.0,29221.837209302324,749067.1081702993,28810.27339116536,17,16,0.3953488372093023,0.37209302325581395,38.372093023255815,Medium,Stark-Wilson,Orthopedic,Washington
277,35,894069.9073837367,25544.854496678192,670369.1738132212,23116.178407352454,6,22,0.17142857142857143,0.6285714285714286,40.0,Medium,"Bailey, Miles and Le",Cardiologist,Hawaii
278,41,926812.0,22605.170731707316,587954.3208984361,21776.085959201337,14,9,0.34146341463414637,0.21951219512195122,28.04878048780488,Medium,Kim LLC,Cardiologist,Minnesota
279,41,1214559.0,29623.39024390244,815928.3891932062,27197.612973106872,11,11,0.2682926829268293,0.2682926829268293,26.82926829268293,Medium,Price-Gross,General Practitioner,Nevada
280,36,960641.4966294792,26684.486017485535,628925.1284975952,21687.0733964688,7,20,0.19444444444444445,0.5555555555555556,37.5,Medium,Chandler-Bailey,General Practitioner,Hawaii
281,38,1135088.0,29870.736842105263,683860.6004209587,27354.424016838348,13,12,0.34210526315789475,0.3157894736842105,32.89473684210526,Medium,Nielsen Ltd,Cardiologist,Iowa
282,40,1256133.564684264,31403.339117106596,787554.5262360024,26251.817541200082,10,14,0.25,0.35,30.0,Medium,Townsend-Sims,Dermatologist,California
283,40,921772.0,23044.3,746800.3485540536,21337.1528158301,5,20,0.125,0.5,31.25,Medium,Baldwin-Roberson,Dermatologist,North Carolina
284,29,729201.0,25144.862068965518,522892.81286401185,23767.855130182357,7,11,0.2413793103448276,0.3793103448275862,31.03448275862069,Medium,Benson Group,Cardiologist,Montana
285,41,1114383.0,27180.073170731706,773353.0202030967,24946.87161945473,10,13,0.24390243902439024,0.3170731707317073,28.048780487804876,Medium,"Lewis, Salazar and Roy",Oncologist,Wisconsin
286,35,824519.0,23557.685714285715,639011.3966758618,22821.835595566492,7,18,0.2,0.5142857142857142,35.71428571428571,Medium,"Cruz, Jones and Kemp",Cardiologist,Missouri
287,33,844009.646390231,25576.04989061306,561789.8757632121,21607.302913969696,7,16,0.21212121212121213,0.48484848484848486,34.848484848484844,Medium,"Jackson, Schwartz and Martin",Oncologist,Massachusetts
288,39,1100584.0,28220.102564102563,748593.6331296087,26735.486897486026,11,15,0.28205128205128205,0.38461538461538464,33.333333333333336,Medium,"Henderson, Delgado and Russell",Oncologist,New York
289,44,1065969.0,24226.56818181818,687945.4651266071,22931.515504220235,14,17,0.3181818181818182,0.38636363636363635,35.22727272727273,Medium,Wilson-Perez,Dermatologist,Illinois
290,39,1115607.0,28605.30769230769,850388.9544825712,26574.65482758035,7,13,0.1794871794871795,0.3333333333333333,25.64102564102564,Medium,Evans Ltd,Dermatologist,Alabama
291,42,1033533.0,24607.928571428572,667494.3879969941,23017.04786196531,13,19,0.30952380952380953,0.4523809523809524,38.095238095238095,Medium,Turner-Lawson,Dermatologist,Indiana
292,48,1065231.0,22192.3125,692536.0840775401,20985.94194174364,15,17,0.3125,0.3541666666666667,33.333333333333336,Medium,Diaz-Smith,Oncologist,Kentucky
293,36,773311.0,21480.86111111111,450612.71646503016,18775.52985270959,12,12,0.3333333333333333,0.3333333333333333,33.33333333333333,Medium,Brown and Sons,Oncologist,California
294,40,1096121.9403958146,27403.048509895365,568187.1631283091,21853.352428011887,14,9,0.35,0.225,28.75,Medium,Diaz Inc,General Practitioner,Michigan
295,47,1164960.0,24786.382978723403,693731.2075033255,21679.100234478923,15,21,0.3191489361702128,0.44680851063829785,38.29787234042553,Medium,Johnson-Rowland,Cardiologist,Wisconsin
296,38,856363.0,22535.86842105263,533002.582996397,19740.836407273964,11,11,0.2894736842105263,0.2894736842105263,28.947368421052634,Medium,Burton-Velazquez,Dermatologist,Oklahoma
297,42,1169396.3037101957,27842.76913595704,687572.644932176,23709.40154938538,13,14,0.30952380952380953,0.3333333333333333,32.14285714285714,Medium,"Patrick, Brown and Stark",Orthopedic,Hawaii
298,46,1149883.438756997,24997.46605993472,597583.8988104671,17073.82568029906,11,19,0.2391304347826087,0.41304347826086957,32.608695652173914,Medium,"Weaver, Parker and Walker",Orthopedic,Michigan
299,40,1107026.8146180278,27675.670365450693,689019.8993215936,22226.448365212695,9,15,0.225,0.375,30.0,Medium,"Murphy, Weaver and Lynch",Oncologist,New Mexico
300,44,1005099.0,22843.159090909092,661461.8855534913,20044.29956222701,11,22,0.25,0.5,37.5,Medium,"Sampson, Brennan and Scott",General Practitioner,Colorado
301,37,981111.0,26516.513513513513,741993.4312686477,27481.238195135098,10,19,0.2702702702702703,0.5135135135135135,39.189189189189186,Medium,Daniel PLC,Cardiologist,Delaware
302,46,1130593.0,24578.108695652172,770502.8750056586,22661.84926487231,12,13,0.2608695652173913,0.2826086956521739,27.173913043478258,Medium,Diaz LLC,Oncologist,Iowa
303,25,695831.1299490875,27833.2451979635,370717.55762140907,20595.41986785606,7,10,0.28,0.4,34.0,Medium,Pollard-English,Cardiologist,Ohio
304,44,1173497.0,26670.386363636364,794245.6222055203,25620.826522758718,13,8,0.29545454545454547,0.18181818181818182,23.863636363636367,Medium,Sweeney-James,Oncologist,South Dakota
305,38,1131718.0,29782.052631578947,760616.2385679922,28170.971798814528,11,13,0.2894736842105263,0.34210526315789475,31.578947368421055,Medium,Anderson LLC,Dermatologist,New Jersey
306,35,789283.6111214728,22550.960317756366,641434.7559984175,21381.158533280584,5,16,0.14285714285714285,0.45714285714285713,30.0,Medium,Bonilla PLC,General Practitioner,Delaware
307,33,828952.0,25119.757575757576,618690.054445435,21334.139808463275,4,12,0.12121212121212122,0.36363636363636365,24.242424242424242,Medium,Werner Ltd,Dermatologist,South Carolina
308,32,902679.0,28208.71875,620109.3937677778,28186.790625808084,10,9,0.3125,0.28125,29.6875,Medium,"Townsend, Brewer and Wilkerson",Dermatologist,Colorado
309,35,1104512.6813738865,31557.505182111043,613947.5374926995,25581.147395529144,11,13,0.3142857142857143,0.37142857142857144,34.285714285714285,Medium,Wilson LLC,Orthopedic,Delaware
310,45,1219547.0,27101.044444444444,943119.170383252,24182.542830339793,6,22,0.13333333333333333,0.4888888888888889,31.11111111111111,Medium,"Hill, Joyce and Taylor",Orthopedic,North Carolina
311,33,766555.0,23228.939393939392,506409.92608241196,21100.413586767165,9,9,0.2727272727272727,0.2727272727272727,27.27272727272727,Medium,"Garcia, Kelly and Ramirez",Orthopedic,Alabama
312,26,812600.0,31253.846153846152,484939.5524892893,28525.856028781724,9,8,0.34615384615384615,0.3076923076923077,32.69230769230769,Medium,"Suarez, Hawkins and Cameron",Orthopedic,South Dakota
313,40,1042377.0,26059.425,671354.7900968991,25821.338080649966,14,14,0.35,0.35,35.0,Medium,Taylor Ltd,Oncologist,Texas
314,37,930481.0008615821,25148.135158421137,615259.9037571929,23663.842452199726,11,10,0.2972972972972973,0.2702702702702703,28.37837837837838,Medium,Walls-Pacheco,Oncologist,Virginia
315,33,815722.0,24718.848484848484,611558.3941908963,24462.335767635854,8,11,0.24242424242424243,0.3333333333333333,28.787878787878785,Medium,Byrd-Sweeney,General Practitioner,Hawaii
316,39,1032404.8368669143,26471.91889402344,676951.1845854055,22565.039486180183,9,16,0.23076923076923078,0.41025641025641024,32.05128205128205,Medium,"Montgomery, Holmes and Allen",Orthopedic,Wyoming
317,45,1385727.8665342524,30793.952589650053,730602.6974082292,23567.828948652557,14,20,0.3111111111111111,0.4444444444444444,37.77777777777778,Medium,Dalton-Richardson,Orthopedic,New Jersey
318,35,886586.0,25331.02857142857,468761.7704228674,23438.08852114337,15,12,0.42857142857142855,0.34285714285714286,38.57142857142857,Medium,Oconnor Group,Oncologist,Colorado
319,49,1124476.5918557905,22948.50187460797,612216.1417853631,19131.754430792596,17,17,0.3469387755102041,0.3469387755102041,34.69387755102041,Medium,Carlson and Sons,Cardiologist,Kansas
320,36,866774.0,24077.055555555555,655573.015042386,25214.346732399463,10,9,0.2777777777777778,0.25,26.38888888888889,Medium,"Mendoza, Nelson and White",Dermatologist,Texas
321,34,885267.0,26037.264705882353,638575.3667812294,23650.939510415905,7,12,0.20588235294117646,0.35294117647058826,27.941176470588236,Medium,"Gregory, Stanley and Watkins",General Practitioner,North Carolina
322,45,1129474.0,25099.422222222223,655913.7459495347,21863.791531651157,15,12,0.3333333333333333,0.26666666666666666,30.0,Medium,"Hobbs, Peters and Potter",Oncologist,Idaho
323,46,1142855.0,24844.67391304348,648554.5921711914,20921.115876490043,15,16,0.32608695652173914,0.34782608695652173,33.69565217391305,Medium,Evans-Foster,Oncologist,Michigan
324,45,1293178.5498830904,28737.301108513122,662504.2447322907,20075.88620400881,12,22,0.26666666666666666,0.4888888888888889,37.77777777777778,Medium,"Gonzalez, Hill and Morales",Dermatologist,Wyoming
325,43,1198170.0,27864.418604651164,803522.5899362097,25110.080935506554,11,16,0.2558139534883721,0.37209302325581395,31.395348837209305,Medium,Buckley-Schmitt,General Practitioner,New Hampshire
326,41,872809.0,21288.024390243903,556239.7799490339,19180.682067208065,12,17,0.2926829268292683,0.4146341463414634,35.36585365853658,Medium,Rodriguez and Sons,Oncologist,Illinois
327,48,1354121.2486025789,28210.85934588706,851080.9381029326,23641.137169525908,12,18,0.25,0.375,31.25,Medium,"Little, Palmer and Phillips",Orthopedic,New Jersey
328,40,983990.4005279734,24599.760013199335,440403.1753560971,19147.964145917267,17,13,0.425,0.325,37.5,Medium,Wright PLC,Orthopedic,Kansas
329,36,1017790.1855728488,28271.9495992458,695821.9690042604,21744.436531383137,4,15,0.1111111111111111,0.4166666666666667,26.388888888888893,Medium,Holmes and Sons,Oncologist,West Virginia
330,36,1048957.0,29137.694444444445,678047.2698703111,26078.74114885812,10,15,0.2777777777777778,0.4166666666666667,34.72222222222223,Medium,Allen-Russell,Cardiologist,Hawaii
331,41,1103069.0,26904.121951219513,798699.5209836034,24203.015787381923,8,20,0.1951219512195122,0.4878048780487805,34.146341463414636,Medium,"Larson, Lewis and Lowe",Cardiologist,Wisconsin
332,37,884558.0,23906.972972972973,528203.2405450026,22008.468356041776,13,9,0.35135135135135137,0.24324324324324326,29.729729729729733,Medium,Kramer-Adams,Cardiologist,Wisconsin
333,45,1215708.0,27015.733333333334,950883.0803105467,25023.238955540703,7,28,0.15555555555555556,0.6222222222222222,38.888888888888886,Medium,Ashley-Wu,Orthopedic,Kentucky
334,35,898070.0,25659.14285714286,610120.2617696759,21790.009348916996,7,14,0.2,0.4,30.0,Medium,"Thompson, Brown and Tucker",Orthopedic,Rhode Island
335,49,1254186.0,25595.632653061224,1009105.0102547713,24612.317323287105,8,18,0.16326530612244897,0.3673469387755102,26.53061224489796,Medium,"Morgan, Reyes and Graham",Dermatologist,Alaska
336,30,622008.0,20733.6,341645.96082852985,18980.331157140547,12,6,0.4,0.2,30.0,Medium,Webb and Sons,Cardiologist,Illinois
337,40,1009935.0,25248.375,734773.6675395044,22265.868713318312,7,14,0.175,0.35,26.25,Medium,Thompson LLC,Dermatologist,Indiana
338,50,1352990.0,27059.8,1016736.4519085728,24798.450046550555,9,16,0.18,0.32,25.0,Medium,"Dawson, Brown and Lucas",Oncologist,Nebraska
339,21,453422.0,21591.52380952381,315362.17238234234,19710.135773896396,5,12,0.23809523809523808,0.5714285714285714,40.476190476190474,Medium,Morgan-Montgomery,Oncologist,Louisiana
340,44,1133362.0,25758.227272727272,811477.2320843366,22541.034224564904,8,14,0.18181818181818182,0.3181818181818182,25.0,Medium,"Lawrence, Sanchez and Mcdonald",General Practitioner,Utah
341,47,1339508.0,28500.17021276596,854671.9613705367,25137.410628545196,13,21,0.2765957446808511,0.44680851063829785,36.170212765957444,Medium,Munoz and Sons,General Practitioner,Nevada
342,34,793482.0,23337.70588235294,442477.93271320226,19238.17098753053,11,6,0.3235294117647059,0.17647058823529413,25.0,Medium,Hall-Carpenter,General Practitioner,Maryland
343,43,1137212.030483403,26446.791406590768,804887.8013852037,24390.539435915263,10,15,0.23255813953488372,0.3488372093023256,29.069767441860463,Medium,Simpson-Harding,General Practitioner,Alaska
344,37,990312.0,26765.18918918919,662530.3588111907,23661.798528971096,9,14,0.24324324324324326,0.3783783783783784,31.08108108108108,Medium,Johnson-Vargas,Orthopedic,Illinois
345,40,892813.0,22320.325,483060.67024250014,18579.256547788467,14,13,0.35,0.325,33.75,Medium,Freeman-Butler,Dermatologist,Maine
346,30,838198.2221813262,27939.94073937754,380679.27982627944,21148.848879237747,12,9,0.4,0.3,35.0,Medium,Gutierrez Group,Orthopedic,Colorado
347,41,922795.0,22507.19512195122,620760.0124193281,20024.516529655746,10,16,0.24390243902439024,0.3902439024390244,31.70731707317073,Medium,Frost LLC,Oncologist,North Dakota
348,50,1136546.041743656,22730.92083487312,788068.7007857672,21890.79724404909,14,18,0.28,0.36,32.0,Medium,"Cole, Jones and Mitchell",Cardiologist,Idaho
349,42,1122672.0515707633,26730.28694216103,574933.9933692978,22112.84589881915,16,14,0.38095238095238093,0.3333333333333333,35.71428571428571,Medium,"Jenkins, Simmons and Dalton",Cardiologist,Rhode Island
350,31,768403.0,24787.1935483871,436375.39322306553,21818.769661153277,11,12,0.3548387096774194,0.3870967741935484,37.096774193548384,Medium,"Matthews, Klein and Johnson",Dermatologist,New Mexico
351,32,728863.0233112279,22776.969478475872,423051.1420076538,19229.597363984263,10,10,0.3125,0.3125,31.25,Medium,"Rojas, Lopez and Jones",Dermatologist,Wyoming
352,37,942476.0,25472.324324324323,619355.9826057556,21357.10284847433,8,10,0.21621621621621623,0.2702702702702703,24.324324324324323,Medium,Holt-Mcpherson,Oncologist,Indiana
353,45,1021516.0,22700.355555555554,731993.8862236713,20914.111034962036,10,14,0.2222222222222222,0.3111111111111111,26.666666666666664,Medium,Simon LLC,Orthopedic,Delaware
354,40,1054524.0,26363.1,757114.4505684045,24423.046792529178,9,15,0.225,0.375,30.0,Medium,Williams Inc,Cardiologist,Massachusetts
355,34,846607.0,24900.20588235294,614943.7493302342,21962.27676179408,6,13,0.17647058823529413,0.38235294117647056,27.941176470588236,Medium,"Lawrence, Walls and Mata",Orthopedic,Colorado
356,51,1265822.0,24820.039215686276,837310.8400950088,23923.166859857396,16,15,0.3137254901960784,0.29411764705882354,30.392156862745097,Medium,"Porter, Jenkins and Chan",Oncologist,Maine
357,38,1010422.7423096587,26590.07216604365,602601.8976399122,25108.41240166301,14,10,0.3684210526315789,0.2631578947368421,31.578947368421048,Medium,"Mitchell, Boone and Cohen",Orthopedic,New Mexico
358,32,769933.0,24060.40625,583967.3585268065,23358.69434107226,7,12,0.21875,0.375,29.6875,Medium,Walton-Blanchard,Cardiologist,South Dakota
359,39,1157247.0,29673.0,809605.2062064268,26986.840206880894,9,16,0.23076923076923078,0.41025641025641024,32.05128205128205,Medium,"Martinez, Moore and Holland",Oncologist,Maryland
360,38,1112232.9170820252,29269.28729163224,722657.1505030983,24088.57168343661,8,14,0.21052631578947367,0.3684210526315789,28.94736842105263,Medium,Crawford and Sons,Orthopedic,Missouri
361,36,793699.0,22047.194444444445,604838.4878113905,20161.28292704635,6,14,0.16666666666666666,0.3888888888888889,27.77777777777778,Medium,Boyle Group,Orthopedic,Florida
362,46,1097864.0,23866.608695652172,752291.7904068816,20896.994177968932,10,21,0.21739130434782608,0.45652173913043476,33.69565217391305,Medium,Perry-Barrett,Orthopedic,Arizona
363,38,862477.0,22696.763157894737,587900.7641577192,19596.69213859064,8,18,0.21052631578947367,0.47368421052631576,34.21052631578947,Medium,Lloyd Ltd,Orthopedic,Hawaii
364,34,1015408.0,29864.941176470587,604011.5754495219,28762.455973786757,13,12,0.38235294117647056,0.35294117647058826,36.76470588235294,Medium,Glover Ltd,Dermatologist,Indiana
365,36,1078309.6788812536,29953.046635590377,558055.6046475559,23252.316860314826,12,8,0.3333333333333333,0.2222222222222222,27.777777777777775,Medium,"Munoz, Duran and Williams",Oncologist,California
366,45,1051221.0,23360.466666666667,648567.5445936077,22364.398089434748,16,14,0.35555555555555557,0.3111111111111111,33.333333333333336,Medium,Morton LLC,Oncologist,Virginia
367,34,847015.0,24912.20588235294,705638.6475443714,23521.288251479047,4,16,0.11764705882352941,0.47058823529411764,29.41176470588235,Medium,Smith-Morgan,Orthopedic,Indiana
368,44,1105493.0,25124.840909090908,823611.3058755953,21118.238612194753,5,22,0.11363636363636363,0.5,30.68181818181818,Medium,Brown-Anderson,Orthopedic,Colorado
369,60,1535682.0,25594.7,1001421.274221293,23843.36367193555,18,19,0.3,0.31666666666666665,30.833333333333332,Medium,"Price, Lyons and Morris",Dermatologist,Oklahoma
370,42,1193650.203503301,28420.242940554785,881986.8274336471,23210.179669306504,4,23,0.09523809523809523,0.5476190476190477,32.142857142857146,Medium,Webb Group,Cardiologist,Mississippi
371,42,1079325.0,25698.214285714286,667834.8337088348,24734.623470697585,15,14,0.35714285714285715,0.3333333333333333,34.52380952380952,Medium,Branch-Medina,Dermatologist,South Carolina
372,48,1302048.9437158697,27126.019660747286,851321.6576064656,23008.693448823396,11,17,0.22916666666666666,0.3541666666666667,29.166666666666668,Medium,Davidson-Haynes,Orthopedic,Arkansas
373,36,798438.0,22178.833333333332,600816.8510656566,20027.22836885522,6,14,0.16666666666666666,0.3888888888888889,27.77777777777778,Medium,James-Wallace,Orthopedic,New York
374,38,952182.0,25057.42105263158,645893.8116669368,22272.200402308168,9,10,0.23684210526315788,0.2631578947368421,25.0,Medium,Simmons-Smith,Orthopedic,Kentucky
375,38,882961.0,23235.815789473683,642492.8496887804,21416.428322959346,8,14,0.21052631578947367,0.3684210526315789,28.94736842105263,Medium,Mullins-Graham,Orthopedic,Arkansas
376,55,1405608.4938064837,25556.518069208796,820915.782770119,19545.613875479023,13,24,0.23636363636363636,0.43636363636363634,33.63636363636363,Medium,Stanley Ltd,Dermatologist,Utah
377,41,1046710.4545154135,25529.523280863745,580416.3088778845,20729.153888495875,13,15,0.3170731707317073,0.36585365853658536,34.146341463414636,Medium,King and Sons,Orthopedic,Kentucky
378,39,786864.0,20176.0,581287.7409232658,18751.217449137606,8,15,0.20512820512820512,0.38461538461538464,29.48717948717949,Medium,Harrell Ltd,Cardiologist,Kentucky
379,39,1008551.0,25860.28205128205,615976.4764956369,22813.943573912475,12,18,0.3076923076923077,0.46153846153846156,38.46153846153846,Medium,"Smith, Wright and Collins",General Practitioner,Wyoming
380,46,1151900.0,25041.304347826088,691473.4868399596,23843.913339308954,17,19,0.3695652173913043,0.41304347826086957,39.13043478260869,Medium,Hendrix LLC,Cardiologist,West Virginia
381,30,923262.6737228988,30775.422457429962,519152.4063510431,24721.54315957348,9,11,0.3,0.36666666666666664,33.33333333333333,Medium,Anderson and Sons,Orthopedic,South Carolina
382,39,1206599.0,30938.4358974359,789423.6812538351,29237.91412051241,12,17,0.3076923076923077,0.4358974358974359,37.17948717948718,Medium,Faulkner and Sons,Dermatologist,Georgia
383,38,914312.0,24060.842105263157,635955.2230009733,24459.816269268205,12,12,0.3157894736842105,0.3157894736842105,31.57894736842105,Medium,Greene-Villa,Orthopedic,Utah
384,38,891667.0,23464.92105263158,626524.8694953494,21604.30584466722,9,13,0.23684210526315788,0.34210526315789475,28.94736842105263,Medium,"Griffin, Wallace and Lewis",Dermatologist,Minnesota
385,40,934924.0,23373.1,725176.3039456732,21328.714821931564,6,15,0.15,0.375,26.25,Medium,Parker Ltd,General Practitioner,West Virginia
386,42,880545.0,20965.35714285714,586613.800574147,20950.492877648107,14,12,0.3333333333333333,0.2857142857142857,30.95238095238095,Medium,"Sanders, Dennis and Lee",Oncologist,Connecticut
387,54,1245560.017999393,23065.92625924802,925153.3519470628,21026.212544251426,10,24,0.18518518518518517,0.4444444444444444,31.48148148148148,Medium,Vasquez-Weiss,Cardiologist,Tennessee
388,40,819013.0,20475.325,562921.7390867533,17591.304346461042,8,17,0.2,0.425,31.25,Medium,"Jackson, Martin and Stewart",General Practitioner,North Carolina
389,34,892170.0,26240.29411764706,633634.0383606136,22629.78708430763,6,16,0.17647058823529413,0.47058823529411764,32.35294117647059,Medium,Manning Inc,Orthopedic,Michigan
390,45,1211593.0,26924.28888888889,869211.4309184905,25565.042085837955,11,19,0.24444444444444444,0.4222222222222222,33.33333333333333,Medium,"Foster, Compton and Ramos",Dermatologist,Maryland
391,44,1121258.0,25483.136363636364,617311.8676883983,22863.402506977716,17,15,0.38636363636363635,0.3409090909090909,36.36363636363636,Medium,"Carter, Andersen and Rowe",Dermatologist,New Jersey
392,38,942587.4700350133,24804.933421974034,559858.8031759107,22394.35212703643,13,11,0.34210526315789475,0.2894736842105263,31.578947368421055,Medium,Jones Inc,Oncologist,New Jersey
393,52,1168833.0,22477.55769230769,800320.4084209106,21630.28130867326,15,17,0.28846153846153844,0.3269230769230769,30.769230769230766,Medium,Jackson-Meyer,General Practitioner,Indiana
394,38,1142869.0,30075.5,723058.4270118178,26779.941741178438,11,14,0.2894736842105263,0.3684210526315789,32.89473684210526,Medium,Gomez PLC,Cardiologist,Virginia
395,42,1085613.0,25847.928571428572,625096.2618358316,21555.0435115804,13,15,0.30952380952380953,0.35714285714285715,33.333333333333336,Medium,Wolf-Pennington,Dermatologist,Washington
396,38,1205599.8381332133,31726.311529821403,593812.1064414347,22838.927170824412,12,11,0.3157894736842105,0.2894736842105263,30.263157894736842,Medium,Bullock-White,Cardiologist,South Carolina
397,38,1094662.3832279611,28806.904821788452,618263.1526861613,22080.82688164862,10,19,0.2631578947368421,0.5,38.1578947368421,Medium,Baker Inc,Orthopedic,Nevada
398,42,1054326.0,25103.0,646799.5445203641,21559.98481734547,12,12,0.2857142857142857,0.2857142857142857,28.57142857142857,Medium,Hines Group,Dermatologist,Idaho
399,54,1398785.0,25903.425925925927,1089553.3199174237,25941.74571231961,12,23,0.2222222222222222,0.42592592592592593,32.407407407407405,Medium,"Bass, Mcdowell and Hamilton",Dermatologist,Maryland
400,41,1121671.0,27357.829268292684,826519.0548395815,22958.86263443282,5,16,0.12195121951219512,0.3902439024390244,25.609756097560975,Medium,Phillips PLC,General Practitioner,Ohio
401,37,958757.598406198,25912.367524491838,545279.3033940417,22719.970974751737,13,13,0.35135135135135137,0.35135135135135137,35.13513513513514,Medium,"Elliott, Madden and Russell",Oncologist,Rhode Island
402,45,1254052.0,27867.82222222222,927216.8630946081,24400.443765647582,7,17,0.15555555555555556,0.37777777777777777,26.666666666666668,Medium,"Terry, Jordan and Randolph",Orthopedic,Nebraska
403,44,1117059.0,25387.704545454544,733240.1701928921,22913.755318527878,12,16,0.2727272727272727,0.36363636363636365,31.81818181818182,Medium,Lee Group,Oncologist,Utah
404,39,1027078.0,26335.333333333332,744347.2672892138,24011.202170619803,8,12,0.20512820512820512,0.3076923076923077,25.641025641025642,Medium,"Watts, Parsons and Stewart",General Practitioner,Alaska
405,26,655294.0,25203.615384615383,407396.3204194803,21441.91160102528,7,9,0.2692307692307692,0.34615384615384615,30.769230769230766,Medium,Baldwin PLC,Cardiologist,West Virginia
406,30,733722.0,24457.4,496106.4949167222,22550.29522348737,8,16,0.26666666666666666,0.5333333333333333,40.0,Medium,Walker Group,General Practitioner,California
407,44,1094167.0,24867.43181818182,604066.0599849669,21573.78785660596,16,16,0.36363636363636365,0.36363636363636365,36.36363636363637,Medium,"Bowman, Wilson and Chavez",General Practitioner,Hawaii
408,42,952535.0,22679.404761904763,641848.6612204327,20057.770663138523,10,15,0.23809523809523808,0.35714285714285715,29.76190476190476,Medium,Lewis Group,General Practitioner,Nebraska
409,48,1076878.0,22434.958333333332,867292.971201701,22238.28131286413,9,19,0.1875,0.3958333333333333,29.166666666666664,Medium,Cooper Inc,Dermatologist,Missouri
410,36,906862.3505251112,25190.620847919756,465140.478698655,17890.01841148673,10,15,0.2777777777777778,0.4166666666666667,34.72222222222223,Medium,Jackson-Smith,Orthopedic,Indiana
411,38,1136766.736617168,29914.91412150442,628788.297614036,25151.53190456144,13,14,0.34210526315789475,0.3684210526315789,35.526315789473685,Medium,"Ellison, Jones and Lopez",Cardiologist,Delaware
412,42,1083266.0,25792.04761904762,620343.8874896907,22155.138838917523,14,15,0.3333333333333333,0.35714285714285715,34.52380952380952,Medium,Pittman-Kelly,Oncologist,Arizona
413,34,897184.0,26387.764705882353,704477.0294919047,23482.567649730154,4,14,0.11764705882352941,0.4117647058823529,26.470588235294116,Medium,"Flores, Richard and Armstrong",Cardiologist,Connecticut
414,45,1127455.9591843807,25054.576870764016,693855.8481030328,21682.995253219775,13,18,0.28888888888888886,0.4,34.44444444444444,Medium,Shelton Ltd,Dermatologist,Iowa
415,30,725436.0,24181.2,466317.4057836603,21196.245717439106,8,10,0.26666666666666666,0.3333333333333333,30.0,Medium,Ramirez-Greene,Dermatologist,Georgia
416,43,1134429.0,26382.06976744186,816668.1051922599,22685.22514422944,7,23,0.16279069767441862,0.5348837209302325,34.883720930232556,Medium,"Fitzgerald, Brown and Moore",Oncologist,Kentucky
417,31,885349.0,28559.645161290322,583094.4119848888,25351.930955864733,8,12,0.25806451612903225,0.3870967741935484,32.25806451612903,Medium,Harrison-Miles,Dermatologist,Oregon
418,34,869406.0,25570.764705882353,560977.4630419298,23374.060960080405,10,13,0.29411764705882354,0.38235294117647056,33.82352941176471,Medium,"Walker, Walker and Watson",Oncologist,Wyoming
419,53,1280441.0,24159.264150943396,877165.398202435,21929.134955060876,13,12,0.24528301886792453,0.22641509433962265,23.58490566037736,Medium,"Owens, Morrow and Smith",Dermatologist,Alabama
420,43,1309122.0,30444.697674418603,832517.951506092,26855.417790519095,12,15,0.27906976744186046,0.3488372093023256,31.3953488372093,Medium,"Perez, Adams and Pena",General Practitioner,Maine
421,48,1194925.4079180753,24894.27933162657,875965.25508085,21899.13137702125,8,22,0.16666666666666666,0.4583333333333333,31.249999999999996,Medium,Hill-Potter,Dermatologist,North Dakota
422,37,677391.0,18307.864864864863,471685.5010604238,16845.910752157994,9,14,0.24324324324324326,0.3783783783783784,31.08108108108108,Medium,Lynch-Hayden,Oncologist,Kansas
423,45,1220464.0,27121.422222222223,945741.3360304775,24887.929895538884,7,13,0.15555555555555556,0.28888888888888886,22.22222222222222,Medium,Barron-Baker,Oncologist,New Jersey
424,33,779973.0,23635.545454545456,479095.2170761072,22814.057956005105,12,14,0.36363636363636365,0.42424242424242425,39.39393939393939,Medium,"Taylor, Reed and Mitchell",Oncologist,Kansas
425,38,1074455.0,28275.13157894737,706514.1455134341,25232.648054051217,10,9,0.2631578947368421,0.23684210526315788,25.0,Medium,Torres Inc,Orthopedic,New York
426,32,881905.5269972335,27559.547718663547,610255.3500481681,24410.214001926724,7,15,0.21875,0.46875,34.375,Medium,Hawkins Inc,Cardiologist,North Carolina
427,46,1265204.805736487,27504.452298619282,865898.1514616853,23402.652742207712,9,18,0.1956521739130435,0.391304347826087,29.347826086956523,Medium,"Barrera, Reynolds and Goodwin",Cardiologist,Georgia
428,28,829214.0,29614.785714285714,559718.0104650029,27985.900523250144,8,11,0.2857142857142857,0.39285714285714285,33.92857142857143,Medium,Nguyen and Sons,General Practitioner,Pennsylvania
429,39,878409.0,22523.30769230769,635136.5671939338,20488.27636109464,8,20,0.20512820512820512,0.5128205128205128,35.8974358974359,Medium,White-Sanchez,Oncologist,Florida
430,37,813347.0,21982.35135135135,470047.22443426494,19585.30101809437,13,13,0.35135135135135137,0.35135135135135137,35.13513513513514,Medium,"Green, Ray and Smith",Orthopedic,Missouri
431,46,1250110.0,27176.304347826088,822947.373201916,22241.82089734908,9,21,0.1956521739130435,0.45652173913043476,32.608695652173914,Medium,"Herrera, Williams and Gordon",Orthopedic,Minnesota
432,50,1144250.0,22885.0,728170.5024250043,20804.871497857264,15,16,0.3,0.32,31.0,Medium,Mullins-Mooney,Orthopedic,Ohio
433,52,1274789.0,24515.173076923078,865230.0923742377,22769.212957216783,14,18,0.2692307692307692,0.34615384615384615,30.769230769230766,Medium,Sloan-Price,Oncologist,Nebraska
434,39,1044630.5561652893,26785.398876033058,682721.4375840641,24382.908485145144,11,13,0.28205128205128205,0.3333333333333333,30.769230769230766,Medium,"Brock, Brown and Moore",Orthopedic,Florida
435,44,1151987.0,26181.522727272728,864177.7287208992,24690.79224916855,9,15,0.20454545454545456,0.3409090909090909,27.272727272727273,Medium,Singleton-Cole,Orthopedic,Oregon
436,40,1069116.5631021953,26727.91407755488,777911.1772230024,22226.033634942927,5,17,0.125,0.425,27.5,Medium,"Mcintosh, Garcia and Duke",Cardiologist,Colorado
437,41,864863.0,21094.219512195123,589436.5189858035,19014.081257606562,10,14,0.24390243902439024,0.34146341463414637,29.26829268292683,Medium,"Long, Grimes and Banks",Dermatologist,Utah
438,31,839388.0,27077.032258064515,650353.7132638108,26014.148530552433,6,11,0.1935483870967742,0.3548387096774194,27.41935483870968,Medium,"Suarez, Mcgee and Jacobs",Dermatologist,Texas
439,51,1275459.1591994711,25009.003121558257,679135.8508457349,21907.6080917979,20,18,0.39215686274509803,0.35294117647058826,37.254901960784316,Medium,Johnson LLC,Dermatologist,Iowa
440,34,876867.0,25790.20588235294,656988.0049315639,23463.857318984425,6,15,0.17647058823529413,0.4411764705882353,30.88235294117647,Medium,Miller Ltd,Oncologist,Colorado
441,37,948787.0,25642.891891891893,611454.4594136553,20381.815313788513,7,12,0.1891891891891892,0.32432432432432434,25.675675675675677,Medium,Clark Ltd,General Practitioner,Iowa
442,37,937008.0,25324.54054054054,586295.9916484887,23451.839665939548,12,10,0.32432432432432434,0.2702702702702703,29.729729729729733,Medium,Smith-Moore,General Practitioner,Nevada
443,51,1383231.0,27122.176470588234,891519.1858755194,24764.42182987554,15,17,0.29411764705882354,0.3333333333333333,31.372549019607842,Medium,Mueller-Sanchez,Cardiologist,Louisiana
444,37,1024733.0,27695.486486486487,642336.30127952,23790.233380722962,10,14,0.2702702702702703,0.3783783783783784,32.432432432432435,Medium,Maldonado Group,General Practitioner,Mississippi
445,42,1133089.0,26978.309523809523,831710.2517553933,24462.066228099804,8,14,0.19047619047619047,0.3333333333333333,26.19047619047619,Medium,Morse Group,General Practitioner,Alaska
446,39,1093268.0,28032.51282051282,822453.9158701565,27415.130529005215,9,15,0.23076923076923078,0.38461538461538464,30.769230769230774,Medium,Peterson Inc,Dermatologist,Illinois
447,24,588538.0,24522.416666666668,383558.2319783574,22562.248939903377,7,9,0.2916666666666667,0.375,33.333333333333336,Medium,Armstrong-Stevens,Dermatologist,Idaho
448,40,1233398.0,30834.95,759754.4218408,28139.05266077037,13,16,0.325,0.4,36.25,Medium,Gonzalez LLC,Oncologist,New Hampshire
449,38,957068.0,25186.0,768335.4696701551,24010.483427192346,6,17,0.15789473684210525,0.4473684210526316,30.263157894736842,Medium,Castillo PLC,General Practitioner,Wisconsin
450,48,946925.0,19727.604166666668,523050.8014532569,15850.02428646233,15,17,0.3125,0.3541666666666667,33.333333333333336,Medium,Rivera and Sons,Oncologist,Hawaii
451,41,1158703.0,28261.048780487807,814878.7956458852,24693.296837754096,8,16,0.1951219512195122,0.3902439024390244,29.268292682926827,Medium,Greer Group,Orthopedic,Maine
452,47,1276918.0,27168.468085106382,688437.9314158979,23739.239014341307,18,18,0.3829787234042553,0.3829787234042553,38.297872340425535,Medium,"Todd, Daniels and Blankenship",Cardiologist,Rhode Island
453,37,770376.0,20820.972972972973,536521.4342968352,18500.739113683972,8,16,0.21621621621621623,0.43243243243243246,32.432432432432435,Medium,"Perez, Chapman and Bright",Cardiologist,Missouri
454,44,1139633.9335431375,25900.77121688949,614135.7101939374,19191.740943560544,12,16,0.2727272727272727,0.36363636363636365,31.81818181818182,Medium,"Park, Johnson and Ross",Orthopedic,Pennsylvania
455,35,1109366.490032025,31696.185429486428,596526.7485740089,21304.52673478603,7,17,0.2,0.4857142857142857,34.285714285714285,Medium,"Sullivan, Davidson and Vincent",Cardiologist,Kentucky
456,36,941636.0,26156.555555555555,590028.5016332904,23601.140065331616,11,14,0.3055555555555556,0.3888888888888889,34.72222222222223,Medium,Miller Ltd,General Practitioner,Ohio
457,34,767438.0,22571.70588235294,448150.36365096655,20370.471075043934,12,10,0.35294117647058826,0.29411764705882354,32.352941176470594,Medium,"Beltran, Palmer and Thompson",Oncologist,Washington
458,32,772807.0,24150.21875,467593.4256583304,19483.059402430434,8,11,0.25,0.34375,29.6875,Medium,Anderson LLC,General Practitioner,Wyoming
459,33,749559.0,22713.909090909092,490714.48530951294,20446.436887896372,9,12,0.2727272727272727,0.36363636363636365,31.81818181818182,Medium,"Massey, Smith and Harris",Cardiologist,Michigan
460,47,1434795.0232891182,30527.553687002513,800044.2363069899,23530.712832558525,13,17,0.2765957446808511,0.3617021276595745,31.914893617021278,Medium,Dennis PLC,General Practitioner,Kentucky
461,40,830630.0,20765.75,575404.1813698694,19180.139378995646,10,12,0.25,0.3,27.5,Medium,Andrews-Jacobs,Cardiologist,Alaska
462,34,587056.0,17266.352941176472,430645.41656880395,15949.830243289036,7,14,0.20588235294117646,0.4117647058823529,30.882352941176467,Medium,"Lambert, Owens and Cisneros",Oncologist,Mississippi
463,31,811305.0,26171.129032258064,515591.730730402,25779.5865365201,11,8,0.3548387096774194,0.25806451612903225,30.64516129032258,Medium,"Valdez, Lynch and West",Cardiologist,North Carolina
464,39,1061141.0,27208.74358974359,696056.0300976691,22453.420325731262,8,11,0.20512820512820512,0.28205128205128205,24.358974358974358,Medium,Petty Ltd,Orthopedic,Maine
465,31,703064.4646812103,22679.498860684205,489187.1763852599,18814.891399433072,5,15,0.16129032258064516,0.4838709677419355,32.25806451612903,Medium,Carter-Williams,Cardiologist,Connecticut
466,49,1146542.0,23398.816326530614,736582.1101408191,21664.17971002409,15,18,0.30612244897959184,0.3673469387755102,33.673469387755105,Medium,"Garcia, Larson and Farmer",Orthopedic,West Virginia
467,35,799932.678801934,22855.219394340973,590833.5693121733,20373.571355592183,6,18,0.17142857142857143,0.5142857142857142,34.285714285714285,Medium,"Jackson, Pearson and May",Oncologist,Kentucky
468,39,943963.0,24204.17948717949,517847.4093082025,19179.533678081574,12,11,0.3076923076923077,0.28205128205128205,29.48717948717949,Medium,Barajas Ltd,Cardiologist,Arkansas
469,37,904295.7442736339,24440.425520909026,688515.8472892208,20864.116584521842,4,18,0.10810810810810811,0.4864864864864865,29.729729729729733,Medium,"Ryan, Hill and Myers",Oncologist,Florida
470,48,1135624.0,23658.833333333332,816703.6560620908,21492.20147531818,10,15,0.20833333333333334,0.3125,26.041666666666668,Medium,Solomon-Peck,Dermatologist,New Mexico
471,37,1095032.3039268707,29595.467673699208,668101.799030137,23037.993070004726,8,13,0.21621621621621623,0.35135135135135137,28.37837837837838,Medium,Gomez-Black,Dermatologist,Alabama
472,27,728075.0,26965.74074074074,553713.1839526462,24074.486258810706,4,10,0.14814814814814814,0.37037037037037035,25.925925925925924,Medium,Cooper-Morris,Cardiologist,Iowa
473,48,1231038.0,25646.625,940028.686906544,24737.597023856422,10,23,0.20833333333333334,0.4791666666666667,34.375,Medium,"Clayton, Roberts and Brennan",Dermatologist,Washington
474,40,1185273.0,29631.825,914863.3743354502,26138.953552441435,5,14,0.125,0.35,23.75,Medium,Mcclain-Chase,General Practitioner,Utah
475,37,868384.0,23469.837837837837,505789.6813194512,20231.58725277805,12,11,0.32432432432432434,0.2972972972972973,31.08108108108108,Medium,"Allen, Rivera and Greene",General Practitioner,Missouri
476,49,1157133.0,23614.95918367347,806485.8305360837,20162.14576340209,9,21,0.1836734693877551,0.42857142857142855,30.612244897959183,Medium,Hayes-Wilson,Orthopedic,Maryland
477,54,1328397.5094565195,24599.953878824435,888546.3269998229,23382.798078942706,16,18,0.2962962962962963,0.3333333333333333,31.481481481481477,Medium,"Maxwell, West and Bender",Dermatologist,Missouri
478,51,1259178.0,24689.764705882353,820997.9113384758,21051.22849585835,12,22,0.23529411764705882,0.43137254901960786,33.333333333333336,Medium,"Mcknight, Christensen and Mendoza",Orthopedic,Alabama
479,50,1277013.482281172,25540.26964562344,758952.0120306065,21684.34320087447,15,14,0.3,0.28,29.0,Medium,Bell Ltd,Dermatologist,Washington
480,33,862383.0,26132.81818181818,579351.7894910548,23174.071579642194,8,11,0.24242424242424243,0.3333333333333333,28.787878787878785,Medium,Watson and Sons,General Practitioner,Virginia
481,37,1020857.098139745,27590.732382155267,508974.3384911866,22129.319064834202,14,11,0.3783783783783784,0.2972972972972973,33.78378378378378,Medium,Marshall-Burke,Dermatologist,Hawaii
482,52,1240738.0,23860.346153846152,888655.348080791,22216.383702019775,12,13,0.23076923076923078,0.25,24.03846153846154,Medium,King and Sons,General Practitioner,Connecticut
483,35,952734.9307059158,27220.998020169023,551499.9688276079,22979.165367816997,11,14,0.3142857142857143,0.4,35.714285714285715,Medium,"Freeman, Banks and Howell",General Practitioner,Massachusetts
484,35,922824.0,26366.4,688418.0787804964,25496.965880759126,8,12,0.22857142857142856,0.34285714285714286,28.57142857142857,Medium,"Yang, Anderson and Jones",Oncologist,Connecticut
485,33,821923.0,24906.757575757576,575092.8319228527,21299.73451566121,6,11,0.18181818181818182,0.3333333333333333,25.757575757575758,Medium,Rowe Inc,General Practitioner,Rhode Island
486,29,734825.0,25338.793103448275,523843.7402494572,22775.81479345466,6,10,0.20689655172413793,0.3448275862068966,27.586206896551726,Medium,Schroeder Group,General Practitioner,Delaware
487,38,1044340.0,27482.63157894737,684993.7954562295,25370.140572452943,11,17,0.2894736842105263,0.4473684210526316,36.8421052631579,Medium,Howe LLC,Orthopedic,Arkansas
488,43,1054688.0,24527.627906976744,718542.4979692088,23178.79025707125,12,15,0.27906976744186046,0.3488372093023256,31.3953488372093,Medium,"Anderson, Olson and Warner",Dermatologist,Arkansas
489,49,1257538.0,25664.04081632653,952366.5812871761,23809.164532179402,9,25,0.1836734693877551,0.5102040816326531,34.69387755102041,Medium,Benson Inc,Cardiologist,Maine
490,46,1131303.0,24593.543478260868,674542.6747390798,21079.458585596243,14,19,0.30434782608695654,0.41304347826086957,35.869565217391305,Medium,Williams Inc,Cardiologist,Wisconsin
491,42,872589.0,20775.928571428572,494363.1022602009,17655.82508072146,14,15,0.3333333333333333,0.35714285714285715,34.52380952380952,Medium,"Cunningham, White and Berry",General Practitioner,New Mexico
492,32,725243.0,22663.84375,447000.33601373195,20318.19709153327,10,15,0.3125,0.46875,39.0625,Medium,"Frost, Powell and Velazquez",Dermatologist,Missouri
493,49,1206637.0,24625.244897959183,912614.4503642354,21223.59186893571,6,20,0.12244897959183673,0.40816326530612246,26.53061224489796,Medium,Daniel-West,Oncologist,North Carolina
494,34,1033295.4127557137,30391.04155163864,809944.1418655427,27929.108340191127,5,13,0.14705882352941177,0.38235294117647056,26.470588235294116,Medium,Gross-Webb,Cardiologist,Hawaii
495,45,1129552.7616669342,25101.17248148743,843060.7212791279,22785.42489943589,8,21,0.17777777777777778,0.4666666666666667,32.22222222222222,Medium,Henderson-Hayes,Orthopedic,West Virginia
496,37,877064.0,23704.432432432433,591785.2340919864,21917.971633036534,10,15,0.2702702702702703,0.40540540540540543,33.78378378378378,Medium,Thomas LLC,Orthopedic,Michigan
497,38,1058119.5225734538,27845.250594038258,664850.411971792,21446.787482961034,7,15,0.18421052631578946,0.39473684210526316,28.94736842105263,Medium,Morris-Cruz,Orthopedic,California
498,39,1036987.0,26589.410256410258,774469.906571488,24982.900211983484,8,20,0.20512820512820512,0.5128205128205128,35.8974358974359,Medium,Miller and Sons,Oncologist,South Dakota
499,41,1134383.0,27667.878048780487,695539.0788840897,23984.106168416885,12,13,0.2926829268292683,0.3170731707317073,30.487804878048777,Medium,Simmons-Tucker,Oncologist,Virginia
500,54,1528249.69005684,28300.920186237778,989809.4351942923,23566.891314149816,12,18,0.2222222222222222,0.3333333333333333,27.777777777777775,Medium,Haas-King,Oncologist,North Carolina
501,48,1081027.0,22521.395833333332,804066.1905220436,20617.081808257528,9,22,0.1875,0.4583333333333333,32.291666666666664,Medium,Perez-Martinez,Dermatologist,Rhode Island
502,41,1072560.0,26160.0,738736.3076655635,22385.94871713829,8,13,0.1951219512195122,0.3170731707317073,25.609756097560975,Medium,"Walker, Chase and Smith",Dermatologist,Oklahoma
503,38,898687.0,23649.657894736843,725510.0093594323,21985.151798770676,5,17,0.13157894736842105,0.4473684210526316,28.94736842105263,Medium,"Diaz, Hicks and Nichols",Dermatologist,Kentucky
504,38,888358.0,23377.842105263157,590776.6097607597,21099.16463431285,10,12,0.2631578947368421,0.3157894736842105,28.94736842105263,Medium,"Miller, Alvarado and Moses",Oncologist,Indiana
505,45,1142537.0,25389.71111111111,728318.0796941784,23494.131603038015,14,12,0.3111111111111111,0.26666666666666666,28.88888888888889,Medium,"Phillips, Donovan and Campbell",Cardiologist,New Mexico
506,37,909988.0,24594.27027027027,547871.6540267592,19566.84478666997,9,13,0.24324324324324326,0.35135135135135137,29.729729729729733,Medium,"Wong, Diaz and Young",Cardiologist,Connecticut
507,40,1073410.0,26835.25,855348.361979008,25919.647332697212,7,13,0.175,0.325,25.0,Medium,Knox-Gallegos,Cardiologist,Minnesota
508,52,1333635.0,25646.826923076922,953734.302294362,24454.725699855437,13,22,0.25,0.4230769230769231,33.65384615384615,Medium,"Johnson, Maddox and Walton",Dermatologist,Kentucky
509,39,827648.0,21221.74358974359,573773.4706631273,19125.782355437575,9,19,0.23076923076923078,0.48717948717948717,35.8974358974359,Medium,"Martin, Esparza and Pittman",Dermatologist,Illinois
510,51,1532780.0,30054.50980392157,1129822.2671791965,27556.64066290723,10,20,0.19607843137254902,0.39215686274509803,29.411764705882355,Medium,Gomez Group,Cardiologist,Hawaii
511,34,875604.0,25753.058823529413,650156.0046896539,24079.852025542736,7,11,0.20588235294117646,0.3235294117647059,26.470588235294116,Medium,Patel PLC,Oncologist,Illinois
512,51,1353764.5768847233,26544.403468327906,929565.5843671032,22132.51391350246,9,16,0.17647058823529413,0.3137254901960784,24.509803921568626,Medium,Jones and Sons,Cardiologist,Maryland
513,38,797906.0,20997.526315789473,612914.9070536525,19771.44861463395,7,17,0.18421052631578946,0.4473684210526316,31.57894736842105,Medium,Hughes-Garcia,Cardiologist,Kansas
514,44,1186186.0,26958.772727272728,779212.5136300337,23612.500413031325,11,16,0.25,0.36363636363636365,30.681818181818183,Medium,Rodriguez Inc,General Practitioner,New Jersey
515,41,800053.0,19513.48780487805,618206.3600639096,19318.948751997174,9,19,0.21951219512195122,0.4634146341463415,34.146341463414636,Medium,Welch-Smith,Dermatologist,Alaska
516,47,1226204.0,26089.44680851064,740950.3429342144,22453.040694976193,14,17,0.2978723404255319,0.3617021276595745,32.97872340425532,Medium,Ross Ltd,General Practitioner,Maine
517,32,781388.0,24418.375,459370.5963065944,20880.481650299746,10,12,0.3125,0.375,34.375,Medium,Jones LLC,General Practitioner,Arkansas
518,43,1010792.0,23506.79069767442,681239.1463044853,20643.61049407531,10,16,0.23255813953488372,0.37209302325581395,30.232558139534884,Medium,"Graham, Murphy and Lopez",Orthopedic,Pennsylvania
519,50,1298334.356764708,25966.68713529416,917042.5303237218,21834.345960088616,8,16,0.16,0.32,24.0,Medium,Cannon-Strickland,General Practitioner,Montana
520,52,1612038.6409016442,31000.74309426239,1093681.6467579897,25434.456901348596,9,19,0.17307692307692307,0.36538461538461536,26.92307692307692,Medium,"Blackburn, Webb and Miller",Oncologist,Texas
521,32,814858.0,25464.3125,523345.2013585338,20933.808054341353,7,12,0.21875,0.375,29.6875,Medium,"Miller, Lamb and Johnson",Cardiologist,New York
522,36,769769.0,21382.472222222223,595636.7354491145,19854.557848303815,6,13,0.16666666666666666,0.3611111111111111,26.388888888888886,Medium,"Duncan, Miller and Drake",Orthopedic,Ohio
523,39,1054725.8948147264,27044.253713198115,700368.9491760541,23345.6316392018,9,16,0.23076923076923078,0.41025641025641024,32.05128205128205,Medium,Cruz Inc,Oncologist,Vermont
524,51,1523388.4363483067,29870.36149702562,970785.6253177156,24891.939110710657,12,17,0.23529411764705882,0.3333333333333333,28.431372549019606,Medium,Mitchell-Huynh,Orthopedic,Missouri
525,47,971745.0,20675.425531914894,680980.135077211,17920.52987045292,9,12,0.19148936170212766,0.2553191489361702,22.340425531914896,Medium,"Mendoza, Greene and Phelps",Orthopedic,Ohio
526,38,1022411.0,26905.552631578947,752587.4997314558,24277.016120369542,7,20,0.18421052631578946,0.5263157894736842,35.526315789473685,Medium,"Jordan, Mcconnell and Young",Orthopedic,Connecticut
527,42,985493.0,23464.119047619046,593511.9693887576,21981.924792176207,15,17,0.35714285714285715,0.40476190476190477,38.095238095238095,Medium,Miller Ltd,General Practitioner,Maine
528,42,1197454.0,28510.809523809523,916321.2651606493,26180.607576018552,7,16,0.16666666666666666,0.38095238095238093,27.38095238095238,Medium,"Montgomery, Morton and Olsen",Oncologist,Maine
529,27,714490.0,26462.59259259259,446636.05573485396,24813.114207491886,9,7,0.3333333333333333,0.25925925925925924,29.629629629629626,Medium,Fitzpatrick LLC,Orthopedic,Nebraska
530,40,1116501.0,27912.525,803227.742041699,25100.866938803094,8,13,0.2,0.325,26.25,Medium,Stewart PLC,Orthopedic,Oregon
531,47,1195444.0,25434.978723404256,739211.139740738,23100.34811689806,15,17,0.3191489361702128,0.3617021276595745,34.04255319148936,Medium,"Oneill, Burns and Huber",Cardiologist,Maryland
532,46,1058382.0,23008.304347826088,781596.1566012917,20568.31991056031,8,14,0.17391304347826086,0.30434782608695654,23.91304347826087,Medium,Rose Ltd,General Practitioner,South Carolina
533,52,1178727.9229528867,22667.844672170897,738713.5401010683,19965.23081354239,15,21,0.28846153846153844,0.40384615384615385,34.61538461538461,Medium,Carson-Chapman,Dermatologist,Tennessee
534,41,957635.0,23356.951219512193,598136.9934783824,19937.899782612745,11,17,0.2682926829268293,0.4146341463414634,34.146341463414636,Medium,Flores-Evans,Oncologist,New Mexico
535,47,1192714.0,25376.893617021276,749294.6492030289,22705.898460697845,14,16,0.2978723404255319,0.3404255319148936,31.914893617021278,Medium,Stokes-Sanchez,Cardiologist,Montana
536,42,968507.0,23059.690476190477,679586.6356987138,19987.84222643276,8,18,0.19047619047619047,0.42857142857142855,30.95238095238095,Medium,Wilson Group,Dermatologist,Virginia
537,37,1026884.0,27753.62162162162,647538.3933391361,23982.903457005043,10,12,0.2702702702702703,0.32432432432432434,29.729729729729733,Medium,"Ingram, Jones and Barber",Dermatologist,Nevada
538,44,1266731.0,28789.340909090908,875372.806297666,26526.44867568685,11,17,0.25,0.38636363636363635,31.818181818181817,Medium,Harrington Ltd,Oncologist,Montana
539,39,1027355.0,26342.4358974359,745335.7782134287,24043.08961978802,8,14,0.20512820512820512,0.358974358974359,28.205128205128204,Medium,"Guzman, Russell and Brown",Oncologist,Nebraska
540,33,952603.0,28866.757575757576,602363.860837164,26189.733079876696,10,10,0.30303030303030304,0.30303030303030304,30.303030303030305,Medium,Garcia and Sons,Dermatologist,Rhode Island
541,38,949287.0,24981.236842105263,572958.5800310469,22036.86846273257,12,13,0.3157894736842105,0.34210526315789475,32.89473684210526,Medium,Mcintyre-Ortiz,General Practitioner,Virginia
542,35,760488.0,21728.22857142857,536109.4073396989,19855.903975544403,8,9,0.22857142857142856,0.2571428571428571,24.285714285714285,Medium,"Li, Sanchez and Williams",Oncologist,Georgia
543,44,1334151.4206456048,30321.62319649102,711589.0627792345,27368.810106893634,18,16,0.4090909090909091,0.36363636363636365,38.63636363636364,Medium,Sanchez PLC,Orthopedic,New Jersey
544,30,825836.0,27527.866666666665,581556.5690030615,25285.068217524415,7,14,0.23333333333333334,0.4666666666666667,35.0,Medium,"Lester, Campos and Patterson",General Practitioner,Mississippi
545,34,986576.0,29016.941176470587,710677.8765802244,26321.402836304605,7,13,0.20588235294117646,0.38235294117647056,29.41176470588235,Medium,Coleman Group,Oncologist,Washington
546,45,1140506.0,25344.577777777777,804823.3553390128,22994.95300968608,10,22,0.2222222222222222,0.4888888888888889,35.55555555555556,Medium,"Coleman, Richards and Chavez",Orthopedic,Kentucky
547,38,831905.0,21892.236842105263,671787.3413844584,19758.45121718995,4,15,0.10526315789473684,0.39473684210526316,25.0,Medium,Jones PLC,Oncologist,Nevada
548,47,1417247.4393079088,30154.200836338485,822252.4454118686,25695.388919120895,15,12,0.3191489361702128,0.2553191489361702,28.72340425531915,Medium,"Daniels, Walker and Allen",Oncologist,Florida
549,45,1304183.7071728788,28981.860159397307,830990.998385321,25968.46869954128,13,13,0.28888888888888886,0.28888888888888886,28.888888888888886,Medium,King-Floyd,General Practitioner,Minnesota
550,36,959192.5027494323,26644.23618748423,582962.0264855064,20820.072374482374,8,11,0.2222222222222222,0.3055555555555556,26.38888888888889,Medium,Gilmore-Jones,Orthopedic,Maryland
551,41,1137568.0,27745.560975609755,839901.2266257734,24702.977253699217,7,15,0.17073170731707318,0.36585365853658536,26.829268292682926,Medium,"Bradford, Hernandez and Hart",Dermatologist,Connecticut
552,36,881136.0,24476.0,672265.8893713169,21008.309042853652,4,13,0.1111111111111111,0.3611111111111111,23.611111111111107,Medium,Christensen Group,Cardiologist,West Virginia
553,42,1242006.004604474,29571.57153820176,833238.8586951036,23806.824534145817,7,18,0.16666666666666666,0.42857142857142855,29.76190476190476,Medium,"Perkins, Martinez and Atkins",Dermatologist,New Mexico
554,42,920508.0,21916.85714285714,695760.9266992387,19326.692408312185,6,22,0.14285714285714285,0.5238095238095238,33.333333333333336,Medium,Hunt-Lutz,Orthopedic,Ohio
555,35,931255.0,26607.285714285714,489042.8863147839,22229.22210521745,13,9,0.37142857142857144,0.2571428571428571,31.42857142857143,Medium,Wilson-Hansen,Cardiologist,New Jersey
556,37,955390.0237687441,25821.35199374984,556479.3637878132,22259.17455151253,12,13,0.32432432432432434,0.35135135135135137,33.78378378378379,Medium,"Mitchell, Stevens and Cain",General Practitioner,Minnesota
557,37,931752.780647086,25182.507585056377,516644.4128397002,21526.85053498751,13,8,0.35135135135135137,0.21621621621621623,28.37837837837838,Medium,"Barnes, Daniels and Holloway",Cardiologist,New Jersey
558,44,949094.0,21570.31818181818,689988.5607187937,19166.34890885538,8,19,0.18181818181818182,0.4318181818181818,30.68181818181818,Medium,"King, Beck and Franco",General Practitioner,Kentucky
559,36,753691.0,20935.86111111111,508595.6758097539,19561.372146528996,10,17,0.2777777777777778,0.4722222222222222,37.5,Medium,Harper PLC,General Practitioner,Maryland
560,38,914177.0,24057.28947368421,600995.8366814702,20033.194556049006,8,18,0.21052631578947367,0.47368421052631576,34.21052631578947,Medium,Miles-Avila,Dermatologist,Wisconsin
561,33,1056143.0,32004.333333333332,709759.0154760281,28390.360619041123,8,12,0.24242424242424243,0.36363636363636365,30.303030303030305,Medium,"Yang, George and Morales",Cardiologist,Washington
562,30,789024.0,26300.8,605598.3090071678,23292.242654121837,4,16,0.13333333333333333,0.5333333333333333,33.333333333333336,Medium,"Delacruz, Smith and Holland",General Practitioner,Maine
563,29,783250.2317461766,27008.628680902642,502569.23532302206,21850.836318392263,6,8,0.20689655172413793,0.27586206896551724,24.137931034482758,Medium,Palmer PLC,Cardiologist,Colorado
564,40,1004964.42974275,25124.11074356875,726281.7802452117,24209.39267484039,10,15,0.25,0.375,31.25,Medium,"Owen, Murray and Rivera",Orthopedic,Wisconsin
565,35,895985.0,25599.571428571428,606106.2554870972,22448.37983285545,8,15,0.22857142857142856,0.42857142857142855,32.857142857142854,Medium,Olson-Carr,Dermatologist,West Virginia
566,37,764607.0,20665.054054054053,466175.721299725,16075.02487240431,8,15,0.21621621621621623,0.40540540540540543,31.08108108108108,Medium,Jones Group,Orthopedic,Texas
567,40,1032492.6547565337,25812.316368913343,647265.3013745637,22319.493150847025,11,9,0.275,0.225,25.0,Medium,Fisher-Miller,Cardiologist,Wisconsin
568,42,1003856.0,23901.333333333332,648058.050112071,20905.098390711966,11,18,0.2619047619047619,0.42857142857142855,34.523809523809526,Medium,Lewis Group,Oncologist,Wyoming
569,42,995720.0,23707.619047619046,727449.8339059608,22043.93436078669,9,22,0.21428571428571427,0.5238095238095238,36.904761904761905,Medium,"Terrell, Williams and Brooks",Cardiologist,West Virginia
570,43,1037031.0,24117.0,689854.4472488322,22253.369266091362,12,17,0.27906976744186046,0.3953488372093023,33.72093023255814,Medium,Diaz-Dawson,General Practitioner,Texas
571,44,1221665.5445407664,27765.126012290144,739695.5727324338,25506.743887325305,15,16,0.3409090909090909,0.36363636363636365,35.22727272727273,Medium,Stevens Group,Dermatologist,Colorado
572,38,896727.0,23598.07894736842,587177.5772419497,20970.62775864106,10,13,0.2631578947368421,0.34210526315789475,30.263157894736842,Medium,Bray Ltd,Oncologist,Rhode Island
573,43,1186456.0,27592.0,815141.9870516189,24701.27233489754,10,15,0.23255813953488372,0.3488372093023256,29.069767441860463,Medium,"Salazar, Torres and Rhodes",Cardiologist,Idaho
574,31,804821.0,25961.967741935485,451610.65352126496,21505.269215298333,10,14,0.3225806451612903,0.45161290322580644,38.70967741935483,Medium,Alvarado-Smith,Dermatologist,Hawaii
575,35,927660.7763366498,26504.593609618565,439559.9402087526,21977.99701043763,15,11,0.42857142857142855,0.3142857142857143,37.14285714285714,Medium,"Brown, Jennings and Blair",General Practitioner,Florida
576,35,914346.0,26124.17142857143,580725.2645499595,22335.587098075364,9,15,0.2571428571428571,0.42857142857142855,34.285714285714285,Medium,"Moreno, Conner and Trevino",Cardiologist,Maine
577,33,890606.0,26988.060606060608,637475.811925323,26561.492163555125,9,11,0.2727272727272727,0.3333333333333333,30.303030303030297,Medium,Thompson-Bailey,Orthopedic,Maryland
578,51,1477106.4554199048,28962.871674900092,1003952.9309430147,23903.64121292892,9,18,0.17647058823529413,0.35294117647058826,26.47058823529412,Medium,King-Clark,Oncologist,Louisiana
579,33,747413.0,22648.878787878788,457546.80907504633,19893.339525002015,10,12,0.30303030303030304,0.36363636363636365,33.333333333333336,Medium,"Robinson, Hernandez and Garcia",Dermatologist,New Mexico
580,35,817759.7058559401,23364.56302445543,604967.9047274608,21605.996597409314,7,18,0.2,0.5142857142857142,35.71428571428571,Medium,Castro-Paul,Cardiologist,Nevada
581,39,1056067.1352999553,27078.64449487065,737000.1530436228,23774.198485278157,8,19,0.20512820512820512,0.48717948717948717,34.61538461538461,Medium,Randall-Morrison,Dermatologist,Delaware
582,36,929127.0,25809.083333333332,636704.0911270977,21955.313487141302,7,10,0.19444444444444445,0.2777777777777778,23.611111111111114,Medium,"Bailey, Bryan and Scott",Oncologist,Maine
583,43,999002.0,23232.60465116279,578384.661243529,21421.6541201307,16,16,0.37209302325581395,0.37209302325581395,37.2093023255814,Medium,"Robinson, Roberts and Lozano",Orthopedic,Kentucky
584,26,605526.0,23289.46153846154,419154.92645469523,19959.758402604533,5,10,0.19230769230769232,0.38461538461538464,28.84615384615385,Medium,Smith-Espinoza,Cardiologist,North Dakota
585,46,1102673.0,23971.152173913044,665384.6049524515,21464.01951459521,15,17,0.32608695652173914,0.3695652173913043,34.78260869565217,Medium,Le Group,Oncologist,Michigan
586,38,858379.5413361026,22588.93529831849,493845.13803435507,18994.043770552118,12,11,0.3157894736842105,0.2894736842105263,30.263157894736842,Medium,Buckley Ltd,General Practitioner,Vermont
587,39,924171.0,23696.69230769231,817278.2059141935,21507.32120826825,1,22,0.02564102564102564,0.5641025641025641,29.487179487179485,Medium,Gutierrez Group,Cardiologist,Florida
588,44,1075521.4643011845,24443.669643208737,765766.9047757245,20696.402831776337,7,20,0.1590909090909091,0.45454545454545453,30.68181818181818,Medium,Long LLC,General Practitioner,South Carolina
589,36,1045200.7972891954,29033.355480255428,696107.3979149613,24860.978496962904,8,17,0.2222222222222222,0.4722222222222222,34.72222222222222,Medium,Reynolds and Sons,Orthopedic,North Carolina
590,33,966426.1123572723,29285.63976840219,511229.3709988721,20449.174839954885,8,10,0.24242424242424243,0.30303030303030304,27.272727272727273,Medium,Raymond Group,Orthopedic,New York
591,41,961514.0,23451.560975609755,634717.8982841277,20474.770912391217,10,13,0.24390243902439024,0.3170731707317073,28.048780487804876,Medium,"Martin, Lewis and White",Cardiologist,South Carolina
592,48,1232547.0,25678.0625,797419.869659752,22150.551934993113,12,13,0.25,0.2708333333333333,26.041666666666664,Medium,Zimmerman Inc,Dermatologist,Texas
593,36,755422.0,20983.944444444445,407606.2691277581,17722.011701206873,13,12,0.3611111111111111,0.3333333333333333,34.722222222222214,Medium,"Ramirez, Olson and Norris",Dermatologist,Missouri
594,37,915573.0,24745.216216216217,649981.0280965203,24073.371410982236,10,14,0.2702702702702703,0.3783783783783784,32.432432432432435,Medium,Middleton PLC,Dermatologist,New Hampshire
595,48,1173204.0,24441.75,678422.1040505784,22614.07013501928,18,10,0.375,0.20833333333333334,29.166666666666668,Medium,Lopez-Kaufman,Dermatologist,Illinois
596,40,1054527.8759346511,26363.196898366277,579157.1621813568,22275.275468513722,14,13,0.35,0.325,33.75,Medium,Jordan PLC,Oncologist,Nebraska
597,39,951885.4324544043,24407.31878088216,614042.9551652424,24561.718206609698,14,17,0.358974358974359,0.4358974358974359,39.743589743589745,Medium,Watkins Inc,Cardiologist,Kentucky
598,41,1143214.47393889,27883.27985216805,742548.4745705026,20626.346515847297,5,18,0.12195121951219512,0.43902439024390244,28.04878048780488,Medium,"Moore, Huynh and Davis",Dermatologist,Colorado
599,49,1205844.0,24609.061224489797,755555.9961764328,22222.235181659787,15,18,0.30612244897959184,0.3673469387755102,33.673469387755105,Medium,Jackson Group,Orthopedic,Texas
600,43,865814.0,20135.20930232558,543225.216304874,17523.394074350777,12,15,0.27906976744186046,0.3488372093023256,31.3953488372093,Medium,"Huffman, Kline and Fowler",Cardiologist,Idaho
601,47,1137649.0,24205.297872340427,740564.6451447507,23142.64516077346,15,20,0.3191489361702128,0.425531914893617,37.234042553191486,Medium,"Wong, Wyatt and Terrell",Dermatologist,North Carolina
602,29,569636.0,19642.620689655174,450159.8430392452,18006.39372156981,4,13,0.13793103448275862,0.4482758620689655,29.310344827586206,Medium,"Anderson, Griffin and Washington",General Practitioner,California
603,43,1224332.040638645,28472.838154387093,704280.6815378207,22718.731662510345,12,19,0.27906976744186046,0.4418604651162791,36.04651162790698,Medium,Cruz Group,Cardiologist,Vermont
604,40,1240535.1424918093,31013.378562295235,788354.6052565789,25430.79371795416,9,12,0.225,0.3,26.25,Medium,"Hernandez, Garner and Wall",Dermatologist,Washington
605,47,1230278.1788239838,26176.13146434008,837481.1527169388,22634.625749106453,10,25,0.2127659574468085,0.5319148936170213,37.234042553191486,Medium,Jackson-Gonzalez,Oncologist,Oregon
606,36,836461.6778949816,23235.046608193934,454135.4018289606,19745.017470824372,13,12,0.3611111111111111,0.3333333333333333,34.722222222222214,Medium,Patrick-Obrien,General Practitioner,Iowa
607,35,869565.0,24844.714285714286,585323.3275997983,20904.404557135655,7,12,0.2,0.34285714285714286,27.142857142857142,Medium,"Barnes, Smith and Silva",General Practitioner,Wyoming
608,32,670246.0,20945.1875,394317.80047263775,18777.038117744654,11,11,0.34375,0.34375,34.375,Medium,Campbell-Martin,Orthopedic,Oklahoma
609,41,1006972.0,24560.29268292683,744554.4332821964,21898.65980241754,7,17,0.17073170731707318,0.4146341463414634,29.268292682926827,Medium,Gentry-Brown,Dermatologist,Massachusetts
610,39,889280.0,22802.05128205128,685285.1836285752,22105.97366543791,8,19,0.20512820512820512,0.48717948717948717,34.61538461538461,Medium,Smith Ltd,Dermatologist,Colorado
611,31,874044.5773648818,28194.98636660909,566622.516629596,24635.76159259113,8,7,0.25806451612903225,0.22580645161290322,24.193548387096772,Medium,Thomas Inc,Cardiologist,Wyoming
612,45,1268823.6637920288,28196.08141760064,838788.1723790468,23965.37635368705,10,17,0.2222222222222222,0.37777777777777777,30.0,Medium,Jones Ltd,Orthopedic,Arkansas
613,41,960984.0,23438.634146341465,548795.4369574469,19599.83703419453,13,9,0.3170731707317073,0.21951219512195122,26.829268292682926,Medium,Briggs LLC,General Practitioner,North Dakota
614,42,900193.0,21433.166666666668,564293.5013153113,18203.016171461655,11,15,0.2619047619047619,0.35714285714285715,30.952380952380956,Medium,Stevens-Joseph,Oncologist,New Mexico
615,30,805957.0,26865.233333333334,618287.086544235,25761.961939343124,6,10,0.2,0.3333333333333333,26.666666666666664,Medium,Wagner LLC,Dermatologist,Idaho
616,47,1070186.0,22769.91489361702,812371.8406157369,20830.047195275307,8,18,0.1702127659574468,0.3829787234042553,27.659574468085108,Medium,Ramsey-Ramirez,General Practitioner,Texas
617,47,1143664.0712489018,24333.278111678763,602269.221869496,18820.91318342175,15,15,0.3191489361702128,0.3191489361702128,31.914893617021278,Medium,Avery and Sons,Dermatologist,Texas
618,47,974925.0,20743.08510638298,734049.4592168706,18351.236480421765,7,22,0.14893617021276595,0.46808510638297873,30.851063829787236,Medium,"Jennings, Rodriguez and Andrade",Dermatologist,Oregon
619,29,745840.0,25718.620689655174,481964.4266908867,21907.473940494852,7,14,0.2413793103448276,0.4827586206896552,36.206896551724135,Medium,Jones PLC,Oncologist,Delaware
620,35,917742.0,26221.2,596115.3410330575,22078.345964187316,8,17,0.22857142857142856,0.4857142857142857,35.714285714285715,Medium,"Cameron, Lawson and Elliott",Oncologist,Florida
621,54,1260653.0,23345.425925925927,844070.2460163484,22212.37489516706,16,18,0.2962962962962963,0.3333333333333333,31.481481481481477,Medium,Smith-Russell,Oncologist,Oregon
622,38,927049.0,24396.026315789473,593805.9410642061,20476.066933248487,9,15,0.23684210526315788,0.39473684210526316,31.57894736842105,Medium,"Knox, Bell and Dixon",Cardiologist,Maine
623,37,900535.0,24338.783783783783,632628.8643208363,21087.628810694543,7,14,0.1891891891891892,0.3783783783783784,28.37837837837838,Medium,"Frank, Morse and Guzman",Oncologist,Utah
624,42,1066681.0,25397.166666666668,681953.7755551357,22731.792518504524,12,10,0.2857142857142857,0.23809523809523808,26.19047619047619,Medium,Duffy Inc,Oncologist,North Carolina
625,39,975221.0,25005.666666666668,802346.8956633438,24313.542292828603,6,17,0.15384615384615385,0.4358974358974359,29.48717948717949,Medium,"Reid, Marquez and Valdez",Oncologist,Idaho
626,39,1021912.0,26202.871794871793,759371.1002386432,24495.84194318204,8,13,0.20512820512820512,0.3333333333333333,26.92307692307692,Medium,"Yu, Howe and Wang",Oncologist,Rhode Island
627,41,1061838.0,25898.48780487805,794445.2414602914,23366.036513537983,7,18,0.17073170731707318,0.43902439024390244,30.487804878048784,Medium,Carr LLC,Orthopedic,Indiana
628,36,848053.0,23557.027777777777,557323.7820931704,20641.62155900631,9,14,0.25,0.3888888888888889,31.944444444444446,Medium,Boyd-Lee,Cardiologist,Utah
629,52,1321231.0,25408.28846153846,843451.2633321565,22196.08587716201,14,14,0.2692307692307692,0.2692307692307692,26.923076923076923,Medium,"Miller, Durham and Kaiser",Dermatologist,North Dakota
630,49,1303683.399924545,26605.78367192949,890292.7554458787,24061.966363402127,12,19,0.24489795918367346,0.3877551020408163,31.632653061224488,Medium,Mack LLC,Cardiologist,Delaware
631,41,1028585.0096768215,25087.43926041028,758921.3844353547,21683.46812672442,6,21,0.14634146341463414,0.5121951219512195,32.92682926829268,Medium,"Garcia, Strickland and Erickson",Cardiologist,Wyoming
632,41,1061508.0,25890.439024390245,698343.5746305797,21823.236707205615,9,21,0.21951219512195122,0.5121951219512195,36.58536585365854,Medium,"Shelton, Jones and Miles",Cardiologist,South Dakota
633,49,1220553.0,24909.244897959183,884388.1271093473,22676.618643829417,10,18,0.20408163265306123,0.3673469387755102,28.571428571428573,Medium,Finley-Valencia,Oncologist,Arkansas
634,39,934600.0,23964.102564102563,572680.7811423565,19089.359371411883,9,13,0.23076923076923078,0.3333333333333333,28.205128205128204,Medium,Rose-Foley,Cardiologist,Colorado
635,40,942303.0,23557.575,646579.1151378074,21552.63717126025,10,13,0.25,0.325,28.75,Medium,Washington-Walker,Orthopedic,Indiana
636,34,695858.0,20466.41176470588,541372.3609038303,20050.828181623343,7,13,0.20588235294117646,0.38235294117647056,29.41176470588235,Medium,"Martinez, Liu and Young",Dermatologist,Texas
637,41,1311512.7061344814,31988.114783767836,894727.1502791787,26315.504419975845,7,18,0.17073170731707318,0.43902439024390244,30.487804878048784,Medium,Wheeler PLC,Cardiologist,Nebraska
638,41,1114482.0,27182.48780487805,749241.6706346491,24974.722354488305,11,21,0.2682926829268293,0.5121951219512195,39.02439024390244,Medium,"Vasquez, Fletcher and Thompson",Dermatologist,Alaska
639,44,1077950.0,24498.863636363636,788030.4976422718,23177.367577713878,10,17,0.22727272727272727,0.38636363636363635,30.68181818181818,Medium,Rogers-Gibson,General Practitioner,Arizona
640,41,1126215.0,27468.658536585364,776501.5141147171,25048.435939184423,10,14,0.24390243902439024,0.34146341463414637,29.26829268292683,Medium,"Davis, Johnson and Rich",General Practitioner,Michigan
641,54,1186750.8690006416,21976.867944456328,718012.9034785255,18410.58726868014,15,21,0.2777777777777778,0.3888888888888889,33.333333333333336,Medium,"Wilkinson, Long and Jones",Cardiologist,West Virginia
642,41,993104.5275582239,24222.06164776156,626100.3800583362,18972.73878964655,8,19,0.1951219512195122,0.4634146341463415,32.926829268292686,Medium,Smith-Stein,Orthopedic,Maine
643,35,835751.0,23878.6,395804.3487388578,17208.884727776425,12,13,0.34285714285714286,0.37142857142857144,35.714285714285715,Medium,"Frost, Jackson and Roman",General Practitioner,Hawaii
644,50,1317503.320313973,26350.066406279457,878039.6473915497,21415.601155891454,9,23,0.18,0.46,32.0,Medium,"Hicks, Mathews and Guzman",General Practitioner,New Mexico
645,33,783949.0,23756.030303030304,413135.2032461889,20656.760162309445,13,7,0.3939393939393939,0.21212121212121213,30.3030303030303,Medium,"Acosta, Anderson and Leon",Orthopedic,Illinois
646,47,1464446.744051832,31158.441362804937,833513.4708296438,25257.98396453466,14,13,0.2978723404255319,0.2765957446808511,28.72340425531915,Medium,"Vasquez, Long and Gutierrez",Oncologist,Maryland
647,38,1143504.1312583652,30092.213980483295,572977.4085367325,23874.058689030524,14,18,0.3684210526315789,0.47368421052631576,42.10526315789473,Medium,"Stevens, Smith and Moore",Cardiologist,Idaho
648,35,872987.9266363942,24942.512189611265,496046.50432324904,20668.604346802043,11,13,0.3142857142857143,0.37142857142857144,34.285714285714285,Medium,Willis PLC,General Practitioner,New Hampshire
649,49,1107009.0,22592.020408163266,684644.0284598501,19561.25795599572,14,19,0.2857142857142857,0.3877551020408163,33.673469387755105,Medium,"Rosario, Lee and Nguyen",Orthopedic,North Carolina
650,36,982017.1022071106,27278.252839086406,793076.611620637,23325.782694724618,2,7,0.05555555555555555,0.19444444444444445,12.5,Low,Hunter-Walsh,General Practitioner,Nevada
651,41,1029726.1895333832,25115.27291544837,708735.013365818,23624.500445527265,11,17,0.2682926829268293,0.4146341463414634,34.146341463414636,Medium,Chandler-Rodriguez,Dermatologist,Minnesota
652,47,1203664.0,25609.872340425532,580175.7798018702,20006.061372478285,18,14,0.3829787234042553,0.2978723404255319,34.04255319148936,Medium,"Trevino, Thornton and Perkins",General Practitioner,Illinois
653,34,868548.1419336915,25545.533586285044,598422.1601469625,23016.236928729326,8,14,0.23529411764705882,0.4117647058823529,32.35294117647059,Medium,Thompson-Newman,Dermatologist,Maryland
654,45,1090992.0,24244.266666666666,753772.1279908863,22169.768470320185,11,20,0.24444444444444444,0.4444444444444444,34.44444444444444,Medium,"Flores, Tran and Woodard",Oncologist,Wyoming
655,45,1268857.0,28196.82222222222,748888.2306034189,24962.94102011396,15,15,0.3333333333333333,0.3333333333333333,33.33333333333333,Medium,Kelly Group,Orthopedic,Massachusetts
656,39,1005160.0,25773.333333333332,569819.9705619854,21916.152713922515,13,12,0.3333333333333333,0.3076923076923077,32.05128205128205,Medium,Dean Ltd,Oncologist,Texas
657,38,881518.0,23197.842105263157,561875.863064343,20066.99510944082,10,10,0.2631578947368421,0.2631578947368421,26.31578947368421,Medium,Castro and Sons,Dermatologist,Maine
658,32,916697.0,28646.78125,657145.3065563736,26285.812262254945,7,13,0.21875,0.40625,31.25,Medium,Adams LLC,General Practitioner,Pennsylvania
659,31,839731.0,27088.09677419355,633483.6028206577,24364.75395464068,5,18,0.16129032258064516,0.5806451612903226,37.09677419354839,Medium,Hoover and Sons,Oncologist,Rhode Island
660,45,1374415.1955367827,30542.559900817396,788909.405964359,23906.345635283604,12,15,0.26666666666666666,0.3333333333333333,30.0,Medium,"Garcia, Griffin and Smith",Dermatologist,Iowa
661,50,1386534.1866422798,27730.6837328456,990922.805943363,23044.716417287513,7,21,0.14,0.42,28.0,Medium,"Farrell, Hart and Tran",Oncologist,Michigan
662,37,967684.0,26153.62162162162,687618.3924816521,23710.97905109145,8,8,0.21621621621621623,0.21621621621621623,21.62162162162162,Medium,Day and Sons,Dermatologist,Iowa
663,37,929941.0,25133.54054054054,654884.808678806,21829.493622626866,7,18,0.1891891891891892,0.4864864864864865,33.78378378378379,Medium,Davis-Allen,General Practitioner,New Jersey
664,40,827397.0,20684.925,490745.6846377031,18175.766097692707,13,11,0.325,0.275,30.0,Medium,"Flores, Nash and Wang",Oncologist,Louisiana
665,52,1435226.9907959346,27600.519053767974,925093.0124448399,24344.552959074736,14,18,0.2692307692307692,0.34615384615384615,30.769230769230766,Medium,"Jackson, Young and Williams",Orthopedic,Oklahoma
666,51,1272462.3922987736,24950.242986250465,861934.912103023,21022.802734220073,10,24,0.19607843137254902,0.47058823529411764,33.33333333333333,Medium,"Rojas, Wang and Orozco",Oncologist,Hawaii
667,44,1163175.0,26435.795454545456,701907.9811185049,22642.19293930661,13,11,0.29545454545454547,0.25,27.272727272727273,Medium,"Perez, Perry and Harris",Dermatologist,Oregon
668,43,1195271.385669935,27797.008969068258,806024.8787247761,23706.614080140473,9,17,0.20930232558139536,0.3953488372093023,30.232558139534884,Medium,"Juarez, Mack and Dyer",Cardiologist,Wyoming
669,24,628909.0,26204.541666666668,341439.05000710004,22762.60333380667,9,6,0.375,0.25,31.25,Medium,"Ross, Larson and Guerrero",General Practitioner,Hawaii
670,38,796352.0,20956.63157894737,583948.163341061,19464.938778035365,8,7,0.21052631578947367,0.18421052631578946,19.736842105263158,Low,Robinson-Morris,Oncologist,North Dakota
671,37,959725.0,25938.513513513513,685873.6320481008,22862.45440160336,7,17,0.1891891891891892,0.4594594594594595,32.432432432432435,Medium,Collier-Conrad,Dermatologist,Kansas
672,31,719193.0,23199.774193548386,605124.4780972352,22412.017707305007,4,15,0.12903225806451613,0.4838709677419355,30.645161290322584,Medium,Mahoney-Holt,Orthopedic,Vermont
673,33,676549.0,20501.484848484848,463017.77619237173,19292.407341348822,9,9,0.2727272727272727,0.2727272727272727,27.27272727272727,Medium,Brooks LLC,General Practitioner,Hawaii
674,31,703860.0,22705.16129032258,492541.25257493206,19701.650102997282,6,15,0.1935483870967742,0.4838709677419355,33.87096774193549,Medium,"Livingston, Torres and Barrett",General Practitioner,Connecticut
675,40,1173869.707934511,29346.742698362774,705701.0235233385,22053.156985104328,8,16,0.2,0.4,30.0,Medium,"Mcdonald, Frank and Henderson",Orthopedic,Vermont
676,39,825216.0,21159.384615384617,549750.5205341317,19633.947161933273,11,11,0.28205128205128205,0.28205128205128205,28.205128205128204,Medium,Pham-Martinez,Orthopedic,Washington
677,43,1037725.0,24133.13953488372,638717.9051416481,19959.934535676504,11,17,0.2558139534883721,0.3953488372093023,32.55813953488372,Medium,Brown-Cooper,Dermatologist,Kansas
678,34,954176.0,28064.0,591954.8420969681,23678.193683878722,9,9,0.2647058823529412,0.2647058823529412,26.47058823529412,Medium,Mullen and Sons,Oncologist,Indiana
679,41,1050990.0,25633.90243902439,795216.9459122908,24097.48320946336,8,21,0.1951219512195122,0.5121951219512195,35.36585365853659,Medium,Horne-Paul,General Practitioner,Ohio
680,36,939850.0,26106.944444444445,701121.2865918874,25040.045949710264,8,13,0.2222222222222222,0.3611111111111111,29.166666666666664,Medium,Johnson Inc,Cardiologist,Nebraska
681,39,990522.9468759615,25398.02427887081,561685.4536862684,20803.164951343275,12,11,0.3076923076923077,0.28205128205128205,29.48717948717949,Medium,Phillips PLC,Orthopedic,Arizona
682,42,1147244.0,27315.333333333332,815540.3635254784,23986.48128016113,8,18,0.19047619047619047,0.42857142857142855,30.95238095238095,Medium,"Cook, Wallace and Mcintosh",Orthopedic,Alabama
683,42,1460641.9906646742,34777.19025392082,927740.3233239984,28113.343131030255,9,16,0.21428571428571427,0.38095238095238093,29.76190476190476,Medium,Chung PLC,General Practitioner,Indiana
684,38,913504.0,24039.57894736842,672293.6287153674,21686.89124888282,7,19,0.18421052631578946,0.5,34.21052631578947,Medium,Morrison-Barber,Orthopedic,Mississippi
685,43,1158345.886198763,26938.276423227046,715928.4307187325,23094.465507055887,12,19,0.27906976744186046,0.4418604651162791,36.04651162790698,Medium,Smith LLC,Orthopedic,Oregon
686,38,978881.7487685794,25760.046020225775,649060.8426281789,19668.510382672088,5,18,0.13157894736842105,0.47368421052631576,30.26315789473684,Medium,Holland-Nunez,Oncologist,New Mexico
687,37,939002.5276190395,25378.446692406473,562408.9690897407,18746.965636324687,7,14,0.1891891891891892,0.3783783783783784,28.37837837837838,Medium,Woods-Kaufman,Dermatologist,Connecticut
688,41,996172.1454875735,24296.88159725789,722222.5615447587,21885.532168022994,8,17,0.1951219512195122,0.4146341463414634,30.487804878048777,Medium,Pierce-Peterson,Dermatologist,Idaho
689,30,763660.0,25455.333333333332,439019.8867870703,23106.309830898437,11,12,0.36666666666666664,0.4,38.33333333333333,Medium,"Smith, Davis and Young",Orthopedic,Alaska
690,39,1120382.0,28727.74358974359,800266.9481210375,27595.412004173704,10,13,0.2564102564102564,0.3333333333333333,29.487179487179482,Medium,Nguyen-Hawkins,Cardiologist,South Dakota
691,56,1528055.240087268,27286.700715844072,884319.1598213629,22107.978995534075,16,15,0.2857142857142857,0.26785714285714285,27.678571428571427,Medium,Cooper Inc,Orthopedic,Vermont
692,53,1508512.0,28462.490566037737,938153.9803686978,25355.512982937777,16,18,0.3018867924528302,0.33962264150943394,32.075471698113205,Medium,White-Berry,Cardiologist,Montana
693,40,1104436.0,27610.9,731143.9377587262,25211.859922714695,11,15,0.275,0.375,32.5,Medium,Brown Ltd,Cardiologist,Arkansas
694,58,1654231.1834608905,28521.227301049836,1101305.4283874466,25611.754148545268,15,20,0.25862068965517243,0.3448275862068966,30.172413793103452,Medium,Scott Ltd,Cardiologist,Kentucky
695,38,992722.0,26124.263157894737,647812.849354016,23993.068494593186,11,14,0.2894736842105263,0.3684210526315789,32.89473684210526,Medium,Chan-Kennedy,Cardiologist,Idaho
696,35,931713.0,26620.371428571427,624546.8840944468,24021.03400363257,9,13,0.2571428571428571,0.37142857142857144,31.42857142857143,Medium,Jones-Cline,General Practitioner,Virginia
697,35,869407.0,24840.2,669004.7514109398,23893.026836104993,7,10,0.2,0.2857142857142857,24.285714285714285,Medium,"Tapia, Chan and Davis",Orthopedic,Missouri
698,37,1078908.0,29159.675675675677,772707.0036983095,27596.678703511054,9,18,0.24324324324324326,0.4864864864864865,36.48648648648649,Medium,Cox PLC,General Practitioner,Nebraska
699,41,1008028.0,24586.048780487807,712706.6546901207,23756.88848967069,11,11,0.2682926829268293,0.2682926829268293,26.82926829268293,Medium,Yoder and Sons,Cardiologist,Minnesota
700,43,1003362.0,23334.0,640046.9686805378,20646.676409049607,12,15,0.27906976744186046,0.3488372093023256,31.3953488372093,Medium,Webb Ltd,Oncologist,Maine
701,46,1119146.0,24329.260869565216,939463.6088844534,24722.72654959088,8,22,0.17391304347826086,0.4782608695652174,32.608695652173914,Medium,Parrish and Sons,Dermatologist,Tennessee
702,49,1295694.8707342802,26442.752463964902,897317.0218568759,23008.12876556092,10,19,0.20408163265306123,0.3877551020408163,29.591836734693878,Medium,"Lopez, Rodriguez and Peterson",Orthopedic,Hawaii
703,42,1140430.489616675,27153.10689563512,570050.7378509422,21112.990290775637,15,14,0.35714285714285715,0.3333333333333333,34.52380952380952,Medium,Vargas-Davis,Orthopedic,California
704,32,887836.0,27744.875,616506.2941340496,23711.78054361729,6,15,0.1875,0.46875,32.8125,Medium,Leon-Simon,General Practitioner,Utah
705,44,1297574.6624240212,29490.333236909573,761297.6732947816,25376.589109826054,14,18,0.3181818181818182,0.4090909090909091,36.36363636363637,Medium,Patterson-James,Cardiologist,Delaware
706,31,804462.0,25950.387096774193,606544.291377492,24261.77165509968,6,15,0.1935483870967742,0.4838709677419355,33.87096774193549,Medium,Ritter-Perez,Cardiologist,Indiana
707,52,1573697.7528266185,30263.418323588816,852541.6207142916,24358.332020408332,17,16,0.3269230769230769,0.3076923076923077,31.730769230769234,Medium,Welch-Roberts,General Practitioner,Michigan
708,36,1087930.0,30220.277777777777,720513.2872165858,30021.386967357743,12,5,0.3333333333333333,0.1388888888888889,23.611111111111107,Medium,"Weiss, Marsh and Patel",Orthopedic,Kentucky
709,32,796590.0,24893.4375,504726.24848459027,20189.04993938361,7,11,0.21875,0.34375,28.125,Medium,Johnson and Sons,General Practitioner,Oklahoma
710,37,957449.0,25877.0,783134.8992314602,23033.379389160593,3,14,0.08108108108108109,0.3783783783783784,22.972972972972975,Medium,Harding and Sons,Dermatologist,Connecticut
711,28,690526.0,24661.64285714286,474466.23579653027,21566.647081660467,6,9,0.21428571428571427,0.32142857142857145,26.785714285714285,Medium,"Webb, Delacruz and Shaw",Orthopedic,Arizona
712,55,1421175.0,25839.545454545456,1050134.8906251525,26253.372265628812,15,17,0.2727272727272727,0.3090909090909091,29.090909090909086,Medium,Cordova Group,Cardiologist,Vermont
713,35,1019589.0,29131.114285714284,579107.7025200211,25178.59576174005,12,16,0.34285714285714286,0.45714285714285713,40.0,Medium,"Leonard, Oconnor and Cohen",Oncologist,Alabama
714,30,854293.7489623581,28476.45829874527,408764.26781718724,24044.956930422777,13,11,0.43333333333333335,0.36666666666666664,40.0,Medium,Murphy PLC,Oncologist,Colorado
715,44,1222166.3613621355,27776.508212775807,724266.1926866702,24974.696299540352,15,14,0.3409090909090909,0.3181818181818182,32.95454545454545,Medium,Walker LLC,Orthopedic,Florida
716,47,1177925.0,25062.23404255319,801181.6732170492,23564.166859324978,13,18,0.2765957446808511,0.3829787234042553,32.97872340425532,Medium,Daniel LLC,Orthopedic,Wisconsin
717,39,784790.0,20122.82051282051,542193.0192598279,18696.311008959583,10,20,0.2564102564102564,0.5128205128205128,38.46153846153846,Medium,"Riley, Moore and Price",Cardiologist,Massachusetts
718,48,1417293.7434181003,29526.952987877088,1006940.9700063405,23974.785000150965,6,25,0.125,0.5208333333333334,32.29166666666667,Medium,Hodges-Foster,Oncologist,Ohio
719,41,1138476.017949132,27767.707754856878,624565.7915923779,21536.75143421993,12,14,0.2926829268292683,0.34146341463414637,31.70731707317073,Medium,"Knox, Smith and Elliott",General Practitioner,Connecticut
720,41,1030015.0,25122.317073170732,767414.4792251809,22571.014094858263,7,18,0.17073170731707318,0.43902439024390244,30.487804878048784,Medium,Rodgers-Young,General Practitioner,Oregon
721,40,1026344.0,25658.6,793878.2180415812,23349.359354164153,6,17,0.15,0.425,28.75,Medium,"Wood, Lee and Sanchez",General Practitioner,Illinois
722,39,958050.8129148725,24565.405459355705,620288.6672778894,21389.264388892738,10,20,0.2564102564102564,0.5128205128205128,38.46153846153846,Medium,"Marquez, Anderson and Perez",General Practitioner,Montana
723,35,868406.0,24811.6,506939.71575382643,21122.488156409436,11,13,0.3142857142857143,0.37142857142857144,34.285714285714285,Medium,Spencer-Grant,Oncologist,Virginia
724,40,1085524.0,27138.1,646058.4504638066,23073.516087993095,12,13,0.3,0.325,31.25,Medium,Ortiz and Sons,Oncologist,Kansas
725,42,964647.0,22967.785714285714,797353.3726787866,21550.09115348072,5,16,0.11904761904761904,0.38095238095238093,25.0,Medium,"Thompson, Oneill and Castillo",Cardiologist,Maryland
726,38,991505.0,26092.236842105263,577543.4878107773,20626.553136099188,10,14,0.2631578947368421,0.3684210526315789,31.578947368421048,Medium,Miller and Sons,Orthopedic,North Carolina
727,50,1254803.0,25096.06,1008240.7749524296,22405.350554498436,5,21,0.1,0.42,26.0,Medium,Mcbride-Vega,Oncologist,South Carolina
728,56,1605416.3755612182,28668.149563593182,863266.7480993699,22135.04482306077,17,19,0.30357142857142855,0.3392857142857143,32.14285714285714,Medium,"Green, Ward and Martinez",Oncologist,Florida
729,46,1091069.0,23718.891304347828,733900.2451614588,22239.401368529056,13,15,0.2826086956521739,0.32608695652173914,30.434782608695652,Medium,Robinson Ltd,Orthopedic,Missouri
730,47,1307880.0,27827.23404255319,837460.5795484219,24631.193516130057,13,15,0.2765957446808511,0.3191489361702128,29.787234042553195,Medium,Oconnor Ltd,Dermatologist,Tennessee
731,31,802653.6524434568,25892.05330462764,454025.4075353006,18161.016301412023,6,17,0.1935483870967742,0.5483870967741935,37.096774193548384,Medium,"Ford, Perkins and Martin",General Practitioner,North Carolina
732,40,1034907.3745843981,25872.68436460995,658065.4267336978,20564.544585428055,8,12,0.2,0.3,25.0,Medium,Graham-Jackson,Oncologist,Hawaii
733,48,1242724.0,25890.083333333332,890607.052321007,23437.02769265808,10,25,0.20833333333333334,0.5208333333333334,36.458333333333336,Medium,"Kennedy, Miller and Johnson",Oncologist,Virginia
734,48,1318189.0,27462.270833333332,916336.7415422029,24765.857879518997,11,24,0.22916666666666666,0.5,36.45833333333333,Medium,"Smith, Flores and Clark",General Practitioner,Ohio
735,33,816944.0,24755.878787878788,597551.3282005745,23902.05312802298,8,12,0.24242424242424243,0.36363636363636365,30.303030303030305,Medium,Henderson-Fitzgerald,Oncologist,Arizona
736,46,1310226.0,28483.17391304348,610141.2003118126,23466.96924276202,20,15,0.43478260869565216,0.32608695652173914,38.04347826086956,Medium,Pugh Ltd,Orthopedic,Oklahoma
737,39,949731.0,24352.076923076922,692825.6503073756,23094.188343579186,9,21,0.23076923076923078,0.5384615384615384,38.46153846153846,Medium,Cook-Wood,Oncologist,West Virginia
738,44,1187970.0812910777,26999.320029342674,626257.9839690579,20875.26613230193,14,15,0.3181818181818182,0.3409090909090909,32.95454545454545,Medium,Hernandez and Sons,Cardiologist,Colorado
739,40,1068874.0,26721.85,758175.603732184,24457.277539747873,9,16,0.225,0.4,31.25,Medium,"Williams, Rodriguez and Olsen",Oncologist,California
740,36,856424.0,23789.555555555555,552774.2091073368,20473.118855827288,9,12,0.25,0.3333333333333333,29.166666666666664,Medium,Williams and Sons,General Practitioner,Florida
741,43,1024659.0,23829.279069767443,667729.3612860003,22257.645376200013,13,14,0.3023255813953488,0.32558139534883723,31.3953488372093,Medium,"Brown, Kim and Randall",Orthopedic,Oregon
742,38,906557.4465902579,23856.774910269945,614858.5648038491,21202.019475994795,9,14,0.23684210526315788,0.3684210526315789,30.26315789473684,Medium,Harrington and Sons,Oncologist,Oregon
743,45,1359313.742276779,30206.972050595086,751236.4747740525,24233.434670130726,14,5,0.3111111111111111,0.1111111111111111,21.11111111111111,Medium,Leonard Group,Dermatologist,Michigan
744,33,802761.0577425107,24326.09265886396,518422.06998877827,20736.88279955113,8,14,0.24242424242424243,0.42424242424242425,33.33333333333333,Medium,"Brewer, Chavez and Gould",Orthopedic,Mississippi
745,36,808567.0,22460.194444444445,520230.8892686172,18579.674616736327,8,13,0.2222222222222222,0.3611111111111111,29.166666666666664,Medium,Gonzalez Ltd,Orthopedic,Kentucky
746,39,930167.0,23850.4358974359,642887.7589295285,21429.591964317617,9,18,0.23076923076923078,0.46153846153846156,34.61538461538461,Medium,Schmidt and Sons,Dermatologist,Missouri
747,43,1126173.142093639,26190.07307194509,780970.7908302346,22969.729142065724,9,18,0.20930232558139536,0.4186046511627907,31.395348837209305,Medium,"Huynh, Webster and Moore",Oncologist,Georgia
748,38,1082827.0,28495.447368421053,732519.865889792,23629.673093219095,7,13,0.18421052631578946,0.34210526315789475,26.31578947368421,Medium,Schmitt PLC,Cardiologist,New Jersey
749,30,810852.0,27028.4,614789.4512694875,25616.227136228645,6,11,0.2,0.36666666666666664,28.333333333333332,Medium,Stewart-Mcdonald,General Practitioner,Mississippi
750,36,942546.0,26181.833333333332,676076.4444477618,23312.980843026267,7,14,0.19444444444444445,0.3888888888888889,29.16666666666667,Medium,Garrison-Castro,Orthopedic,Michigan
751,49,1293490.0,26397.755102040817,916636.1282239339,24773.949411457674,12,16,0.24489795918367346,0.32653061224489793,28.57142857142857,Medium,Joseph-Nelson,Cardiologist,Michigan
752,51,1317458.0,25832.50980392157,956834.8197916365,23337.434629064304,10,21,0.19607843137254902,0.4117647058823529,30.392156862745097,Medium,West-Turner,General Practitioner,Florida
753,54,1375061.0,25464.09259259259,864138.0209347693,23355.081646885657,17,20,0.3148148148148148,0.37037037037037035,34.25925925925926,Medium,"Martinez, Williams and Welch",General Practitioner,Massachusetts
754,41,840237.0,20493.585365853658,651073.1414850274,19729.48913590992,8,18,0.1951219512195122,0.43902439024390244,31.707317073170735,Medium,Preston Ltd,Oncologist,Tennessee
755,30,818969.0,27298.966666666667,538114.6756904923,25624.50836621392,9,13,0.3,0.43333333333333335,36.66666666666667,Medium,"Moon, Greene and Stewart",Cardiologist,Vermont
756,54,1254266.0,23227.14814814815,850546.3845596939,22382.799593676154,16,25,0.2962962962962963,0.46296296296296297,37.96296296296296,Medium,Taylor Ltd,Orthopedic,Utah
757,39,1104416.8112629238,28318.379775972404,752531.9918604014,25084.399728680044,9,17,0.23076923076923078,0.4358974358974359,33.333333333333336,Medium,Morales-Collins,Orthopedic,Georgia
758,34,957588.4679167869,28164.36670343491,637107.2546051793,21236.90848683931,4,16,0.11764705882352941,0.47058823529411764,29.41176470588235,Medium,Hudson-Huber,Oncologist,Indiana
759,42,1149034.84344608,27357.97246300191,771168.4151530137,23368.739853121628,9,20,0.21428571428571427,0.47619047619047616,34.52380952380952,Medium,Simmons-Wong,Orthopedic,Montana
760,44,1247298.7171554933,28347.698117170305,845472.4369865349,21678.780435552177,5,22,0.11363636363636363,0.5,30.68181818181818,Medium,Cabrera LLC,General Practitioner,Ohio
761,35,980400.0155778453,28011.429016509865,638102.1698571683,22789.363209184583,7,11,0.2,0.3142857142857143,25.714285714285715,Medium,Melton Group,Oncologist,Delaware
762,27,596017.0,22074.703703703704,363004.2817160011,19105.48851136848,8,10,0.2962962962962963,0.37037037037037035,33.33333333333333,Medium,"Graham, Taylor and Smith",General Practitioner,Texas
763,48,1097483.3827008298,22864.23713960062,710378.0335440739,19732.723154002055,12,14,0.25,0.2916666666666667,27.083333333333336,Medium,"Moody, Blake and Scott",General Practitioner,Missouri
764,23,462411.0,20104.82608695652,309223.1385579552,17179.063253219734,5,10,0.21739130434782608,0.43478260869565216,32.608695652173914,Medium,Evans-Mason,Dermatologist,Georgia
765,38,773429.964900811,20353.420128968708,568364.6057825024,19598.779509741464,9,16,0.23684210526315788,0.42105263157894735,32.89473684210526,Medium,Graham Group,Dermatologist,Florida
766,44,1162785.3600601475,26426.940001366987,719214.9717722838,21153.38152271423,10,11,0.22727272727272727,0.25,23.863636363636363,Medium,"Chase, Watson and Decker",Oncologist,California
767,43,1162185.0,27027.558139534885,822997.9563772753,24939.332011432583,10,19,0.23255813953488372,0.4418604651162791,33.72093023255814,Medium,"Conrad, Terry and Williams",General Practitioner,West Virginia
768,39,937734.0,24044.46153846154,795484.9957855621,22096.805438487834,3,14,0.07692307692307693,0.358974358974359,21.794871794871796,Medium,"Compton, Scott and Alexander",Oncologist,Washington
769,48,1022201.0,21295.854166666668,715444.684527214,19336.342825059837,11,16,0.22916666666666666,0.3333333333333333,28.124999999999996,Medium,"Choi, Mckenzie and Lee",Dermatologist,Indiana
770,47,1124687.0,23929.510638297874,771621.2192909461,21433.922758081837,11,18,0.23404255319148937,0.3829787234042553,30.851063829787236,Medium,"Bradley, Rodriguez and Young",Oncologist,Oklahoma
771,36,816109.0,22669.694444444445,527679.7766369189,21986.65735987162,12,14,0.3333333333333333,0.3888888888888889,36.111111111111114,Medium,"Rivera, Joseph and Bowman",Cardiologist,Wyoming
772,39,1025105.6087143904,26284.759197804884,718697.0744741271,21778.6992264887,6,16,0.15384615384615385,0.41025641025641024,28.205128205128204,Medium,"Gibbs, Campbell and Bauer",Oncologist,Hawaii
773,59,1465166.0,24833.322033898305,935863.480689755,22282.463825946546,17,21,0.288135593220339,0.3559322033898305,32.20338983050848,Medium,Young-Cummings,Cardiologist,Washington
774,47,1372987.0,29212.489361702126,895991.2504720788,26352.683837414083,13,20,0.2765957446808511,0.425531914893617,35.1063829787234,Medium,"Velez, Thompson and Anderson",Oncologist,Kansas
775,46,1120481.0,24358.282608695652,761237.7547436383,20573.993371449684,9,21,0.1956521739130435,0.45652173913043476,32.608695652173914,Medium,"Johnson, Boyd and Alvarez",Cardiologist,Washington
776,36,930923.0,25858.972222222223,717144.2059024073,22410.756434450228,4,16,0.1111111111111111,0.4444444444444444,27.77777777777778,Medium,Stanley Ltd,Cardiologist,Hawaii
777,44,1146960.7829582375,26067.290521778123,538473.8282270754,20710.531854887515,18,10,0.4090909090909091,0.22727272727272727,31.81818181818182,Medium,"Krause, Sampson and Williams",Cardiologist,Alabama
778,38,990881.6663953061,26075.833326192267,557262.6860422872,22290.507441691487,13,10,0.34210526315789475,0.2631578947368421,30.263157894736842,Medium,"Villa, Vega and Cunningham",Cardiologist,Wyoming
779,38,889594.0,23410.36842105263,611330.3649847077,23512.70634556568,12,13,0.3157894736842105,0.34210526315789475,32.89473684210526,Medium,"Lopez, Chase and Hardy",Orthopedic,Rhode Island
780,39,1062735.0,27249.615384615383,699976.8349010602,25925.067959298525,12,12,0.3076923076923077,0.3076923076923077,30.76923076923077,Medium,Johnson Group,Orthopedic,Alaska
781,32,788718.0,24647.4375,524538.9299532383,23842.678634238106,10,16,0.3125,0.5,40.625,Medium,"Thomas, Pennington and Moss",Oncologist,Delaware
782,36,952730.0,26464.722222222223,592195.8284182918,23687.83313673167,11,12,0.3055555555555556,0.3333333333333333,31.944444444444443,Medium,Valenzuela-Hooper,Dermatologist,Washington
783,39,1217073.345206492,31207.008851448514,740142.0113578807,24671.400378596023,9,16,0.23076923076923078,0.41025641025641024,32.05128205128205,Medium,"Duarte, Martinez and Figueroa",General Practitioner,Pennsylvania
784,38,906382.713085609,23852.176660147605,608135.1156457433,19617.261795023976,7,19,0.18421052631578946,0.5,34.21052631578947,Medium,"Smith, Richardson and Moreno",Orthopedic,Arkansas
785,37,866204.0,23410.91891891892,594578.2623630103,19819.275412100345,7,13,0.1891891891891892,0.35135135135135137,27.027027027027028,Medium,Bennett LLC,Cardiologist,Connecticut
786,41,945088.0,23050.926829268294,579731.7659462251,20704.7059266509,13,17,0.3170731707317073,0.4146341463414634,36.58536585365854,Medium,Contreras-Austin,Orthopedic,Kansas
787,45,957620.3402034701,21280.452004521558,665671.4753887494,19578.572805551452,11,15,0.24444444444444444,0.3333333333333333,28.888888888888886,Medium,Parker-Lee,Cardiologist,Texas
788,47,1171950.1046674093,24935.10860994488,865533.0255834984,23392.784475229688,10,22,0.2127659574468085,0.46808510638297873,34.04255319148936,Medium,Maynard-Johnson,Dermatologist,Louisiana
789,33,752232.0,22794.909090909092,560236.2623428716,20008.437940816842,5,14,0.15151515151515152,0.42424242424242425,28.78787878787879,Medium,Kelly Inc,Orthopedic,New Hampshire
790,41,1085537.0,26476.51219512195,604025.5131793729,21572.339756406174,13,5,0.3170731707317073,0.12195121951219512,21.951219512195124,Medium,Jones-Gonzalez,General Practitioner,Massachusetts
791,34,977694.3581861549,28755.716417239848,691133.4871288518,23832.18921133972,5,11,0.14705882352941177,0.3235294117647059,23.529411764705884,Medium,Pruitt Inc,General Practitioner,Ohio
792,52,1256629.1841126536,24165.94584832026,872985.1501666972,21292.320735773104,11,25,0.21153846153846154,0.4807692307692308,34.61538461538461,Medium,Taylor PLC,Orthopedic,North Carolina
793,46,1080353.0,23485.934782608696,742148.4752529811,20615.235423693917,10,18,0.21739130434782608,0.391304347826087,30.434782608695652,Medium,Wade-Davis,Orthopedic,Michigan
794,31,820658.0,26472.83870967742,448428.086633631,23601.478243875317,12,13,0.3870967741935484,0.41935483870967744,40.322580645161295,Medium,Stanley-Howell,General Practitioner,Nevada
795,48,1259192.0,26233.166666666668,864220.6528120326,23357.314940865745,11,20,0.22916666666666666,0.4166666666666667,32.29166666666667,Medium,"Hayes, Huynh and Perry",Dermatologist,California
796,33,805667.3408765378,24414.161844743572,632643.6165807878,22594.41487788528,5,17,0.15151515151515152,0.5151515151515151,33.333333333333336,Medium,"Noble, Knight and Shaffer",Oncologist,Utah
797,39,840839.0,21559.97435897436,524180.2125618727,18075.17974351285,10,19,0.2564102564102564,0.48717948717948717,37.179487179487175,Medium,Lee-Newman,Orthopedic,Missouri
798,42,1004493.9817628852,23916.52337530679,698130.0967760074,19946.574193600212,7,15,0.16666666666666666,0.35714285714285715,26.19047619047619,Medium,Barrera-Collins,Orthopedic,California
799,40,1240019.4472355086,31000.486180887714,745372.5134733614,24845.750449112045,10,13,0.25,0.325,28.75,Medium,"Edwards, Alexander and Sanchez",General Practitioner,California
800,39,935777.0,23994.28205128205,578077.0772839984,20645.609902999942,11,7,0.28205128205128205,0.1794871794871795,23.076923076923077,Medium,Walker-Perez,General Practitioner,Alaska
801,36,863526.0,23986.833333333332,400379.0256247006,19065.667886890504,15,10,0.4166666666666667,0.2777777777777778,34.72222222222223,Medium,Mclean-Bautista,General Practitioner,Arizona
802,34,884904.3494436122,26026.598513047415,479598.4459034006,21799.92935924548,12,9,0.35294117647058826,0.2647058823529412,30.88235294117647,Medium,"Brock, Berry and Anderson",General Practitioner,Idaho
803,41,1030802.0,25141.51219512195,723585.5525782997,23341.469438009666,10,17,0.24390243902439024,0.4146341463414634,32.92682926829268,Medium,Jacobs Inc,Orthopedic,Delaware
804,54,1396721.0,25865.203703703704,1037854.1909266886,23587.595248333833,10,27,0.18518518518518517,0.5,34.25925925925926,Medium,Kelly-Cooper,Cardiologist,Wisconsin
805,46,1324059.702002402,28783.906565269608,872561.8229513769,22373.38007567633,7,14,0.15217391304347827,0.30434782608695654,22.826086956521742,Medium,"Torres, Li and Martinez",General Practitioner,Missouri
806,31,851608.0,27471.225806451614,524960.6744114176,26248.03372057088,11,9,0.3548387096774194,0.2903225806451613,32.25806451612903,Medium,Manning and Sons,Dermatologist,Minnesota
807,41,1032009.428783287,25170.961677641146,702381.0635170107,22657.453661839052,10,14,0.24390243902439024,0.34146341463414637,29.26829268292683,Medium,Gomez Group,Dermatologist,Arizona
808,45,1143597.074739691,25413.268327548692,759574.7321921729,20529.046816004673,8,14,0.17777777777777778,0.3111111111111111,24.444444444444443,Medium,Taylor-Rodriguez,Orthopedic,Delaware
809,45,1024093.0,22757.62222222222,796624.9872818755,22128.471868940986,9,19,0.2,0.4222222222222222,31.11111111111111,Medium,Bradley-Richard,General Practitioner,Massachusetts
810,41,1081569.0,26379.731707317074,650346.6512197672,22425.746593785076,12,13,0.2926829268292683,0.3170731707317073,30.487804878048777,Medium,"Barnes, Mccormick and Singh",Oncologist,Pennsylvania
811,36,929797.0,25827.694444444445,539552.8059802309,24525.12754455595,14,11,0.3888888888888889,0.3055555555555556,34.72222222222223,Medium,Reid-Cook,General Practitioner,Maine
812,29,724246.3783740855,24974.01304738226,400324.52453593904,20016.226226796953,9,14,0.3103448275862069,0.4827586206896552,39.6551724137931,Medium,Cummings-Myers,Orthopedic,Hawaii
813,35,892300.0,25494.285714285714,629767.1554004973,22491.68412144633,7,11,0.2,0.3142857142857143,25.714285714285715,Medium,Mitchell-Brandt,Oncologist,Connecticut
814,28,854010.4305818978,30500.372520782064,440123.1120045082,20958.243428786103,7,8,0.25,0.2857142857142857,26.785714285714285,Medium,"Smith, Barry and Goodman",Orthopedic,Hawaii
815,39,937285.0,24032.94871794872,650821.1529985673,23243.61260709169,11,10,0.28205128205128205,0.2564102564102564,26.92307692307692,Medium,"Hamilton, Cole and Edwards",Cardiologist,Louisiana
816,48,1141214.0,23775.291666666668,716812.8458162459,19373.320157195834,11,20,0.22916666666666666,0.4166666666666667,32.29166666666667,Medium,Williams Ltd,Dermatologist,Montana
817,42,1057713.0,25183.64285714286,739532.356552413,23110.386142262905,10,11,0.23809523809523808,0.2619047619047619,25.0,Medium,"Lang, Cruz and Ortiz",Orthopedic,West Virginia
818,26,629287.0,24203.346153846152,480718.72340447246,21850.85106383966,4,12,0.15384615384615385,0.46153846153846156,30.76923076923077,Medium,Scott-French,General Practitioner,Mississippi
819,32,809231.0,25288.46875,544630.0816692751,20171.484506269448,5,12,0.15625,0.375,26.5625,Medium,"Barker, Case and Mora",General Practitioner,New Hampshire
820,44,1218953.0,27703.477272727272,795060.1678729083,24092.7323597851,11,13,0.25,0.29545454545454547,27.272727272727273,Medium,"Miller, Reid and Juarez",Orthopedic,Ohio
821,51,1476730.0,28955.49019607843,1123470.4052753868,26749.295363699686,9,13,0.17647058823529413,0.2549019607843137,21.568627450980394,Medium,Miles-Baker,Dermatologist,Oklahoma
822,46,1208719.0,26276.5,801771.2114426867,23581.506218902552,12,16,0.2608695652173913,0.34782608695652173,30.43478260869565,Medium,Austin Group,Orthopedic,Alaska
823,42,1200409.0,28581.166666666668,926776.0134947036,26479.314671277243,7,15,0.16666666666666666,0.35714285714285715,26.19047619047619,Medium,Palmer Group,Orthopedic,New York
824,43,1184933.0,27556.581395348836,785488.6061748437,24546.518942963867,11,12,0.2558139534883721,0.27906976744186046,26.74418604651163,Medium,Smith Inc,General Practitioner,Oregon
825,36,833371.0,23149.194444444445,578344.8611719814,20655.173613285053,8,17,0.2222222222222222,0.4722222222222222,34.72222222222222,Medium,Fernandez-Anderson,General Practitioner,Michigan
826,36,852898.0,23691.61111111111,603756.0815811303,22361.336354856678,9,18,0.25,0.5,37.5,Medium,Sullivan Group,General Practitioner,Alaska
827,31,683200.0,22038.709677419356,496042.02674252377,19841.68106970095,6,10,0.1935483870967742,0.3225806451612903,25.806451612903224,Medium,"Harris, Lee and Delacruz",Dermatologist,Virginia
828,43,938586.0,21827.581395348836,625620.9425583456,20181.32072768857,12,13,0.27906976744186046,0.3023255813953488,29.069767441860463,Medium,"Booth, Rhodes and Walsh",General Practitioner,Nebraska
829,41,1015191.0,24760.756097560974,728854.0242327094,22776.68825727217,9,20,0.21951219512195122,0.4878048780487805,35.36585365853659,Medium,Sawyer-Bell,Oncologist,Virginia
830,40,890797.0,22269.925,554050.0797385989,20520.373323651813,13,16,0.325,0.4,36.25,Medium,Bowman PLC,Oncologist,South Carolina
831,44,1209659.0,27492.25,845897.6262256003,24879.341947811772,10,17,0.22727272727272727,0.38636363636363635,30.68181818181818,Medium,Brown-Berg,Orthopedic,Connecticut
832,41,1223644.3789922458,29844.98485346941,807829.17071525,26927.639023841664,11,21,0.2682926829268293,0.5121951219512195,39.02439024390244,Medium,Jones-Everett,Orthopedic,Rhode Island
833,38,763318.0,20087.315789473683,493445.0980365775,18275.744371725094,11,14,0.2894736842105263,0.3684210526315789,32.89473684210526,Medium,Brown Group,Cardiologist,Arkansas
834,40,888286.0,22207.15,530996.5015620781,19666.537094891784,13,16,0.325,0.4,36.25,Medium,"Oneal, Wilson and Wright",Oncologist,Maine
835,38,1023369.4537406414,26930.77509843793,648148.0171780847,22349.93162683051,9,15,0.23684210526315788,0.39473684210526316,31.57894736842105,Medium,"Santos, Soto and Brandt",Dermatologist,Colorado
836,51,1366316.5710561832,26790.52100110163,968255.338804153,25480.403652740868,13,18,0.2549019607843137,0.35294117647058826,30.392156862745097,Medium,Campbell-Williams,Orthopedic,Wyoming
837,46,1438128.9713228233,31263.673289626593,850484.6323779407,23624.573121609465,10,17,0.21739130434782608,0.3695652173913043,29.34782608695652,Medium,"Barnes, Miller and Miles",Orthopedic,Arkansas
838,42,1165139.7442849802,27741.42248297572,760759.4038410432,23053.315267910402,9,17,0.21428571428571427,0.40476190476190477,30.95238095238095,Medium,Gonzalez Group,Dermatologist,Vermont
839,35,969191.4591596416,27691.184547418332,664705.0467182305,23739.465954222516,7,10,0.2,0.2857142857142857,24.285714285714285,Medium,"Acevedo, Nelson and Cummings",Oncologist,New Mexico
840,50,1008577.0,20171.54,686855.4447519826,17611.678070563656,11,21,0.22,0.42,32.0,Medium,"Charles, Ryan and Monroe",Cardiologist,California
841,36,965422.0,26817.277777777777,759934.3737415755,26204.633577295706,7,14,0.19444444444444445,0.3888888888888889,29.16666666666667,Medium,Watson-Turner,Dermatologist,Washington
842,39,896813.0,22995.20512820513,596065.2653180638,21288.04518993085,11,11,0.28205128205128205,0.28205128205128205,28.205128205128204,Medium,Bryant Ltd,Cardiologist,Maine
843,41,917522.0,22378.585365853658,609821.4500494065,19671.65967901311,10,15,0.24390243902439024,0.36585365853658536,30.48780487804878,Medium,"Phillips, Lin and Middleton",Cardiologist,Alaska
844,42,1138952.8785655329,27117.925680131735,663555.5063243513,22118.516877478378,12,11,0.2857142857142857,0.2619047619047619,27.38095238095238,Medium,"Buck, Lopez and Allen",Orthopedic,Texas
845,48,1302844.4135322974,27142.59194858953,867880.5135310813,22838.960882396874,10,17,0.20833333333333334,0.3541666666666667,28.125000000000004,Medium,Reed LLC,Oncologist,Missouri
846,31,771186.0,24876.967741935485,457575.767071269,24082.935109014157,12,14,0.3870967741935484,0.45161290322580644,41.935483870967744,Medium,Johnson-Taylor,Cardiologist,Iowa
847,37,901710.0,24370.54054054054,477373.50115636666,22732.071483636508,16,9,0.43243243243243246,0.24324324324324326,33.78378378378378,Medium,Watson Inc,Dermatologist,Kansas
848,42,1020263.0,24291.97619047619,581390.13355214,21532.967909338517,15,13,0.35714285714285715,0.30952380952380953,33.333333333333336,Medium,Luna Group,Oncologist,Vermont
849,34,963823.0,28347.735294117647,619796.581456292,25824.857560678833,10,6,0.29411764705882354,0.17647058823529413,23.529411764705884,Medium,Poole-Shelton,General Practitioner,Alabama
850,35,939114.0,26831.82857142857,598799.0601117697,23951.96240447079,10,14,0.2857142857142857,0.4,34.285714285714285,Medium,"Clark, Flores and Jackson",General Practitioner,Missouri
851,41,832040.0,20293.658536585364,478986.56757368875,16516.778192196165,12,16,0.2926829268292683,0.3902439024390244,34.14634146341463,Medium,Harris-Ashley,Dermatologist,Hawaii
852,41,1174896.408924887,28656.00997377773,687289.1924021195,22909.639746737317,11,19,0.2682926829268293,0.4634146341463415,36.58536585365854,Medium,Cantrell-Vasquez,General Practitioner,New Jersey
853,25,624687.0,24987.48,529647.2370289942,24074.87441040883,3,14,0.12,0.56,34.0,Medium,"Leach, Hensley and Lopez",Oncologist,Minnesota
854,44,1018316.0,23143.545454545456,842764.0381133532,21609.3343105988,5,21,0.11363636363636363,0.4772727272727273,29.545454545454547,Medium,Huerta Ltd,Oncologist,Delaware
855,29,806712.272861997,27817.664581448174,503668.6531668536,20986.193881952233,5,11,0.1724137931034483,0.3793103448275862,27.586206896551722,Medium,Mullen Group,Orthopedic,Indiana
856,35,796682.0,22762.342857142856,637626.1427663036,21987.10837125185,6,18,0.17142857142857143,0.5142857142857142,34.285714285714285,Medium,"Lee, Morris and Taylor",Oncologist,California
857,43,983130.0,22863.488372093023,675749.2380599118,21798.36251806167,12,16,0.27906976744186046,0.37209302325581395,32.55813953488372,Medium,Singh-Gonzalez,Cardiologist,Oregon
858,44,940098.0,21365.863636363636,733724.9490214604,20381.248583929453,8,13,0.18181818181818182,0.29545454545454547,23.863636363636367,Medium,Brooks PLC,Orthopedic,Rhode Island
859,42,994414.0,23676.52380952381,751252.2977696015,20868.11938248893,6,16,0.14285714285714285,0.38095238095238093,26.19047619047619,Medium,Rojas-Wheeler,Cardiologist,Illinois
860,45,993720.0,22082.666666666668,612653.18003985,19763.005807737096,14,17,0.3111111111111111,0.37777777777777777,34.44444444444444,Medium,"Cox, Clark and Higgins",Oncologist,Illinois
861,38,963790.0,25362.894736842107,740178.2166931854,23130.569271662043,6,24,0.15789473684210525,0.631578947368421,39.473684210526315,Medium,"Wu, Bass and Hanson",Orthopedic,Kentucky
862,43,967131.0,22491.418604651164,724001.2360441779,20111.14544567161,7,17,0.16279069767441862,0.3953488372093023,27.906976744186046,Medium,"Jackson, Diaz and Wood",Dermatologist,Louisiana
863,50,1323046.0,26460.92,841693.4029855276,23380.372305153545,14,16,0.28,0.32,30.0,Medium,Ward-Jackson,Dermatologist,North Dakota
864,31,690662.0,22279.41935483871,502524.769512359,20100.99078049436,6,16,0.1935483870967742,0.5161290322580645,35.483870967741936,Medium,Allen Inc,Dermatologist,New York
865,41,1026721.0,25041.975609756097,619377.0638221682,21357.829786971317,12,16,0.2926829268292683,0.3902439024390244,34.14634146341463,Medium,Cuevas LLC,Orthopedic,Nevada
866,29,778629.0,26849.275862068964,611037.1791582641,24441.487166330564,4,11,0.13793103448275862,0.3793103448275862,25.86206896551724,Medium,Cohen-White,Oncologist,Idaho
867,38,825266.0,21717.526315789473,586728.4860437458,19557.616201458193,8,14,0.21052631578947367,0.3684210526315789,28.94736842105263,Medium,Vaughn LLC,Oncologist,Louisiana
868,40,1154217.1387603097,28855.42846900774,805727.284474906,25178.977639840814,8,19,0.2,0.475,33.75,Medium,Wood Inc,Orthopedic,North Carolina
869,44,1296396.0,29463.545454545456,837543.8088137943,27017.542219799816,13,15,0.29545454545454547,0.3409090909090909,31.818181818181817,Medium,"Richard, Buckley and Parker",Orthopedic,Wisconsin
870,40,1139640.0,28491.0,811279.0816902588,23861.1494614782,6,21,0.15,0.525,33.75,Medium,Ramirez-Navarro,General Practitioner,North Dakota
871,44,1073442.0,24396.409090909092,755596.6093032013,22896.866948581857,11,21,0.25,0.4772727272727273,36.36363636363636,Medium,Lucero-Martin,General Practitioner,Connecticut
872,35,845623.9910941918,24160.68545983405,494363.5161375023,21494.06591902184,12,10,0.34285714285714286,0.2857142857142857,31.428571428571427,Medium,Jackson-Hernandez,Orthopedic,Missouri
873,38,1080742.0119866806,28440.579262807383,584758.4026719491,21657.718617479597,11,12,0.2894736842105263,0.3157894736842105,30.263157894736842,Medium,Little Inc,Dermatologist,Pennsylvania
874,40,1039009.0863998446,25975.227159996117,658993.4013907254,22723.910392783633,11,16,0.275,0.4,33.75,Medium,"Smith, Johnston and Thomas",Oncologist,Indiana
875,40,1133174.4413622469,28329.36103405617,779200.9548767294,24350.029839897794,8,10,0.2,0.25,22.5,Medium,King Group,Dermatologist,Pennsylvania
876,31,815788.3890782327,26315.754486394602,462116.44542458584,20092.019366286342,8,13,0.25806451612903225,0.41935483870967744,33.87096774193549,Medium,Lynn-Green,Cardiologist,Georgia
877,44,1181287.0,26847.43181818182,772753.1462241887,25758.43820747296,14,16,0.3181818181818182,0.36363636363636365,34.09090909090909,Medium,Baker and Sons,Cardiologist,Nebraska
878,29,737328.2052754348,25425.11052673913,389838.35662642255,21657.686479245698,11,10,0.3793103448275862,0.3448275862068966,36.20689655172414,Medium,"Hunter, Rice and Mcintosh",Cardiologist,West Virginia
879,37,886832.0,23968.432432432433,583792.267481533,20849.723838626178,9,12,0.24324324324324326,0.32432432432432434,28.37837837837838,Medium,"Miller, Boyd and Hayes",Dermatologist,Vermont
880,32,924965.0,28905.15625,617424.0257935614,26844.522860589623,9,7,0.28125,0.21875,25.0,Medium,Castillo Inc,General Practitioner,Iowa
881,44,956142.3716817617,21730.508447312764,605649.2091456403,16368.897544476764,7,19,0.1590909090909091,0.4318181818181818,29.545454545454543,Medium,"Smith, Cortez and Shaw",Cardiologist,Indiana
882,38,1018096.0,26792.0,569858.7672744484,24776.46814236732,15,11,0.39473684210526316,0.2894736842105263,34.21052631578947,Medium,Diaz and Sons,Orthopedic,Texas
883,41,1047827.0,25556.756097560974,705094.3873011802,24313.59956210966,12,12,0.2926829268292683,0.2926829268292683,29.268292682926827,Medium,Vincent-Wilson,Oncologist,Virginia
884,37,1190463.0197510975,32174.676209489124,781133.504860022,26935.638098621446,8,14,0.21621621621621623,0.3783783783783784,29.72972972972973,Medium,Davenport-Haley,General Practitioner,Arizona
885,35,891008.0,25457.371428571427,568513.6232754656,22740.544931018623,10,9,0.2857142857142857,0.2571428571428571,27.14285714285714,Medium,Mcguire LLC,Cardiologist,Montana
886,36,895867.0,24885.194444444445,679465.7749360637,22648.859164535457,6,10,0.16666666666666666,0.2777777777777778,22.22222222222222,Medium,Haney and Sons,Oncologist,Ohio
887,40,1047039.6546251788,26175.99136562947,569566.460028032,20341.65928671543,12,15,0.3,0.375,33.75,Medium,Ross Inc,Oncologist,New Jersey
888,37,804762.0,21750.324324324323,619681.5984190821,18778.2302551237,4,20,0.10810810810810811,0.5405405405405406,32.432432432432435,Medium,"James, Mueller and Mccoy",General Practitioner,Oregon
889,47,1223082.0,26023.021276595744,809553.8921955662,22487.608116543506,11,20,0.23404255319148937,0.425531914893617,32.97872340425532,Medium,Francis LLC,Dermatologist,Wisconsin
890,44,1010450.0,22964.772727272728,631564.2867318593,19736.383960370604,12,20,0.2727272727272727,0.45454545454545453,36.36363636363636,Medium,"Black, Ward and Cox",Oncologist,Ohio
891,36,775136.8923259114,21531.580342386427,479603.7037874578,18446.296299517606,10,14,0.2777777777777778,0.3888888888888889,33.333333333333336,Medium,Robinson and Sons,General Practitioner,Arizona
892,39,947560.0,24296.410256410258,461965.6466661454,19248.56861108939,15,16,0.38461538461538464,0.41025641025641024,39.743589743589745,Medium,Diaz-Floyd,Cardiologist,Vermont
893,47,1230739.4786188563,26185.946353592688,733269.7556717896,21566.757519758517,13,14,0.2765957446808511,0.2978723404255319,28.72340425531915,Medium,Harrison-Horne,General Practitioner,Wisconsin
894,42,1072112.0,25526.47619047619,708053.6451216338,22126.676410051055,10,16,0.23809523809523808,0.38095238095238093,30.95238095238095,Medium,"Campbell, Collins and Wiley",Dermatologist,North Carolina
895,39,1087457.0,27883.51282051282,674923.0411821667,24997.14967341358,12,12,0.3076923076923077,0.3076923076923077,30.76923076923077,Medium,"King, Brown and Elliott",Cardiologist,Utah
896,44,1367520.7480933932,31080.01700212257,788118.3719109581,23179.95211502818,10,16,0.22727272727272727,0.36363636363636365,29.545454545454547,Medium,Rodriguez Inc,Dermatologist,South Dakota
897,46,1421725.1159070777,30907.067737110385,843178.6105741167,25550.866987094447,13,18,0.2826086956521739,0.391304347826087,33.69565217391305,Medium,Clark-Mccoy,Oncologist,Idaho
898,49,1068631.0,21808.79591836735,682727.0336426283,20688.697989170556,16,10,0.32653061224489793,0.20408163265306123,26.53061224489796,Medium,Bryant and Sons,General Practitioner,Indiana
899,52,1227521.0,23606.173076923078,889069.2595860838,22226.731489652095,12,15,0.23076923076923078,0.28846153846153844,25.96153846153846,Medium,Miller-Jackson,Orthopedic,New Mexico
900,28,717643.0,25630.10714285714,562793.0633295367,23449.71097206403,4,17,0.14285714285714285,0.6071428571428571,37.5,Medium,Hernandez LLC,Dermatologist,New York
901,51,1484099.0,29099.980392156864,1079726.1016400643,27685.284657437547,12,17,0.23529411764705882,0.3333333333333333,28.431372549019606,Medium,Nicholson PLC,General Practitioner,Maine
902,37,1114636.0312432502,30125.298141709467,647253.7789328129,23116.206390457603,9,13,0.24324324324324326,0.35135135135135137,29.729729729729733,Medium,Phillips-Douglas,Orthopedic,Utah
903,46,1277424.539766774,27770.098690582043,686873.8604392598,21464.80813872687,14,15,0.30434782608695654,0.32608695652173914,31.521739130434785,Medium,Bowen Inc,Orthopedic,Alaska
904,40,910736.6207643828,22768.41551910957,618231.0637843244,19942.93754142982,9,13,0.225,0.325,27.5,Medium,Gill-Thompson,General Practitioner,Wyoming
905,49,1213052.0,24756.163265306124,888989.5676956362,22224.739192390905,9,18,0.1836734693877551,0.3673469387755102,27.551020408163268,Medium,"Flores, Allen and Sims",Cardiologist,Nebraska
906,40,938851.0,23471.275,668603.9652777743,22286.798842592474,10,13,0.25,0.325,28.75,Medium,Perez Inc,Orthopedic,Montana
907,34,971203.0,28564.79411764706,579688.2395453608,24153.676647723365,10,9,0.29411764705882354,0.2647058823529412,27.94117647058824,Medium,Parrish LLC,General Practitioner,California
908,44,1116042.0,25364.590909090908,725709.9931322219,21991.21191309763,11,15,0.25,0.3409090909090909,29.545454545454543,Medium,Hernandez-Haley,General Practitioner,Nevada
909,37,936314.7177527763,25305.80318250747,649547.1279268151,21651.570930893835,7,12,0.1891891891891892,0.32432432432432434,25.675675675675677,Medium,Gaines LLC,Cardiologist,Minnesota
910,44,1097588.0,24945.18181818182,835038.7718638149,22568.61545577878,7,15,0.1590909090909091,0.3409090909090909,24.999999999999996,Medium,Glover-Johnson,General Practitioner,New Jersey
911,43,979358.0,22775.767441860466,734304.3040228164,21597.185412435774,9,14,0.20930232558139536,0.32558139534883723,26.74418604651163,Medium,Harmon-Anderson,Dermatologist,Wisconsin
912,35,711398.0,20325.657142857144,426748.7787895349,17781.19911623062,11,13,0.3142857142857143,0.37142857142857144,34.285714285714285,Medium,Smith-Miller,Dermatologist,Washington
913,43,987118.0,22956.232558139534,619804.2353043186,20660.14117681062,13,11,0.3023255813953488,0.2558139534883721,27.906976744186046,Medium,Martin-Mcclain,Cardiologist,Rhode Island
914,39,1168254.891505483,29955.25362834572,717712.059794214,23923.735326473798,9,10,0.23076923076923078,0.2564102564102564,24.358974358974358,Medium,Johnston Group,Oncologist,Massachusetts
915,35,914296.0,26122.742857142857,773443.9120700484,24949.80361516285,4,15,0.11428571428571428,0.42857142857142855,27.142857142857142,Medium,"Hardy, Edwards and Rivera",General Practitioner,North Dakota
916,32,815343.0,25479.46875,561018.3566927522,22440.73426771009,7,13,0.21875,0.40625,31.25,Medium,Sosa Inc,Dermatologist,Florida
917,53,1440687.118904214,27182.775828381393,867772.8809991055,22250.586692284756,14,22,0.2641509433962264,0.41509433962264153,33.9622641509434,Medium,Oliver-Bell,Dermatologist,New Hampshire
918,35,980993.4814198003,28028.385183422866,612454.1473492115,22683.486938859685,8,13,0.22857142857142856,0.37142857142857144,30.0,Medium,Palmer Inc,General Practitioner,New Jersey
919,46,1197927.0,26041.891304347828,804138.0692566682,23651.119684019654,12,19,0.2608695652173913,0.41304347826086957,33.69565217391304,Medium,Strickland-Taylor,General Practitioner,Wisconsin
920,36,859164.0,23865.666666666668,538275.3816441699,19224.120773006067,8,15,0.2222222222222222,0.4166666666666667,31.944444444444446,Medium,Parsons Inc,Orthopedic,Florida
921,35,969489.0,27699.685714285715,755718.004077937,26989.92871706918,7,13,0.2,0.37142857142857144,28.571428571428573,Medium,Hodge-Graham,Cardiologist,Arkansas
922,44,1115040.0,25341.81818181818,694730.1234329699,22410.64914299903,13,16,0.29545454545454547,0.36363636363636365,32.95454545454545,Medium,"James, Walters and Rivera",Orthopedic,Connecticut
923,38,997218.3307836044,26242.587652200116,671865.2811986164,22395.509373287212,8,17,0.21052631578947367,0.4473684210526316,32.89473684210526,Medium,"Allen, Washington and Steele",Cardiologist,South Carolina
924,43,1123656.3744351536,26131.543591515197,800766.8167279874,22879.051906513923,8,14,0.18604651162790697,0.32558139534883723,25.581395348837212,Medium,Miller-Lopez,Orthopedic,California
925,44,1182786.347035592,26881.507887172545,649443.7081710584,22394.610626588223,15,16,0.3409090909090909,0.36363636363636365,35.22727272727273,Medium,Thomas PLC,Cardiologist,Missouri
926,44,1201034.2683075434,27296.233370625985,705175.4819058565,22747.5961905115,13,13,0.29545454545454547,0.29545454545454547,29.545454545454547,Medium,Bass-Horn,General Practitioner,Tennessee
927,39,988266.0,25340.153846153848,719228.8579847323,24800.995102921803,10,15,0.2564102564102564,0.38461538461538464,32.05128205128205,Medium,Wyatt and Sons,Cardiologist,Nebraska
928,40,1053038.0,26325.95,741874.5564841889,22481.04716618754,7,16,0.175,0.4,28.75,Medium,"Sanders, Salazar and Miranda",Dermatologist,Pennsylvania
929,39,904865.0,23201.666666666668,670778.7808488657,21638.025188673088,8,15,0.20512820512820512,0.38461538461538464,29.48717948717949,Medium,Bennett-Brennan,Oncologist,Iowa
930,32,750458.0,23451.8125,446050.0695967205,21240.479504605737,11,11,0.34375,0.34375,34.375,Medium,Hansen-Baker,Dermatologist,Nebraska
931,38,1005729.0,26466.552631578947,601044.3257720643,21465.868777573723,10,13,0.2631578947368421,0.34210526315789475,30.263157894736842,Medium,Richardson-Singleton,Cardiologist,Florida
932,35,895840.0,25595.428571428572,640756.3605573744,23731.717057680533,8,16,0.22857142857142856,0.45714285714285713,34.285714285714285,Medium,Douglas LLC,Cardiologist,Kansas
933,44,1189116.0,27025.363636363636,677026.253978676,21839.55657995729,13,20,0.29545454545454547,0.45454545454545453,37.5,Medium,Scott-Hernandez,Cardiologist,Alaska
934,50,1413470.0,28269.4,1059105.3568521251,24630.357136095932,7,20,0.14,0.4,27.0,Medium,"Rivera, Wells and Silva",Oncologist,Illinois
935,38,1047914.8442849795,27576.706428552094,721825.324200724,23284.68787744271,7,13,0.18421052631578946,0.34210526315789475,26.31578947368421,Medium,Ward LLC,Oncologist,Oregon
936,46,1162642.0,25274.82608695652,810274.4677177959,21323.01230836305,8,24,0.17391304347826086,0.5217391304347826,34.78260869565217,Medium,Jones LLC,Orthopedic,Maryland
937,42,1075196.0,25599.904761904763,734906.5538983389,23706.663028978674,11,22,0.2619047619047619,0.5238095238095238,39.28571428571429,Medium,Williams Ltd,Cardiologist,Pennsylvania
938,39,926732.0,23762.358974358973,534442.9961997223,21377.71984798889,14,14,0.358974358974359,0.358974358974359,35.8974358974359,Medium,Arnold-Gordon,Orthopedic,Ohio
939,33,890331.0,26979.727272727272,608439.2624332015,23401.510093584675,7,12,0.21212121212121213,0.36363636363636365,28.78787878787879,Medium,Burke-Chang,Dermatologist,Idaho
940,49,1190506.0,24296.04081632653,809437.3863217956,21876.68611680529,12,23,0.24489795918367346,0.46938775510204084,35.714285714285715,Medium,Hunt-Wyatt,Oncologist,Utah
941,37,1067681.0,28856.243243243243,650168.9000534628,24080.329631609733,10,15,0.2702702702702703,0.40540540540540543,33.78378378378378,Medium,Carlson-Lopez,General Practitioner,Texas
942,43,1022278.0,23773.906976744187,776083.5413300719,22825.986509707996,9,15,0.20930232558139536,0.3488372093023256,27.906976744186046,Medium,Kline PLC,Oncologist,Michigan
943,43,1006880.9176820483,23415.835294931356,690228.5004609586,20300.838248851724,9,18,0.20930232558139536,0.4186046511627907,31.395348837209305,Medium,Wallace-Daniels,Orthopedic,Montana
944,38,1102343.0,29009.026315789473,639073.1012432132,29048.777329236964,16,14,0.42105263157894735,0.3684210526315789,39.473684210526315,Medium,"Booth, Sanchez and Robinson",General Practitioner,Iowa
945,37,1168659.7368255027,31585.398292581154,636141.3243431333,22719.33301225476,9,11,0.24324324324324326,0.2972972972972973,27.027027027027028,Medium,Miller LLC,General Practitioner,Montana
946,34,675471.0,19866.79411764706,439716.6409976467,16912.17849990949,8,16,0.23529411764705882,0.47058823529411764,35.29411764705882,Medium,Sandoval-Ramirez,General Practitioner,Alabama
947,45,1258312.0,27962.48888888889,893900.392801427,26291.188023571383,11,14,0.24444444444444444,0.3111111111111111,27.77777777777778,Medium,"Kemp, Gray and White",Oncologist,Minnesota
948,43,987550.0,22966.279069767443,624360.9869069236,20140.676996997536,12,13,0.27906976744186046,0.3023255813953488,29.069767441860463,Medium,"Evans, Rogers and Smith",Cardiologist,Nebraska
949,29,757495.0,26120.51724137931,391072.33894828986,21726.24105268277,11,9,0.3793103448275862,0.3103448275862069,34.48275862068965,Medium,Patterson PLC,General Practitioner,Maryland
950,59,1706995.1164597261,28932.12061796146,966466.2674752519,24161.6566868813,19,20,0.3220338983050847,0.3389830508474576,33.050847457627114,Medium,"Smith, Rosales and Collins",Dermatologist,Vermont
951,38,987063.0,25975.342105263157,629644.2279614075,25185.7691184563,13,11,0.34210526315789475,0.2894736842105263,31.578947368421055,Medium,"Soto, Ruiz and Gonzales",Dermatologist,South Dakota
952,47,1419737.6075967115,30207.183140355563,861640.9453093462,23934.470703037394,11,18,0.23404255319148937,0.3829787234042553,30.851063829787236,Medium,Evans-Henderson,General Practitioner,Tennessee
953,41,834514.0,20354.0,586718.6907639042,18334.959086372008,9,16,0.21951219512195122,0.3902439024390244,30.48780487804878,Medium,Chang-Green,Dermatologist,South Carolina
954,38,1094998.7794445858,28815.75735380489,798766.2357729448,25766.652766869185,7,15,0.18421052631578946,0.39473684210526316,28.94736842105263,Medium,Little-Nguyen,Dermatologist,Alaska
955,34,793422.0,23335.941176470587,490130.5389717154,22278.660862350698,12,7,0.35294117647058826,0.20588235294117646,27.941176470588236,Medium,Miller and Sons,Dermatologist,Wyoming
956,39,1122622.8792267363,28785.202031454777,637821.6609206235,24531.6023431009,13,15,0.3333333333333333,0.38461538461538464,35.8974358974359,Medium,"Powers, Lang and Hunter",Orthopedic,Texas
957,46,1241574.0,26990.739130434784,696004.8972396946,22451.770878699826,15,12,0.32608695652173914,0.2608695652173913,29.347826086956523,Medium,"Gutierrez, Walker and Long",Orthopedic,Illinois
958,41,979355.0,23886.70731707317,584942.894389195,20170.444634110172,12,18,0.2926829268292683,0.43902439024390244,36.58536585365854,Medium,"Brown, Anderson and Tate",Dermatologist,Idaho
959,30,669529.0,22317.633333333335,507916.70678249956,20316.668271299983,5,16,0.16666666666666666,0.5333333333333333,35.0,Medium,Bates-Clark,Cardiologist,Maine
960,30,719271.0,23975.7,484616.63110260456,22028.028686482026,8,12,0.26666666666666666,0.4,33.333333333333336,Medium,"Anderson, Gregory and Jordan",Dermatologist,Massachusetts
961,46,1048438.6897598688,22792.145429562366,627676.0340465497,19614.876063954678,14,22,0.30434782608695654,0.4782608695652174,39.1304347826087,Medium,Eaton PLC,Orthopedic,Wyoming
962,50,1154017.0,23080.34,770911.8207233394,23360.96426434362,17,21,0.34,0.42,38.0,Medium,Miller Inc,General Practitioner,Massachusetts
963,37,921448.0,24904.0,561562.6496159972,20798.61665244434,10,11,0.2702702702702703,0.2972972972972973,28.37837837837838,Medium,Graham-Brock,Dermatologist,New Jersey
964,44,1290650.0,29332.954545454544,1029347.1567602758,26393.516840007072,5,24,0.11363636363636363,0.5454545454545454,32.95454545454545,Medium,"Parker, Warner and Atkinson",Oncologist,Hawaii
965,42,1081394.7801417683,25747.494765280197,789110.0270297481,21919.722973048556,6,17,0.14285714285714285,0.40476190476190477,27.38095238095238,Medium,King and Sons,Orthopedic,West Virginia
966,39,919542.2678888189,23578.006868944074,461892.9370458879,20082.301610690778,16,11,0.41025641025641024,0.28205128205128205,34.61538461538461,Medium,"Crosby, Pace and Banks",Orthopedic,Montana
967,42,999800.6391702686,23804.77712310163,712883.1040712046,20967.15011974131,8,14,0.19047619047619047,0.3333333333333333,26.19047619047619,Medium,"Burgess, Fleming and Sanford",Orthopedic,Pennsylvania
968,37,812365.0,21955.81081081081,628989.7165153656,20289.990855334374,6,13,0.16216216216216217,0.35135135135135137,25.675675675675677,Medium,Erickson-Wilson,General Practitioner,South Carolina
969,39,899639.0,23067.666666666668,656724.7182887096,20522.647446522176,7,20,0.1794871794871795,0.5128205128205128,34.61538461538461,Medium,Miller-Le,Oncologist,Florida
970,44,1128385.0,25645.113636363636,735643.0133866748,22988.844168333588,12,13,0.2727272727272727,0.29545454545454547,28.409090909090907,Medium,"Myers, Fuller and Ho",Oncologist,Wisconsin
971,34,773394.0,22746.882352941175,533590.1697724324,22232.923740518017,10,9,0.29411764705882354,0.2647058823529412,27.94117647058824,Medium,"Mills, Robles and Anderson",Oncologist,New York
972,41,1124951.7229557226,27437.846901359087,748039.841939997,24130.317481935388,10,16,0.24390243902439024,0.3902439024390244,31.70731707317073,Medium,Malone-Wallace,Orthopedic,Illinois
973,51,1161660.0,22777.647058823528,892056.9124295594,23475.181906041038,13,12,0.2549019607843137,0.23529411764705882,24.509803921568626,Medium,Gibson Inc,Dermatologist,Kansas
974,29,728935.0,25135.689655172413,484646.07315154606,23078.384435787906,8,10,0.27586206896551724,0.3448275862068966,31.03448275862069,Medium,Werner-Miller,Dermatologist,North Dakota
975,46,1302168.0,28308.0,778552.1795260233,24329.75561018823,14,13,0.30434782608695654,0.2826086956521739,29.347826086956523,Medium,Warner Ltd,Oncologist,New York
976,43,1112986.0,25883.39534883721,874314.8357602488,23008.285151585496,5,21,0.11627906976744186,0.4883720930232558,30.23255813953488,Medium,Wilcox-Moore,Orthopedic,Nevada
977,22,537830.0,24446.81818181818,427846.53921824595,22518.238906223472,3,15,0.13636363636363635,0.6818181818181818,40.90909090909091,Medium,Williams-Thompson,Dermatologist,Rhode Island
978,37,941152.8171857661,25436.562626642328,600812.3527184211,24032.494108736846,12,16,0.32432432432432434,0.43243243243243246,37.83783783783784,Medium,Mccann PLC,Cardiologist,Louisiana
979,44,993372.0,22576.636363636364,660487.0450849839,20640.220158905748,12,10,0.2727272727272727,0.22727272727272727,25.0,Medium,"Bullock, Adams and Anderson",Dermatologist,Wyoming
980,39,992686.0,25453.48717948718,647306.6059144725,24896.4079197874,13,10,0.3333333333333333,0.2564102564102564,29.487179487179482,Medium,"Woods, Phillips and Thomas",Dermatologist,Wisconsin
981,32,908517.1566103892,28391.161144074664,646754.6745337496,22301.885328749984,3,15,0.09375,0.46875,28.125,Medium,Hardy-Cobb,Cardiologist,Washington
982,41,834889.0,20363.146341463416,632091.2774165081,18590.919924014943,7,14,0.17073170731707318,0.34146341463414637,25.609756097560975,Medium,"Quinn, Lee and Watson",Dermatologist,New York
983,39,867968.0,22255.589743589742,624595.0567546333,22306.966312665474,11,18,0.28205128205128205,0.46153846153846156,37.17948717948718,Medium,Bradley PLC,General Practitioner,Ohio
984,31,763834.0,24639.8064516129,541780.523555166,23555.674937181127,8,17,0.25806451612903225,0.5483870967741935,40.32258064516129,Medium,Nolan-Rodriguez,Orthopedic,Texas
985,40,984913.8660866804,24622.846652167013,794123.4537769408,22689.241536484024,5,15,0.125,0.375,25.0,Medium,Grant Inc,General Practitioner,Connecticut
986,31,977021.0,31516.8064516129,597491.5713528766,27158.70778876712,9,14,0.2903225806451613,0.45161290322580644,37.096774193548384,Medium,Mitchell LLC,General Practitioner,Colorado
987,26,530559.0,20406.115384615383,305784.4251883944,16093.917115178652,7,7,0.2692307692307692,0.2692307692307692,26.923076923076923,Medium,"Peterson, Wyatt and Green",Orthopedic,Idaho
988,50,1136288.027381863,22725.76054763726,806387.2587142331,21794.250235519812,13,15,0.26,0.3,28.0,Medium,Kent-Aguilar,General Practitioner,Utah
989,34,935829.3281436142,27524.392004223948,703161.9679644837,24246.964412568403,5,9,0.14705882352941177,0.2647058823529412,20.58823529411765,Medium,Davis LLC,Dermatologist,New York
990,38,994980.7698298475,26183.704469206514,671044.1977176142,23139.455093710836,9,10,0.23684210526315788,0.2631578947368421,25.0,Medium,Kemp-Ortiz,Oncologist,Iowa
991,31,771718.0,24894.129032258064,423847.7488970393,23547.097160946625,13,9,0.41935483870967744,0.2903225806451613,35.483870967741936,Medium,Gilmore-Hardy,Oncologist,Alaska
992,39,977552.5687557019,25065.45048091543,694430.3717199105,21700.949116247204,7,17,0.1794871794871795,0.4358974358974359,30.76923076923077,Medium,"Johnson, Richards and Maldonado",General Practitioner,Oklahoma
993,35,763662.0,21818.914285714287,483959.9271406652,19358.397085626606,10,14,0.2857142857142857,0.4,34.285714285714285,Medium,Mcguire Inc,Oncologist,Washington
994,34,930692.0,27373.29411764706,678020.5708605368,24215.020387876313,6,13,0.17647058823529413,0.38235294117647056,27.941176470588236,Medium,"Stone, Perez and Chang",General Practitioner,New Hampshire
995,42,1067993.0,25428.404761904763,783392.5330948208,23040.956855730023,8,16,0.19047619047619047,0.38095238095238093,28.57142857142857,Medium,Barker LLC,Orthopedic,Ohio
996,33,900878.0,27299.333333333332,667130.549717969,26685.22198871876,8,12,0.24242424242424243,0.36363636363636365,30.303030303030305,Medium,"Johnson, Cochran and Simpson",Cardiologist,New Hampshire
997,33,748723.0,22688.575757575756,541935.3055119826,20843.665596614715,7,12,0.21212121212121213,0.36363636363636365,28.78787878787879,Medium,Dennis-Montes,General Practitioner,Vermont
998,34,904342.0,26598.29411764706,696968.6348219072,25813.653141552117,7,14,0.20588235294117646,0.4117647058823529,30.882352941176467,Medium,"Jacobson, Cruz and Williams",Cardiologist,Nevada
999,33,748674.0,22687.090909090908,617195.6077314765,22042.700276124164,5,16,0.15151515151515152,0.48484848484848486,31.81818181818182,Medium,Miles-Graham,Dermatologist,South Dakota
1000,33,674782.0,20447.939393939392,498933.4796301428,17819.05284393367,5,11,0.15151515151515152,0.3333333333333333,24.242424242424242,Medium,"Gonzalez, Henderson and Underwood",Orthopedic,North Dakota
1001,39,1061547.2378604086,27219.159945138683,553700.7673409772,24073.946406129446,16,12,0.41025641025641024,0.3076923076923077,35.8974358974359,Medium,Miller-Bush,Oncologist,Wyoming
1002,43,1303877.0,30322.720930232557,961199.6255209397,26699.98959780388,7,15,0.16279069767441862,0.3488372093023256,25.58139534883721,Medium,Booker-Howard,General Practitioner,New Hampshire
1003,41,968842.5870610686,23630.30700148948,673050.746426566,21711.31440085697,10,17,0.24390243902439024,0.4146341463414634,32.92682926829268,Medium,Jones Group,General Practitioner,Missouri
1004,49,1399238.9465094435,28555.89686753966,853020.832335428,24372.023781012227,14,26,0.2857142857142857,0.5306122448979592,40.816326530612244,Medium,Hicks-Richardson,Dermatologist,Colorado
1005,37,923186.0,24950.972972972973,624350.3760792515,22298.227717116126,9,15,0.24324324324324326,0.40540540540540543,32.432432432432435,Medium,"Wheeler, Hurley and Singh",Orthopedic,Wyoming
1006,31,774542.9392583282,24985.25610510736,560453.9596006471,22418.158384025883,6,16,0.1935483870967742,0.5161290322580645,35.483870967741936,Medium,"Hayes, Taylor and Martinez",Cardiologist,Nebraska
1007,30,656128.0,21870.933333333334,550179.6816321631,19649.274344005826,2,12,0.06666666666666667,0.4,23.333333333333332,Medium,"Bates, Mitchell and Ware",Orthopedic,Oklahoma
1008,38,961388.0,25299.684210526317,564748.3707411103,21721.091182350396,12,11,0.3157894736842105,0.2894736842105263,30.263157894736842,Medium,Choi-Thomas,Dermatologist,New Jersey
1009,34,851854.0,25054.529411764706,592753.464625706,22798.21017791177,8,14,0.23529411764705882,0.4117647058823529,32.35294117647059,Medium,"Clark, Pittman and West",Cardiologist,North Carolina
1010,38,1048967.0,27604.394736842107,662296.7185680901,23653.45423457465,10,19,0.2631578947368421,0.5,38.1578947368421,Medium,"Hawkins, Martin and Stein",Cardiologist,Virginia
1011,48,1490288.0459549504,31047.667624061465,851726.2725750399,25050.77272279529,14,14,0.2916666666666667,0.2916666666666667,29.166666666666668,Medium,Wilkinson-Crawford,General Practitioner,Colorado
1012,33,869121.0,26337.0,547389.4557505323,22807.893989605513,9,12,0.2727272727272727,0.36363636363636365,31.81818181818182,Medium,Montgomery-White,General Practitioner,Utah
1013,39,1109662.0,28452.871794871793,779643.8436198913,26884.270469651427,10,15,0.2564102564102564,0.38461538461538464,32.05128205128205,Medium,Williams Group,Orthopedic,Massachusetts
1014,54,1361797.0,25218.462962962964,990143.0399632433,24753.575999081084,14,24,0.25925925925925924,0.4444444444444444,35.18518518518518,Medium,"Luna, Robinson and Horn",Cardiologist,Mississippi
1015,32,928879.781672246,29027.49317725769,508758.6702242405,26776.77211706529,13,12,0.40625,0.375,39.0625,Medium,Stewart LLC,General Practitioner,Hawaii
1016,36,961284.0,26702.333333333332,762735.4404035477,24604.369045275733,5,19,0.1388888888888889,0.5277777777777778,33.333333333333336,Medium,Miller-Gomez,Cardiologist,Nebraska
1017,41,1006688.0,24553.365853658535,509276.34675709653,19587.551798349865,15,13,0.36585365853658536,0.3170731707317073,34.146341463414636,Medium,Schmidt-Knapp,Cardiologist,North Carolina
1018,38,1172915.2307770548,30866.190283606706,546541.6300380258,23762.679566870687,15,13,0.39473684210526316,0.34210526315789475,36.84210526315789,Medium,Howard and Sons,Oncologist,Arizona
1019,35,743998.0,21257.085714285713,496573.9952554014,18391.629453903755,8,14,0.22857142857142856,0.4,31.42857142857143,Medium,Gilbert-Schroeder,General Practitioner,Kentucky
1020,45,1250957.2616004688,27799.050257788196,858939.254735547,23859.423742654082,9,16,0.2,0.35555555555555557,27.77777777777778,Medium,"Horton, Flores and Duran",General Practitioner,Rhode Island
1021,29,706480.0,24361.379310344826,532296.839896489,22179.034995687045,5,13,0.1724137931034483,0.4482758620689655,31.03448275862069,Medium,Daniels-Mata,General Practitioner,Nevada
1022,43,1022129.0,23770.441860465115,712231.946044333,22257.248313885408,11,20,0.2558139534883721,0.46511627906976744,36.04651162790698,Medium,Rogers-Barry,Oncologist,South Carolina
1023,36,867412.0,24094.777777777777,518310.764021084,21596.281834211833,12,6,0.3333333333333333,0.16666666666666666,24.999999999999996,Medium,Smith-Miller,Dermatologist,Oklahoma
1024,37,878932.0,23754.91891891892,522943.15429156274,20917.72617166251,12,16,0.32432432432432434,0.43243243243243246,37.83783783783784,Medium,Hamilton-Ellis,Oncologist,Colorado
1025,39,992025.0,25436.53846153846,748453.8311661481,22680.41912624691,6,15,0.15384615384615385,0.38461538461538464,26.923076923076927,Medium,Ramirez-Silva,Dermatologist,California
1026,34,1078660.4902738957,31725.30853746752,413637.8479772408,21770.413051433727,15,9,0.4411764705882353,0.2647058823529412,35.294117647058826,Medium,"Lewis, Gonzalez and Chandler",Orthopedic,Rhode Island
1027,49,987763.0,20158.428571428572,732833.8200705964,18790.610771040934,10,19,0.20408163265306123,0.3877551020408163,29.591836734693878,Medium,"Rivas, Rocha and Wagner",General Practitioner,Vermont
1028,39,855627.0,21939.153846153848,586920.6318949617,18341.269746717553,7,16,0.1794871794871795,0.41025641025641024,29.487179487179485,Medium,"Jenkins, Koch and Harris",Dermatologist,Florida
1029,34,891216.0,26212.235294117647,433235.7091211831,22801.87942743069,15,12,0.4411764705882353,0.35294117647058826,39.705882352941174,Medium,Oneill LLC,Cardiologist,Kansas
1030,36,942649.0,26184.694444444445,572169.74451893,22886.7897807572,11,12,0.3055555555555556,0.3333333333333333,31.944444444444443,Medium,Mcgee-Davis,Dermatologist,Tennessee
1031,30,721301.0,24043.366666666665,498942.0137144182,23759.143510210393,9,10,0.3,0.3333333333333333,31.666666666666664,Medium,Crawford-Burnett,Dermatologist,Missouri
1032,39,969003.0,24846.23076923077,591016.0582846063,21107.71636730737,11,15,0.28205128205128205,0.38461538461538464,33.333333333333336,Medium,Murphy-Davis,Cardiologist,New Mexico
1033,41,1119226.0,27298.19512195122,725082.5747783832,25002.847406151148,12,18,0.2926829268292683,0.43902439024390244,36.58536585365854,Medium,"Smith, Wiley and Mckee",Orthopedic,Pennsylvania
1034,37,889479.0,24039.972972972973,600364.7946060387,20012.15982020129,7,17,0.1891891891891892,0.4594594594594595,32.432432432432435,Medium,Robinson-Miller,General Practitioner,New Jersey
1035,39,918020.0,23538.97435897436,615865.6403099439,21995.201439640856,11,15,0.28205128205128205,0.38461538461538464,33.333333333333336,Medium,Rodriguez-Harris,Oncologist,Kansas
1036,36,991861.0,27551.694444444445,619268.1288313944,22935.856623384978,9,16,0.25,0.4444444444444444,34.72222222222222,Medium,Jones Ltd,Orthopedic,Vermont
1037,37,881543.0,23825.486486486487,553779.9686025949,21299.229561638265,11,15,0.2972972972972973,0.40540540540540543,35.13513513513514,Medium,"Sherman, Floyd and Obrien",Oncologist,Minnesota
1038,43,1099781.1809456008,25576.306533618623,692919.5282416892,22352.242846506102,12,16,0.27906976744186046,0.37209302325581395,32.55813953488372,Medium,Santos LLC,Oncologist,Arkansas
1039,35,928553.0,26530.085714285713,612937.6660877905,23574.525618761174,9,15,0.2571428571428571,0.42857142857142855,34.285714285714285,Medium,"Smith, Anderson and Krueger",Orthopedic,Louisiana
1040,43,1025972.7253615779,23859.830822362277,615807.392274887,21234.737664651275,14,13,0.32558139534883723,0.3023255813953488,31.3953488372093,Medium,Brown-Johnson,Dermatologist,Nebraska
1041,44,1122218.6375478476,25504.969035178354,682595.122339345,21331.097573104533,12,15,0.2727272727272727,0.3409090909090909,30.68181818181818,Medium,Pope Inc,Orthopedic,South Carolina
1042,46,1261116.0,27415.565217391304,842360.3975296848,24775.305809696612,12,20,0.2608695652173913,0.43478260869565216,34.78260869565217,Medium,Griffith-Ellis,Oncologist,New Hampshire
1043,40,883573.0,22089.325,637782.0344451797,21259.40114817266,10,12,0.25,0.3,27.5,Medium,Shelton-Jones,Orthopedic,Tennessee
1044,43,961612.0,22363.06976744186,733359.4520044476,22223.01369710447,10,18,0.23255813953488372,0.4186046511627907,32.55813953488372,Medium,Kirk and Sons,Cardiologist,Alabama
1045,51,1324156.0,25963.843137254902,942281.3853866031,24796.878562805345,13,18,0.2549019607843137,0.35294117647058826,30.392156862745097,Medium,"Smith, Delgado and Chung",Dermatologist,Maine
1046,40,1192330.8064788736,29808.27016197184,601148.624894176,23121.10095746831,14,10,0.35,0.25,30.0,Medium,Simon-Holmes,Dermatologist,West Virginia
1047,50,1221304.85762922,24426.0971525844,716145.2585143371,19892.923847620477,14,18,0.28,0.36,32.0,Medium,Bennett-Powers,Oncologist,Delaware
1048,40,1158961.5980651386,28974.039951628463,680404.992308703,22680.1664102901,10,17,0.25,0.425,33.75,Medium,Thompson-Evans,Dermatologist,South Carolina
1049,46,1266634.0,27535.521739130436,934378.1479782171,25954.948554950475,10,20,0.21739130434782608,0.43478260869565216,32.608695652173914,Medium,Kelly Inc,Oncologist,Wisconsin
1050,34,996269.0,29302.029411764706,689783.5949797101,25547.540554804076,7,15,0.20588235294117646,0.4411764705882353,32.35294117647059,Medium,Wallace-Brown,Cardiologist,Michigan
1051,33,908315.0,27524.696969696968,596539.1452455869,24855.79771856612,9,15,0.2727272727272727,0.45454545454545453,36.36363636363636,Medium,Tyler PLC,Oncologist,Maine
1052,43,1303165.0743789473,30306.164520440634,897886.4144223738,22447.160360559345,3,17,0.06976744186046512,0.3953488372093023,23.25581395348837,Medium,Rivera Inc,Cardiologist,Washington
1053,44,1112742.525430626,25289.602850696047,778295.851595118,23584.722775609636,11,19,0.25,0.4318181818181818,34.09090909090909,Medium,Hamilton-Miller,Cardiologist,Wyoming
1054,37,1067969.1413196966,28864.030846478287,774570.3459440651,25819.011531468837,7,10,0.1891891891891892,0.2702702702702703,22.972972972972975,Medium,Kramer-Mosley,Dermatologist,Wyoming
1055,42,1065941.0,25379.54761904762,700073.1036024411,22583.00334201423,11,16,0.2619047619047619,0.38095238095238093,32.142857142857146,Medium,Evans and Sons,Dermatologist,Louisiana
1056,43,1513626.297962823,35200.61158053076,1002128.7486700864,29474.374960884892,9,14,0.20930232558139536,0.32558139534883723,26.74418604651163,Medium,Pittman-Schaefer,Oncologist,Wisconsin
1057,45,1263967.9239272452,28088.176087272117,709281.7515789025,22880.05650254524,14,14,0.3111111111111111,0.3111111111111111,31.11111111111111,Medium,Garrison-Hancock,Oncologist,Oregon
1058,40,885733.0,22143.325,619159.5337107002,19972.888184216135,9,17,0.225,0.425,32.5,Medium,Burnett-Hinton,Dermatologist,Florida
1059,43,852138.3575507478,19817.171105831345,573235.1858689551,17370.763208150154,10,17,0.23255813953488372,0.3953488372093023,31.3953488372093,Medium,Nguyen PLC,Oncologist,North Carolina
1060,44,1001084.2571109328,22751.914934339384,663884.3466835597,18968.12419095885,9,15,0.20454545454545456,0.3409090909090909,27.272727272727273,Medium,"Richmond, Wright and Weber",Orthopedic,Montana
1061,42,1020449.3606721383,24296.413349336624,751724.5621124696,22109.5459444844,8,15,0.19047619047619047,0.35714285714285715,27.38095238095238,Medium,Patterson-Fuller,Oncologist,New Mexico
1062,37,887004.0,23973.08108108108,513613.8686112374,22331.037765705973,14,12,0.3783783783783784,0.32432432432432434,35.13513513513514,Medium,"Carroll, Robinson and Powell",Orthopedic,New York
1063,48,1294549.0994140226,26969.772904458805,808108.0812808329,22447.446702245357,12,19,0.25,0.3958333333333333,32.291666666666664,Medium,Moore and Sons,Oncologist,Minnesota
1064,40,971139.0013522806,24278.475033807015,625908.3968611942,18966.921117005884,7,17,0.175,0.425,30.0,Medium,Jones-Ruiz,Orthopedic,Illinois
1065,40,1242277.3773420868,31056.934433552167,861779.1425015349,26114.51946974348,7,16,0.175,0.4,28.75,Medium,Franklin-Parrish,Cardiologist,Montana
1066,39,1104816.0,28328.615384615383,644354.4791917651,22219.11997212983,10,13,0.2564102564102564,0.3333333333333333,29.487179487179482,Medium,Reyes Group,General Practitioner,Indiana
1067,40,1017246.0,25431.15,687597.1316766219,23710.245919883513,11,13,0.275,0.325,30.0,Medium,Flynn Ltd,Oncologist,Arkansas
1068,38,928218.0,24426.78947368421,661738.6267654807,21346.40731501551,7,15,0.18421052631578946,0.39473684210526316,28.94736842105263,Medium,Jenkins Ltd,Oncologist,Nebraska
1069,42,1230524.9005307676,29298.21191739923,495479.44641336054,20644.976933890022,18,9,0.42857142857142855,0.21428571428571427,32.14285714285714,Medium,Weiss and Sons,Cardiologist,Delaware
1070,36,1155277.2280382481,32091.03411217356,566910.9392325028,23621.289134687617,12,11,0.3333333333333333,0.3055555555555556,31.944444444444443,Medium,Garcia Ltd,Dermatologist,Hawaii
1071,42,912940.0,21736.666666666668,615865.393605694,19866.625600183677,11,13,0.2619047619047619,0.30952380952380953,28.571428571428573,Medium,Moore-Williamson,Dermatologist,Maine
1072,39,978023.0,25077.51282051282,601177.8331921262,20039.261106404207,9,15,0.23076923076923078,0.38461538461538464,30.769230769230774,Medium,"Moore, Powers and Lee",Dermatologist,Alabama
1073,38,911433.0,23985.07894736842,600242.17970476,23086.237680952305,12,16,0.3157894736842105,0.42105263157894735,36.84210526315789,Medium,"Thomas, Harris and Compton",Cardiologist,Iowa
1074,42,936424.0,22295.809523809523,631592.2119832486,21053.073732774952,12,15,0.2857142857142857,0.35714285714285715,32.14285714285714,Medium,Lang LLC,General Practitioner,Missouri
1075,49,1307899.0,26691.816326530614,981423.9033813577,25826.9448258252,11,19,0.22448979591836735,0.3877551020408163,30.612244897959187,Medium,Meyer LLC,Dermatologist,Vermont
1076,38,963198.049416106,25347.317089897526,579439.0931127358,20694.25332545485,10,14,0.2631578947368421,0.3684210526315789,31.578947368421048,Medium,Thomas and Sons,Dermatologist,Virginia
1077,33,876933.0,26573.727272727272,570643.343786843,25938.333808492866,11,9,0.3333333333333333,0.2727272727272727,30.303030303030297,Medium,Wilson-Edwards,Oncologist,Minnesota
1078,48,1291479.0,26905.8125,864401.0217791275,22164.128763567373,9,24,0.1875,0.5,34.375,Medium,Walters-Robinson,Cardiologist,Idaho
1079,32,964389.4791653262,30137.171223916444,648050.6610345824,24001.876334614164,5,8,0.15625,0.25,20.3125,Medium,"Newton, Owen and Wolfe",Cardiologist,Kansas
1080,49,1094313.0,22332.918367346938,699443.9333863308,19428.9981496203,13,12,0.2653061224489796,0.24489795918367346,25.51020408163265,Medium,"Meadows, Woods and Roberts",Orthopedic,Kentucky
1081,39,995044.9612152602,25513.97336449385,614598.8679408798,22762.9210348474,12,12,0.3076923076923077,0.3076923076923077,30.76923076923077,Medium,"Velazquez, Rivas and Espinoza",Oncologist,Montana
1082,55,1655399.4503079918,30098.17182378167,992713.4800438876,24212.523903509453,14,18,0.2545454545454545,0.32727272727272727,29.09090909090909,Medium,Tyler-Walter,Orthopedic,New York
1083,33,821914.0,24906.484848484848,550608.2154363833,22942.00897651597,9,13,0.2727272727272727,0.3939393939393939,33.33333333333333,Medium,Smith-Livingston,Orthopedic,North Dakota
1084,24,533827.0,22242.791666666668,326895.45328437944,19229.144310845848,7,9,0.2916666666666667,0.375,33.333333333333336,Medium,Mills-Gilbert,General Practitioner,Oregon
1085,39,1022544.0,26219.076923076922,678745.9930189524,24240.928322105443,11,11,0.28205128205128205,0.28205128205128205,28.205128205128204,Medium,Vincent-Mills,Dermatologist,North Carolina
1086,43,1053641.0,24503.279069767443,663671.0603948632,20739.720637339477,11,15,0.2558139534883721,0.3488372093023256,30.232558139534884,Medium,Mccann PLC,Cardiologist,South Carolina
1087,33,851248.0,25795.39393939394,511399.18939102266,22234.74736482707,10,10,0.30303030303030304,0.30303030303030304,30.303030303030305,Medium,Moore LLC,Orthopedic,Wisconsin
1088,33,843508.0,25560.848484848484,478741.8609875386,20814.86352119733,10,13,0.30303030303030304,0.3939393939393939,34.848484848484844,Medium,Bryant Group,Oncologist,South Dakota
1089,51,1200242.0,23534.156862745098,933998.0149223751,23948.667049291667,12,19,0.23529411764705882,0.37254901960784315,30.392156862745097,Medium,Pitts-Mckay,Cardiologist,Florida
1090,41,1101909.0,26875.829268292684,806249.7952049803,24431.811975908495,8,17,0.1951219512195122,0.4146341463414634,30.487804878048777,Medium,Tran Ltd,Dermatologist,Massachusetts
1091,34,625327.0,18391.970588235294,343797.9245127696,15627.178386944073,12,10,0.35294117647058826,0.29411764705882354,32.352941176470594,Medium,Hill Inc,Cardiologist,Wyoming
1092,37,1044701.9941484133,28235.189031038197,597024.8231957699,22962.493199837303,11,12,0.2972972972972973,0.32432432432432434,31.08108108108108,Medium,Walker-Harris,General Practitioner,Kentucky
1093,50,1237965.0,24759.3,894684.2850417267,23544.323290571756,12,22,0.24,0.44,34.0,Medium,Cordova Inc,Dermatologist,Montana
1094,35,995771.0,28450.6,688536.909432768,26482.18882433723,9,13,0.2571428571428571,0.37142857142857144,31.42857142857143,Medium,"Porter, Carter and Clayton",Dermatologist,Virginia
1095,36,977318.0,27147.722222222223,496589.5111458679,22572.250506630357,14,13,0.3888888888888889,0.3611111111111111,37.5,Medium,Mclaughlin-Hunt,Cardiologist,Washington
1096,34,1018149.3445567361,29945.568957551062,573890.0925874716,23912.08719114465,10,15,0.29411764705882354,0.4411764705882353,36.76470588235294,Medium,Holmes Ltd,Oncologist,South Dakota
1097,38,1027174.846050223,27030.917001321657,586552.6572484622,22559.717586479317,12,10,0.3157894736842105,0.2631578947368421,28.94736842105263,Medium,"Herman, Nguyen and Anderson",Orthopedic,Arizona
1098,41,1031760.8152167206,25164.897932115135,695640.398579802,20460.011722935353,7,19,0.17073170731707318,0.4634146341463415,31.707317073170735,Medium,Chavez Ltd,Orthopedic,Arkansas
1099,39,1046112.9836937056,26823.409838300144,598615.8837744422,20641.927026704907,10,13,0.2564102564102564,0.3333333333333333,29.487179487179482,Medium,Keller LLC,Orthopedic,Texas
1100,35,1009265.0,28836.14285714286,649583.3011353133,24983.973120588977,9,9,0.2571428571428571,0.2571428571428571,25.71428571428571,Medium,Taylor-Jackson,Cardiologist,Oklahoma
1101,40,1047138.0,26178.45,748486.9737090967,23390.21792840927,8,16,0.2,0.4,30.0,Medium,Estes LLC,Oncologist,Ohio
1102,38,926461.0,24380.552631578947,658789.3549674444,21959.64516558148,8,11,0.21052631578947367,0.2894736842105263,25.0,Medium,Hayes Group,Cardiologist,Maryland
1103,49,1079075.0,22021.938775510203,759853.9353786871,19996.156194175976,11,20,0.22448979591836735,0.40816326530612246,31.632653061224488,Medium,"Smith, Chen and Kennedy",Orthopedic,Illinois
1104,32,964771.0167954324,30149.094274857263,741535.8890219355,24717.86296739785,2,12,0.0625,0.375,21.875,Medium,"Garrison, Sutton and Elliott",Orthopedic,Arkansas
1105,38,1098534.0,28908.78947368421,529306.4557900776,24059.384354094436,16,9,0.42105263157894735,0.23684210526315788,32.89473684210526,Medium,"Jordan, Dominguez and Hernandez",Orthopedic,Texas
1106,43,1193479.951728555,27755.347714617557,699123.4372866976,24968.694188810627,15,12,0.3488372093023256,0.27906976744186046,31.3953488372093,Medium,Jones Inc,Oncologist,Illinois
1107,34,834222.0,24535.941176470587,617100.4910909549,22855.57374410944,7,14,0.20588235294117646,0.4117647058823529,30.882352941176467,Medium,Dorsey PLC,General Practitioner,Texas
1108,43,1117270.0,25983.023255813954,702176.3624370795,23405.87874790265,13,17,0.3023255813953488,0.3953488372093023,34.883720930232556,Medium,Butler PLC,Orthopedic,Alaska
1109,31,1020847.8489230903,32930.57577171259,755746.0669259602,27990.59507133186,4,13,0.12903225806451613,0.41935483870967744,27.41935483870968,Medium,Mcgrath and Sons,Orthopedic,Wyoming
1110,39,1106176.0,28363.48717948718,796584.5801222589,24893.26812882059,7,14,0.1794871794871795,0.358974358974359,26.923076923076923,Medium,"Lopez, Solis and Saunders",Oncologist,Hawaii
1111,38,984303.4771130444,25902.72308192222,570285.2563366868,19665.008839196096,9,12,0.23684210526315788,0.3157894736842105,27.631578947368418,Medium,Hunt Ltd,Cardiologist,Hawaii
1112,35,960583.9046113401,27445.254417466862,672733.5322719418,24916.05675081266,8,14,0.22857142857142856,0.4,31.42857142857143,Medium,Sanchez PLC,Dermatologist,Hawaii
1113,33,1205992.7394732174,36545.234529491434,884176.8034864089,30488.85529263479,4,18,0.12121212121212122,0.5454545454545454,33.33333333333333,Medium,Francis Ltd,Dermatologist,Minnesota
1114,43,961612.0,22363.06976744186,542725.7480364518,20100.953630979693,16,10,0.37209302325581395,0.23255813953488372,30.232558139534884,Medium,Meadows Group,Oncologist,Oklahoma
1115,32,770274.0,24071.0625,487061.000783342,21176.56525144965,9,11,0.28125,0.34375,31.25,Medium,"Hicks, Aguirre and Graham",General Practitioner,Colorado
1116,38,1041074.7702574182,27396.70448045837,627065.9504491328,20902.198348304428,8,14,0.21052631578947367,0.3684210526315789,28.94736842105263,Medium,Weber and Sons,Cardiologist,Vermont
1117,43,1052171.0,24469.093023255813,705106.6049247413,20738.429556610037,9,14,0.20930232558139536,0.32558139534883723,26.74418604651163,Medium,Peterson-Myers,Orthopedic,Maryland
1118,44,1256527.0,28557.43181818182,722095.192882817,24069.839762760566,14,10,0.3181818181818182,0.22727272727272727,27.272727272727273,Medium,"Harper, Campbell and Gray",Cardiologist,Kansas
1119,37,807913.0,21835.486486486487,599020.4406798406,20655.87726482209,8,15,0.21621621621621623,0.40540540540540543,31.08108108108108,Medium,"Rivera, Brown and Lopez",General Practitioner,Hawaii
1120,35,914621.684608603,26132.04813167437,538058.2831475374,18553.73390163922,6,15,0.17142857142857143,0.42857142857142855,30.0,Medium,"Brennan, Morgan and Reyes",Orthopedic,New Jersey
1121,45,1248190.0,27737.555555555555,773951.6006531736,24185.987520411676,13,15,0.28888888888888886,0.3333333333333333,31.111111111111107,Medium,"Matthews, Newman and White",Oncologist,California
1122,46,1147731.0103772834,24950.674138636597,770708.443798013,20829.95794048684,9,19,0.1956521739130435,0.41304347826086957,30.43478260869565,Medium,Gray Inc,Oncologist,New Hampshire
1123,57,1541397.0,27042.052631578947,925181.6564637565,25699.490457326567,21,14,0.3684210526315789,0.24561403508771928,30.70175438596491,Medium,"Grant, Bishop and Wiggins",Orthopedic,Kentucky
1124,40,1119249.0652674586,27981.226631686462,570547.3119330585,20376.68971189495,12,18,0.3,0.45,37.5,Medium,Smith Inc,Orthopedic,Indiana
1125,40,1125618.3038853598,28140.457597133995,630009.4415739095,21000.314719130318,10,12,0.25,0.3,27.5,Medium,"Walls, Aguilar and Bautista",Oncologist,Idaho
1126,32,777307.5861345595,24290.862066704984,601121.9604216807,21468.641443631455,4,18,0.125,0.5625,34.375,Medium,"Finley, Lewis and Mayo",General Practitioner,Maine
1127,52,1159636.0,22300.69230769231,611611.3647640552,17988.56955188398,18,16,0.34615384615384615,0.3076923076923077,32.69230769230769,Medium,"Love, Green and Williams",General Practitioner,New Jersey
1128,33,769735.0,23325.303030303032,537983.4183004625,22415.975762519272,9,15,0.2727272727272727,0.45454545454545453,36.36363636363636,Medium,Williams Ltd,Oncologist,Montana
1129,42,1011195.0,24076.071428571428,737251.2634502152,22340.947377279248,9,17,0.21428571428571427,0.40476190476190477,30.95238095238095,Medium,Rivera Ltd,Cardiologist,Idaho
1130,35,929980.0,26570.85714285714,573569.4303392685,22942.777213570742,10,9,0.2857142857142857,0.2571428571428571,27.14285714285714,Medium,"Abbott, Anderson and Hardy",General Practitioner,North Carolina
1131,45,1275514.0,28344.755555555555,965082.3469352713,26083.30667392625,8,16,0.17777777777777778,0.35555555555555557,26.666666666666668,Medium,"Chen, Zavala and Powers",General Practitioner,Wisconsin
1132,40,1027900.823554099,25697.520588852472,656849.3905560669,21188.690017937643,9,12,0.225,0.3,26.25,Medium,Gallegos-Bruce,General Practitioner,Louisiana
1133,47,1130495.0,24053.08510638298,726830.3910672951,21377.364443155737,13,17,0.2765957446808511,0.3617021276595745,31.914893617021278,Medium,Ballard-Kelley,Dermatologist,California
1134,40,1310592.7499195319,32764.818747988298,693463.1717083362,23912.52316235642,11,13,0.275,0.325,30.0,Medium,"Singleton, Cole and Lyons",Dermatologist,Nebraska
1135,34,863146.466418894,25386.660777026293,539669.977451299,21586.799098051957,9,12,0.2647058823529412,0.35294117647058826,30.88235294117647,Medium,"Garner, Beard and Herrera",Orthopedic,North Dakota
1136,33,769573.0586193916,23320.39571573914,556145.54623489,19862.340936960358,5,15,0.15151515151515152,0.45454545454545453,30.303030303030305,Medium,Dunlap PLC,General Practitioner,Michigan
1137,39,944129.0,24208.4358974359,649752.2791619463,21658.40930539821,9,17,0.23076923076923078,0.4358974358974359,33.333333333333336,Medium,Charles PLC,Dermatologist,Kentucky
1138,35,946802.0,27051.485714285714,742252.4677853785,23943.627993076723,4,14,0.11428571428571428,0.4,25.714285714285715,Medium,Ford and Sons,General Practitioner,Idaho
1139,32,920632.1422563763,28769.75444551176,614295.1770676076,25595.632377816986,8,13,0.25,0.40625,32.8125,Medium,Jackson-Lopez,General Practitioner,North Carolina
1140,35,840943.0,24026.942857142858,578020.6200823553,21408.17111416131,8,14,0.22857142857142856,0.4,31.42857142857143,Medium,Jones Ltd,Orthopedic,Washington
1141,44,1233350.0,28030.68181818182,911137.8593468694,27610.238162026344,11,13,0.25,0.29545454545454547,27.272727272727273,Medium,Holmes-Goodman,Oncologist,Michigan
1142,40,879156.0,21978.9,673150.7234617807,21035.960108180647,8,18,0.2,0.45,32.5,Medium,"Weiss, Kim and Bradley",Oncologist,Colorado
1143,38,937196.0,24663.052631578947,710080.6165329831,22905.82633977365,7,11,0.18421052631578946,0.2894736842105263,23.684210526315788,Medium,Andersen-Hendrix,General Practitioner,North Carolina
1144,41,993638.2357758449,24235.07892136207,716004.3058866533,23096.913093117848,10,17,0.24390243902439024,0.4146341463414634,32.92682926829268,Medium,Alexander LLC,Orthopedic,Arkansas
1145,34,822459.0,24189.970588235294,570262.1525531764,21120.820464932458,7,14,0.20588235294117646,0.4117647058823529,30.882352941176467,Medium,White-White,Dermatologist,Idaho
1146,52,1211674.958616884,23301.44151186315,865356.7803766229,23388.021091260078,15,16,0.28846153846153844,0.3076923076923077,29.807692307692307,Medium,Robinson Group,Cardiologist,Mississippi
1147,35,926115.1925047182,26460.434071563377,642820.2015711779,22957.864341827782,7,13,0.2,0.37142857142857144,28.571428571428573,Medium,Fox-Ibarra,Orthopedic,South Carolina
1148,37,961603.0,25989.27027027027,760955.9400010258,26239.860000035373,8,20,0.21621621621621623,0.5405405405405406,37.83783783783784,Medium,Young LLC,General Practitioner,Ohio
1149,39,922101.0,23643.615384615383,670986.5287646526,22366.217625488418,9,19,0.23076923076923078,0.48717948717948717,35.8974358974359,Medium,"Sanders, Anderson and Kent",Oncologist,Massachusetts
1150,48,1147764.0,23911.75,801200.521404351,22255.570039009748,12,22,0.25,0.4583333333333333,35.416666666666664,Medium,"Green, Walsh and Rodriguez",Dermatologist,North Carolina
1151,44,1160910.881105767,26384.33820694925,754858.2741831269,20401.574977922348,7,20,0.1590909090909091,0.45454545454545453,30.68181818181818,Medium,"Stanley, Orozco and Castillo",Orthopedic,Utah
1152,34,828040.6500951973,24354.136767505803,588791.4821002749,21807.09192963981,7,13,0.20588235294117646,0.38235294117647056,29.41176470588235,Medium,"Mckinney, May and Schmitt",Oncologist,Maryland
1153,41,1157773.030370262,28238.366594396633,642124.0714006523,21404.135713355077,11,16,0.2682926829268293,0.3902439024390244,32.926829268292686,Medium,Murphy Inc,Orthopedic,Minnesota
1154,30,750053.0,25001.766666666666,472978.8902101571,21499.04046409805,8,8,0.26666666666666666,0.26666666666666666,26.666666666666668,Medium,Johnson-Howard,Cardiologist,Hawaii
1155,35,881745.0,25192.714285714286,604469.4854954806,22387.758722054838,8,14,0.22857142857142856,0.4,31.42857142857143,Medium,Smith and Sons,Orthopedic,West Virginia
1156,44,1099753.0,24994.386363636364,638372.1435631103,21279.071452103675,14,21,0.3181818181818182,0.4772727272727273,39.77272727272727,Medium,"Robinson, Sanchez and Rhodes",Cardiologist,Arkansas
1157,32,824685.0,25771.40625,469145.30928179866,22340.25282294279,11,12,0.34375,0.375,35.9375,Medium,Dean PLC,Dermatologist,Wyoming
1158,26,536058.0,20617.615384615383,353322.2251175407,16824.867862740033,5,9,0.19230769230769232,0.34615384615384615,26.923076923076923,Medium,Johnson PLC,General Practitioner,California
1159,39,1055237.5501326758,27057.373080325022,627845.6624319004,23253.543053033347,12,15,0.3076923076923077,0.38461538461538464,34.61538461538462,Medium,Conway and Sons,General Practitioner,Illinois
1160,42,962742.0,22922.428571428572,643621.2862152039,20761.976974684,11,19,0.2619047619047619,0.4523809523809524,35.714285714285715,Medium,Myers Group,Cardiologist,Arkansas
1161,31,758624.0,24471.74193548387,467149.6573299174,22245.221777615116,10,10,0.3225806451612903,0.3225806451612903,32.25806451612903,Medium,Turner and Sons,Dermatologist,New Jersey
1162,39,1045291.9081208393,26802.35661848306,764343.3622635445,23161.920068592255,6,14,0.15384615384615385,0.358974358974359,25.641025641025642,Medium,Yang-Ewing,Orthopedic,Pennsylvania
1163,44,1109673.7119105696,25219.857088876583,709484.5216063843,21499.53095776922,11,24,0.25,0.5454545454545454,39.772727272727266,Medium,Wolf LLC,Orthopedic,Washington
1164,49,1209388.0,24681.38775510204,779111.1936881415,21641.977602448376,13,21,0.2653061224489796,0.42857142857142855,34.69387755102041,Medium,Parsons Group,Dermatologist,New York
1165,34,917702.0,26991.235294117647,580090.48580203,23203.6194320812,9,14,0.2647058823529412,0.4117647058823529,33.8235294117647,Medium,"Ward, Rivera and Pena",Cardiologist,Minnesota
1166,43,1024930.0,23835.581395348836,759821.7857997557,21106.16071665988,7,22,0.16279069767441862,0.5116279069767442,33.720930232558146,Medium,"Reeves, Simmons and Murillo",Cardiologist,Kansas
1167,34,840958.0,24734.058823529413,566485.2434124999,23603.55180885416,10,9,0.29411764705882354,0.2647058823529412,27.94117647058824,Medium,Lozano-Evans,General Practitioner,Arizona
1168,48,1234839.0,25725.8125,894722.6155662884,23545.331988586535,10,17,0.20833333333333334,0.3541666666666667,28.125000000000004,Medium,"Jenkins, Guzman and Long",General Practitioner,Massachusetts
1169,54,1514696.0,28049.925925925927,997150.8430876402,23741.68674018191,12,18,0.2222222222222222,0.3333333333333333,27.777777777777775,Medium,"Schneider, Wilcox and Bennett",Dermatologist,Illinois
1170,41,1005308.0,24519.70731707317,716141.3121049809,21701.251881969118,8,16,0.1951219512195122,0.3902439024390244,29.268292682926827,Medium,Williamson-White,Orthopedic,New Hampshire
1171,38,980745.0,25809.07894736842,588455.3130543563,22632.89665593678,12,15,0.3157894736842105,0.39473684210526316,35.526315789473685,Medium,"Kennedy, Mullen and Rogers",Oncologist,North Carolina
1172,33,878271.0,26614.272727272728,482389.1727758135,22970.912989324454,12,13,0.36363636363636365,0.3939393939393939,37.878787878787875,Medium,"Peterson, Roberts and Shaffer",Cardiologist,Delaware
1173,35,943581.0,26959.457142857143,508365.91259042564,26756.100662653982,16,9,0.45714285714285713,0.2571428571428571,35.714285714285715,Medium,"Rose, Clark and Nolan",Dermatologist,North Carolina
1174,39,1114404.294022991,28574.469077512593,689404.8764896517,21543.902390301617,7,16,0.1794871794871795,0.41025641025641024,29.487179487179485,Medium,"Hernandez, Wells and Moyer",Oncologist,Missouri
1175,38,824599.0,21699.973684210527,595622.3474179156,22060.086941404283,11,14,0.2894736842105263,0.3684210526315789,32.89473684210526,Medium,"Harris, Stevens and Walls",Dermatologist,Texas
1176,50,1264765.0,25295.3,896270.9287663687,22406.773219159215,10,28,0.2,0.56,38.0,Medium,Miller-Frost,Orthopedic,Wyoming
1177,50,1161940.0,23238.8,768738.3568716857,22609.95167269664,16,15,0.32,0.3,31.0,Medium,"Thomas, Vincent and Campbell",Oncologist,Indiana
1178,43,1290941.4450311144,30021.89407049103,794425.6258429944,24825.800807593576,11,19,0.2558139534883721,0.4418604651162791,34.883720930232556,Medium,"Coleman, Allen and Parker",Cardiologist,Minnesota
1179,40,1085028.2470276763,27125.706175691907,607211.639938072,20938.332411657655,11,14,0.275,0.35,31.25,Medium,Lynn PLC,Dermatologist,Maryland
1180,41,1001183.099369349,24419.099984618268,561834.8273125299,20065.529546876067,13,15,0.3170731707317073,0.36585365853658536,34.146341463414636,Medium,Wilson Ltd,Dermatologist,Washington
1181,37,823523.0,22257.37837837838,546146.7071164425,20227.6558191275,10,13,0.2702702702702703,0.35135135135135137,31.08108108108108,Medium,Garcia-Barajas,General Practitioner,Alaska
1182,41,1018217.0,24834.560975609755,756206.296886108,23631.446777690875,9,15,0.21951219512195122,0.36585365853658536,29.26829268292683,Medium,Burns and Sons,Orthopedic,Ohio
1183,32,807120.0,25222.5,599535.0244408178,23059.039401569913,6,15,0.1875,0.46875,32.8125,Medium,"Michael, Church and Green",Dermatologist,Indiana
1184,50,1188110.0,23762.2,743215.7972618003,19056.815314405136,11,18,0.22,0.36,29.0,Medium,"Roberts, Johnson and Winters",Cardiologist,Utah
1185,44,1108097.0,25184.022727272728,761288.3210959482,22390.83297341024,10,17,0.22727272727272727,0.38636363636363635,30.68181818181818,Medium,Hampton-Thomas,Oncologist,Massachusetts
1186,40,1110429.3451438784,27760.733628596958,626296.1763752633,23196.154680565305,13,16,0.325,0.4,36.25,Medium,Ramirez-Williams,General Practitioner,Arizona
1187,40,1047222.9001482471,26180.57250370618,673538.6737592792,20410.262841190277,7,15,0.175,0.375,27.5,Medium,"Shaw, Pearson and Melendez",Oncologist,Vermont
1188,37,1094145.0,29571.486486486487,732895.1047592262,26174.825169972366,9,10,0.24324324324324326,0.2702702702702703,25.675675675675677,Medium,"Espinoza, Lang and Parrish",Oncologist,Rhode Island
1189,48,1309942.0,27290.458333333332,764882.6284282501,25496.087614275002,18,17,0.375,0.3541666666666667,36.458333333333336,Medium,Nicholson-Ramirez,General Practitioner,Minnesota
1190,47,1312058.8344228095,27916.145413251266,756279.0375418181,21607.972501194803,12,19,0.2553191489361702,0.40425531914893614,32.97872340425532,Medium,"Romero, Wiley and Pope",Dermatologist,Pennsylvania
1191,33,734299.0,22251.484848484848,573740.2269319374,22066.931805074513,7,14,0.21212121212121213,0.42424242424242425,31.818181818181817,Medium,Jordan Inc,Orthopedic,Delaware
1192,46,1149276.4504702408,24984.27066239654,658352.8491451356,21945.09497150452,16,13,0.34782608695652173,0.2826086956521739,31.52173913043478,Medium,Ferguson LLC,Orthopedic,Alabama
1193,31,592338.757675377,19107.701860496032,440399.1871448623,17615.967485794492,6,7,0.1935483870967742,0.22580645161290322,20.967741935483872,Medium,"Garcia, Smith and Sanders",Oncologist,New Mexico
1194,48,1198826.1121330797,24975.544002772494,744785.5356532882,20129.338801440223,11,21,0.22916666666666666,0.4375,33.33333333333333,Medium,Baker-White,Oncologist,Pennsylvania
1195,51,1191172.0,23356.313725490196,812267.918454071,20306.697961351776,11,15,0.21568627450980393,0.29411764705882354,25.490196078431374,Medium,"Tucker, Reid and Lee",Orthopedic,New Mexico
1196,28,595385.0,21263.75,441414.44122574304,19191.93222720622,5,12,0.17857142857142858,0.42857142857142855,30.357142857142854,Medium,Moreno-Park,Cardiologist,South Carolina
1197,40,858257.0,21456.425,599652.9532095976,18739.154787799926,8,20,0.2,0.5,35.0,Medium,Williamson-Johnson,Cardiologist,Utah
1198,44,1109607.0,25218.340909090908,903664.2161767688,23780.637267809703,6,15,0.13636363636363635,0.3409090909090909,23.86363636363636,Medium,Kerr-Harris,Oncologist,Idaho
1199,38,1139580.0,29988.947368421053,900191.6825483255,27278.53583479774,5,16,0.13157894736842105,0.42105263157894735,27.631578947368418,Medium,Medina PLC,Orthopedic,Montana
1200,42,1167052.0,27786.95238095238,792250.5063077959,26408.35021025986,12,13,0.2857142857142857,0.30952380952380953,29.76190476190476,Medium,"Hernandez, Simon and Huffman",General Practitioner,Louisiana
1201,41,1113843.7984692284,27166.92191388362,650133.5244565081,22418.397395052005,12,9,0.2926829268292683,0.21951219512195122,25.609756097560975,Medium,"Savage, Phillips and Thomas",Dermatologist,Mississippi
1202,50,1242367.0,24847.34,879349.0290702172,21447.53729439554,9,23,0.18,0.46,32.0,Medium,Henry-Clark,General Practitioner,Alaska
1203,36,964001.0,26777.805555555555,681608.4314249144,23503.73901465222,7,16,0.19444444444444445,0.4444444444444444,31.944444444444443,Medium,Hicks Inc,Cardiologist,Maryland
1204,46,1260736.0,27407.304347826088,745423.5721292963,25704.26110790677,17,14,0.3695652173913043,0.30434782608695654,33.69565217391305,Medium,"Shepherd, Schultz and Nelson",Cardiologist,Idaho
1205,42,1142672.0,27206.47619047619,743595.6196607637,24786.52065535879,12,15,0.2857142857142857,0.35714285714285715,32.14285714285714,Medium,Pope PLC,Cardiologist,Ohio
1206,53,1368566.8246398806,25822.01555924303,747977.796960914,19683.62623581353,15,15,0.2830188679245283,0.2830188679245283,28.30188679245283,Medium,Evans-Ibarra,Oncologist,Colorado
1207,39,998193.4400092607,25594.703589981043,610371.3469859278,23475.8210379203,13,15,0.3333333333333333,0.38461538461538464,35.8974358974359,Medium,Rice Group,Oncologist,Nebraska
1208,28,702720.0,25097.14285714286,570311.1207460266,22812.444829841064,3,15,0.10714285714285714,0.5357142857142857,32.14285714285714,Medium,Mayo-Ochoa,General Practitioner,Maine
1209,36,926185.0,25727.36111111111,524729.4785687015,20181.903021873135,10,13,0.2777777777777778,0.3611111111111111,31.944444444444443,Medium,"Curtis, Williams and Tate",General Practitioner,Colorado
1210,39,821056.0,21052.71794871795,624367.6767212366,20140.892797459244,8,12,0.20512820512820512,0.3076923076923077,25.641025641025642,Medium,"Parker, Snyder and Jones",General Practitioner,Kentucky
1211,35,764703.0,21848.657142857144,374529.79151002935,17834.751976668063,14,11,0.4,0.3142857142857143,35.714285714285715,Medium,Miller-Phillips,Cardiologist,New Jersey
1212,31,888990.952019019,28677.127484484485,468259.6514446287,23412.982572231434,11,11,0.3548387096774194,0.3548387096774194,35.483870967741936,Medium,"Roberts, Brown and Moses",Dermatologist,Florida
1213,34,797686.2301269558,23461.359709616347,437413.0381597065,20829.192293319356,13,12,0.38235294117647056,0.35294117647058826,36.76470588235294,Medium,Austin PLC,Dermatologist,Kentucky
1214,35,935296.0,26722.742857142857,499578.48918153887,24978.924459076945,15,11,0.42857142857142855,0.3142857142857143,37.14285714285714,Medium,Johnson LLC,Orthopedic,Minnesota
1215,50,1336284.0,26725.68,801482.9255447667,23573.027221904904,16,15,0.32,0.3,31.0,Medium,"Graham, Ramirez and Gentry",Orthopedic,Delaware
1216,49,1170004.0,23877.632653061224,839126.9685121779,22679.10725708589,12,19,0.24489795918367346,0.3877551020408163,31.632653061224488,Medium,"Wallace, Sanchez and Myers",Cardiologist,Vermont
1217,29,890485.78588673,30706.40640988724,475902.6205723161,25047.506345911374,10,12,0.3448275862068966,0.41379310344827586,37.93103448275862,Medium,Mills Ltd,Orthopedic,California
1218,39,913495.3109371964,23422.95669069734,570241.3722704076,19663.495595531298,10,15,0.2564102564102564,0.38461538461538464,32.05128205128205,Medium,Allen-Miller,Dermatologist,Florida
1219,40,1001771.0,25044.275,661453.3945992255,22048.44648664085,10,13,0.25,0.325,28.75,Medium,"Marsh, Valdez and Huff",Oncologist,Maryland
1220,40,1239175.3096777129,30979.38274194282,736173.4104757512,26291.907516991112,12,12,0.3,0.3,30.0,Medium,Saunders-Adams,Cardiologist,Florida
1221,39,1023666.0,26247.846153846152,778690.2204046258,24334.069387644555,7,17,0.1794871794871795,0.4358974358974359,30.76923076923077,Medium,White LLC,Oncologist,Georgia
1222,30,762412.0,25413.733333333334,603557.5380071183,24142.30152028473,5,13,0.16666666666666666,0.43333333333333335,30.0,Medium,Campbell Ltd,Orthopedic,Pennsylvania
1223,39,928234.0468268702,23800.872995560774,641500.9389453038,20046.904342040743,7,14,0.1794871794871795,0.358974358974359,26.923076923076923,Medium,Sanders-Williams,Oncologist,Wyoming
1224,36,1016955.0,28248.75,732948.9314180688,25274.101083381684,7,13,0.19444444444444445,0.3611111111111111,27.77777777777778,Medium,"Hall, Barnes and Goodwin",General Practitioner,Utah
1225,40,919709.0,22992.725,616611.9765038423,22837.480611253417,13,14,0.325,0.35,33.75,Medium,"Russell, Long and Thompson",Cardiologist,Mississippi
1226,47,1125602.703835059,23948.993698618277,713880.7864259408,19830.02184516502,11,20,0.23404255319148937,0.425531914893617,32.97872340425532,Medium,Harris and Sons,Cardiologist,Texas
1227,47,1371894.9625620823,29189.254522597497,904794.2119840631,25133.172555112866,11,16,0.23404255319148937,0.3404255319148936,28.72340425531915,Medium,Brown Group,Orthopedic,West Virginia
1228,37,889769.0,24047.81081081081,553946.5434480715,19783.80512314541,9,12,0.24324324324324326,0.32432432432432434,28.37837837837838,Medium,Flores Ltd,Dermatologist,Oklahoma
1229,35,942099.0,26917.114285714284,726359.087716929,24211.969590564302,5,17,0.14285714285714285,0.4857142857142857,31.428571428571427,Medium,Shea Group,Oncologist,Washington
1230,37,976222.6188945707,26384.395105258667,581087.6568093075,23243.506272372302,12,10,0.32432432432432434,0.2702702702702703,29.729729729729733,Medium,Odonnell-Williamson,Oncologist,Indiana
1231,49,1077777.0,21995.448979591838,723580.4768143309,18553.34555934182,10,20,0.20408163265306123,0.40816326530612246,30.612244897959183,Medium,"Orozco, Diaz and Christian",Oncologist,Delaware
1232,42,1020622.0,24300.52380952381,672502.3042632244,21015.69700822576,10,17,0.23809523809523808,0.40476190476190477,32.14285714285714,Medium,Leon Ltd,Oncologist,Kentucky
1233,47,1105449.0,23520.191489361703,830204.6923939056,21847.49190510278,9,16,0.19148936170212766,0.3404255319148936,26.595744680851062,Medium,"Woodard, Johnson and Contreras",Orthopedic,Washington
1234,38,1023561.0,26935.815789473683,760062.7327658547,24518.152669866282,7,11,0.18421052631578946,0.2894736842105263,23.684210526315788,Medium,Holmes-Alvarado,Oncologist,Vermont
1235,56,1465604.0,26171.5,971331.0311929169,23126.92931411707,14,17,0.25,0.30357142857142855,27.678571428571427,Medium,"Wolfe, Lewis and Rivera",General Practitioner,Idaho
1236,39,981818.0,25174.82051282051,627616.0708241848,21641.933476696027,10,17,0.2564102564102564,0.4358974358974359,34.61538461538461,Medium,"Booth, Mckee and Miller",Oncologist,Rhode Island
1237,26,585937.0,22536.03846153846,396048.8111811931,20844.674272694374,7,14,0.2692307692307692,0.5384615384615384,40.38461538461539,Medium,Gates and Sons,General Practitioner,Mississippi
1238,39,1044168.6660807319,26773.555540531586,620399.9056500618,21393.100194829716,10,13,0.2564102564102564,0.3333333333333333,29.487179487179482,Medium,"Simpson, Allen and Carlson",Oncologist,New York
1239,47,1143894.0,24338.17021276596,903803.1291365594,22043.97875942828,6,26,0.1276595744680851,0.5531914893617021,34.04255319148936,Medium,"Ellis, Solis and Allen",Dermatologist,New Jersey
1240,37,1085751.5014788075,29344.635175102907,477599.33994041325,17688.86444223753,10,18,0.2702702702702703,0.4864864864864865,37.83783783783784,Medium,"Bird, Yates and Arnold",Oncologist,Montana
1241,46,1157681.0,25166.978260869564,853297.9073851642,22455.20808908327,8,19,0.17391304347826086,0.41304347826086957,29.34782608695652,Medium,Nguyen-Hendricks,Cardiologist,Michigan
1242,34,1102846.769984827,32436.669705436085,662436.6347028923,27601.526445953845,10,7,0.29411764705882354,0.20588235294117646,25.0,Medium,Mendoza and Sons,Oncologist,Vermont
1243,40,994063.2816152244,24851.58204038061,648643.475386197,23165.83840664989,12,15,0.3,0.375,33.75,Medium,Smith-Perez,Dermatologist,Louisiana
1244,37,1011421.8946032823,27335.726881169794,595397.8517404012,22051.772286681527,10,15,0.2702702702702703,0.40540540540540543,33.78378378378378,Medium,Floyd-Cherry,Oncologist,Wisconsin
1245,46,1277459.880028639,27770.866957144324,800337.1150040209,25010.534843875652,14,14,0.30434782608695654,0.30434782608695654,30.434782608695656,Medium,Parsons LLC,Dermatologist,Massachusetts
1246,49,1288906.486715881,26304.214014609814,725359.2486784679,21334.095549366702,15,9,0.30612244897959184,0.1836734693877551,24.48979591836735,Medium,Mcgrath-Hamilton,General Practitioner,Wyoming
1247,35,871977.0,24913.628571428573,353724.92918277945,19651.38495459886,17,9,0.4857142857142857,0.2571428571428571,37.14285714285714,Medium,Baxter-Thompson,Orthopedic,Maine
1248,35,1039595.0,29702.714285714286,741595.5622563118,26485.555794868276,7,14,0.2,0.4,30.0,Medium,"Gay, Griffith and Williams",Orthopedic,West Virginia
1249,43,1140835.0,26531.04651162791,744954.5586283102,24831.818620943675,13,12,0.3023255813953488,0.27906976744186046,29.069767441860463,Medium,"Vaughan, Jenkins and Arias",General Practitioner,Kentucky
1250,48,1249551.0,26032.3125,797210.1188971495,23447.356438151455,14,19,0.2916666666666667,0.3958333333333333,34.375,Medium,"Mcdonald, Yang and Webb",Oncologist,Indiana
1251,29,778170.6456887414,26833.470540991082,568038.9762349008,24697.346792821772,6,8,0.20689655172413793,0.27586206896551724,24.137931034482758,Medium,Simpson-Wolfe,Cardiologist,Utah
1252,46,1263359.8552826762,27464.344680058177,883576.2877344292,23880.44020903863,9,18,0.1956521739130435,0.391304347826087,29.347826086956523,Medium,Davis Inc,Cardiologist,Vermont
1253,40,1259994.0,31499.85,892359.9370436147,27886.24803261296,8,18,0.2,0.45,32.5,Medium,"Austin, Lewis and Jenkins",Dermatologist,Michigan
1254,31,736048.0,23743.483870967742,485578.1737547011,22071.73517066823,9,10,0.2903225806451613,0.3225806451612903,30.645161290322584,Medium,"Myers, Juarez and Kim",Oncologist,Mississippi
1255,38,1121158.0,29504.157894736843,817876.8656185791,26383.124697373518,7,16,0.18421052631578946,0.42105263157894735,30.26315789473684,Medium,"Kim, Bailey and Schwartz",Dermatologist,Tennessee
1256,48,1164877.0,24268.270833333332,796270.5727802943,21520.826291359306,11,23,0.22916666666666666,0.4791666666666667,35.41666666666667,Medium,"Garcia, Cruz and Baker",Oncologist,Connecticut
1257,41,952585.0,23233.780487804877,639360.5446749318,19980.01702109162,9,16,0.21951219512195122,0.3902439024390244,30.48780487804878,Medium,"Schultz, Wu and Castillo",Oncologist,North Carolina
1258,41,926036.0,22586.243902439026,699238.6653109345,20565.843097380428,7,16,0.17073170731707318,0.3902439024390244,28.048780487804876,Medium,Gardner-Hernandez,Oncologist,Utah
1259,31,747193.0,24103.0,481156.96473059204,20919.868031764872,8,10,0.25806451612903225,0.3225806451612903,29.032258064516128,Medium,"Johnson, Perry and Caldwell",Cardiologist,Oregon
1260,42,1047675.0,24944.64285714286,648498.4947066758,23160.66052523842,14,20,0.3333333333333333,0.47619047619047616,40.47619047619047,Medium,"Chen, Green and Peterson",Dermatologist,Montana
1261,44,1283131.0,29162.06818181818,688633.2810351619,24594.045751255784,16,14,0.36363636363636365,0.3181818181818182,34.09090909090909,Medium,Barnes-Lee,General Practitioner,Massachusetts
1262,38,1075148.0,28293.36842105263,762174.1209239262,24586.261965287944,7,13,0.18421052631578946,0.34210526315789475,26.31578947368421,Medium,"Weaver, Zimmerman and Johnson",General Practitioner,Oklahoma
1263,27,719790.0,26658.88888888889,302875.565102993,21633.96893592807,13,8,0.48148148148148145,0.2962962962962963,38.888888888888886,Medium,Clay LLC,Orthopedic,Louisiana
1264,36,950902.0,26413.944444444445,507257.69660324213,21135.73735846842,12,12,0.3333333333333333,0.3333333333333333,33.33333333333333,Medium,Hendrix-Wood,Cardiologist,Mississippi
1265,34,827675.0,24343.382352941175,613596.7766542245,23599.87602516248,8,12,0.23529411764705882,0.35294117647058826,29.411764705882355,Medium,"Sanchez, Thomas and Fields",General Practitioner,Nevada
1266,41,936217.0,22834.560975609755,690667.5886536525,23022.25295512175,11,17,0.2682926829268293,0.4146341463414634,34.146341463414636,Medium,Gates-Huber,General Practitioner,Pennsylvania
1267,37,919536.0,24852.324324324323,515678.258118934,19833.779158420537,11,14,0.2972972972972973,0.3783783783783784,33.78378378378378,Medium,Conner-King,Dermatologist,Virginia
1268,44,1275163.6620959244,28980.99232036192,766854.0489144239,24737.227384336256,13,12,0.29545454545454547,0.2727272727272727,28.409090909090907,Medium,Mcmillan-Mccoy,Orthopedic,Arizona
1269,45,1035558.0,23012.4,765043.2386450622,20676.844287704385,8,20,0.17777777777777778,0.4444444444444444,31.11111111111111,Medium,"Mendoza, Mccann and Perry",Dermatologist,Hawaii
1270,37,836014.0,22594.972972972973,527713.2232472739,20296.662432587458,11,15,0.2972972972972973,0.40540540540540543,35.13513513513514,Medium,Montgomery-Parks,Cardiologist,Minnesota
1271,42,928740.0,22112.85714285714,603876.0850301323,18871.127657191635,10,19,0.23809523809523808,0.4523809523809524,34.523809523809526,Medium,"Smith, Arnold and Dean",Dermatologist,Ohio
1272,44,1241796.9341257692,28222.657593767482,807252.3931665991,24462.193732321186,11,15,0.25,0.3409090909090909,29.545454545454543,Medium,Dean Group,Oncologist,Kentucky
1273,27,679932.0,25182.666666666668,483942.156495042,23044.864595002,6,14,0.2222222222222222,0.5185185185185185,37.03703703703704,Medium,"Sparks, Thomas and Christian",Dermatologist,Kansas
1274,32,639230.0,19975.9375,404075.8825023415,16836.49510426423,8,9,0.25,0.28125,26.5625,Medium,Marshall-Scott,Cardiologist,New Hampshire
1275,46,1232824.0,26800.521739130436,773243.1548351431,25774.771827838103,16,13,0.34782608695652173,0.2826086956521739,31.52173913043478,Medium,"Johnston, Jackson and Fleming",Orthopedic,Louisiana
1276,38,846770.0,22283.42105263158,538024.8353628896,19926.845754181097,11,16,0.2894736842105263,0.42105263157894735,35.526315789473685,Medium,"Smith, Ortega and Livingston",Dermatologist,Louisiana
1277,49,1225151.0,25003.081632653062,890355.8424585141,21715.996157524736,8,22,0.16326530612244897,0.4489795918367347,30.612244897959187,Medium,"Manning, Torres and Johnson",General Practitioner,Wyoming
1278,35,974201.0,27834.314285714285,693141.780925908,24755.063604496714,7,17,0.2,0.4857142857142857,34.285714285714285,Medium,Alvarez-Herrera,Cardiologist,Florida
1279,40,903653.8178948968,22591.34544737242,622492.1553332326,21465.24673562871,11,17,0.275,0.425,35.0,Medium,"Russell, Baker and Munoz",General Practitioner,Washington
1280,50,1225937.0,24518.74,898444.4584038571,21391.534723901357,8,20,0.16,0.4,28.0,Medium,"Anderson, Craig and Bright",Dermatologist,Florida
1281,41,982154.0,23954.975609756097,725493.5247233596,22671.672647604988,9,20,0.21951219512195122,0.4878048780487805,35.36585365853659,Medium,Montes-Davenport,Orthopedic,Florida
1282,41,1094465.0,26694.268292682926,835011.0784249085,25303.366012876013,8,18,0.1951219512195122,0.43902439024390244,31.707317073170735,Medium,Bennett-Padilla,Orthopedic,Alaska
1283,38,1026728.3785447974,27019.167856442036,475836.97957284143,20688.564329253975,15,12,0.39473684210526316,0.3157894736842105,35.526315789473685,Medium,Curtis-Cain,Dermatologist,Nevada
1284,53,1379055.0,26019.905660377357,889237.0629732034,23400.975341400088,15,20,0.2830188679245283,0.37735849056603776,33.0188679245283,Medium,Moore LLC,Cardiologist,Kentucky
1285,47,1228442.0,26137.063829787236,683648.4260933372,21364.01331541679,15,13,0.3191489361702128,0.2765957446808511,29.787234042553195,Medium,"Brown, Jackson and Bailey",Oncologist,Alaska
1286,44,1101679.0,25038.159090909092,662279.8070644983,24528.88174312957,17,15,0.38636363636363635,0.3409090909090909,36.36363636363636,Medium,Lopez-Dawson,Dermatologist,California
1287,33,771393.0,23375.545454545456,406794.5047950447,20339.725239752235,13,8,0.3939393939393939,0.24242424242424243,31.818181818181817,Medium,"Pena, Keller and Cohen",Dermatologist,Vermont
1288,38,981924.0,25840.105263157893,740401.6547214225,23883.924345852338,7,20,0.18421052631578946,0.5263157894736842,35.526315789473685,Medium,Monroe-Finley,Orthopedic,Minnesota
1289,38,943452.0,24827.684210526317,676246.9435376917,23318.860121989368,9,17,0.23684210526315788,0.4473684210526316,34.21052631578947,Medium,Robinson-Lawrence,Dermatologist,Oregon
1290,34,968475.0,28484.558823529413,659112.6274856912,25350.485672526585,8,15,0.23529411764705882,0.4411764705882353,33.8235294117647,Medium,"Williams, Sanchez and Meyer",Dermatologist,North Carolina
1291,40,956891.0,23922.275,639557.6335439561,21318.587784798536,10,15,0.25,0.375,31.25,Medium,Rosario-Smith,Orthopedic,Wyoming
1292,49,1163907.0,23753.20408163265,614259.4837507505,21181.36150864657,20,18,0.40816326530612246,0.3673469387755102,38.775510204081634,Medium,Rodriguez-Collins,Orthopedic,Missouri
1293,42,1186558.6528360408,28251.39649609621,706406.7580029913,23546.891933433046,12,14,0.2857142857142857,0.3333333333333333,30.95238095238095,Medium,Watts-Thomas,Cardiologist,Tennessee
1294,32,801066.0,25033.3125,485726.29807116627,21118.53469874636,9,10,0.28125,0.3125,29.6875,Medium,Watson PLC,General Practitioner,Utah
1295,40,1220389.0,30509.725,768262.4104982659,27437.943232080925,12,15,0.3,0.375,33.75,Medium,"Brandt, White and Robinson",Dermatologist,Washington
1296,30,760709.0,25356.966666666667,445849.7510791705,21230.940527579547,9,9,0.3,0.3,30.0,Medium,Owens-Olson,Oncologist,Nevada
1297,49,1275098.0,26022.408163265307,878831.7962946474,24411.994341517984,13,17,0.2653061224489796,0.3469387755102041,30.612244897959183,Medium,Griffin PLC,Oncologist,Mississippi
1298,43,1070043.0,24884.720930232557,747930.9482001894,21997.96906471145,9,15,0.20930232558139536,0.3488372093023256,27.906976744186046,Medium,"Price, Gardner and Gray",Dermatologist,Maine
1299,28,816926.0,29175.928571428572,591354.3670122148,26879.743955100676,6,9,0.21428571428571427,0.32142857142857145,26.785714285714285,Medium,"Burns, Bowman and Gonzales",Dermatologist,Oregon
1300,38,971042.0,25553.736842105263,632254.2825543642,24317.472405937086,12,10,0.3157894736842105,0.2631578947368421,28.94736842105263,Medium,Kerr-Robinson,Orthopedic,Massachusetts
1301,43,1069140.0,24863.720930232557,564894.1098872875,21726.69653412644,17,12,0.3953488372093023,0.27906976744186046,33.72093023255814,Medium,"Martin, Rodriguez and Jensen",Cardiologist,Georgia
1302,52,1521353.5851479804,29256.799714384237,1065915.5469602626,25378.941594291966,10,22,0.19230769230769232,0.4230769230769231,30.76923076923077,Medium,Kelley-Cantu,Cardiologist,Texas
1303,32,935041.0,29220.03125,580802.7648804276,25252.294125235985,9,11,0.28125,0.34375,31.25,Medium,"Long, Brown and Griffin",Orthopedic,Ohio
1304,48,1377259.1237147395,28692.898410723737,760382.6633450219,23041.898889243086,15,19,0.3125,0.3958333333333333,35.416666666666664,Medium,Graves-Wright,Oncologist,West Virginia
1305,38,1111614.6962971324,29253.018323608747,737106.1158551261,24570.203861837534,8,11,0.21052631578947367,0.2894736842105263,25.0,Medium,"Gentry, Mendoza and Jacobs",General Practitioner,Hawaii
1306,35,773361.0,22096.02857142857,507198.74730865064,19507.644127255793,9,12,0.2571428571428571,0.34285714285714286,30.0,Medium,"Good, Little and Johnson",Oncologist,Massachusetts
1307,44,1101492.0,25033.909090909092,566970.9420146019,19550.722138434547,15,19,0.3409090909090909,0.4318181818181818,38.63636363636363,Medium,Horton Ltd,Oncologist,Nevada
1308,30,703791.8932120193,23459.72977373398,516822.8354960275,20672.9134198411,5,14,0.16666666666666666,0.4666666666666667,31.666666666666664,Medium,Gordon-Mccormick,General Practitioner,Maryland
1309,39,1025269.0,26288.94871794872,764030.0271043102,23875.938347009695,7,18,0.1794871794871795,0.46153846153846156,32.05128205128205,Medium,Davidson and Sons,General Practitioner,Washington
1310,36,873368.8406988282,24260.245574967452,541864.4903623565,20069.055198605798,9,15,0.25,0.4166666666666667,33.333333333333336,Medium,"Phillips, Campbell and Foster",Cardiologist,South Dakota
1311,56,1390275.0,24826.339285714286,993864.7880243486,22085.884178318858,11,26,0.19642857142857142,0.4642857142857143,33.035714285714285,Medium,Rodriguez-Deleon,General Practitioner,Tennessee
1312,31,869068.0,28034.451612903227,635325.2683467347,25413.01073386939,6,13,0.1935483870967742,0.41935483870967744,30.645161290322584,Medium,"Leblanc, Hughes and Perez",Orthopedic,Alaska
1313,45,1123378.0,24963.955555555556,774343.1898764715,22124.091139327757,10,11,0.2222222222222222,0.24444444444444444,23.333333333333332,Medium,Grant and Sons,General Practitioner,Tennessee
1314,37,937372.8810979222,25334.402191835736,601548.7400055149,20743.06000019017,8,21,0.21621621621621623,0.5675675675675675,39.18918918918919,Medium,Wolfe Group,Oncologist,Mississippi
1315,44,1181239.405995949,26846.350136271565,910328.9934895259,23956.026144461208,6,17,0.13636363636363635,0.38636363636363635,26.136363636363633,Medium,George LLC,Orthopedic,South Dakota
1316,38,982954.0,25867.21052631579,641315.626929433,22114.331963083896,9,17,0.23684210526315788,0.4473684210526316,34.21052631578947,Medium,Payne-Sanchez,General Practitioner,Hawaii
1317,43,1333168.6538393116,31003.922182309572,778794.3903402773,23599.830010311434,10,14,0.23255813953488372,0.32558139534883723,27.906976744186046,Medium,"Webster, Trevino and Cox",Cardiologist,Arizona
1318,42,947260.0,22553.809523809523,677131.6646672079,20519.141353551753,9,18,0.21428571428571427,0.42857142857142855,32.14285714285714,Medium,"Woods, Blair and Perry",Cardiologist,Nevada
1319,38,1226135.8723897578,32266.733483940992,654158.9762264664,26166.359049058654,13,14,0.34210526315789475,0.3684210526315789,35.526315789473685,Medium,"Marshall, Young and Stevens",Oncologist,South Dakota
1320,47,1181434.0,25136.893617021276,798434.3391367414,24951.073098023167,15,16,0.3191489361702128,0.3404255319148936,32.97872340425532,Medium,Clark Inc,Dermatologist,Maryland
1321,32,942317.12297347,29447.410092920938,423499.17563863366,17645.79898494307,8,16,0.25,0.5,37.5,Medium,Weaver-Lane,Oncologist,North Carolina
1322,34,813603.0,23929.5,580744.504313147,20740.875154040965,6,17,0.17647058823529413,0.5,33.82352941176471,Medium,Newton-Smith,General Practitioner,Michigan
1323,43,1076101.0,25025.60465116279,681844.8942620952,21307.652945690475,11,17,0.2558139534883721,0.3953488372093023,32.55813953488372,Medium,"Peterson, Willis and Carter",Oncologist,Arkansas
1324,28,601272.0,21474.0,462385.95473415253,18495.4381893661,3,14,0.10714285714285714,0.5,30.357142857142858,Medium,"Griffin, Boyd and Thompson",Orthopedic,West Virginia
1325,33,945442.0,28649.757575757576,681528.824339467,26212.6470899795,7,12,0.21212121212121213,0.36363636363636365,28.78787878787879,Medium,Murphy-Clark,Oncologist,Maryland
1326,31,797842.0,25736.83870967742,619546.9222815387,23828.72778005918,5,13,0.16129032258064516,0.41935483870967744,29.032258064516128,Medium,Moran-Collins,Cardiologist,Delaware
1327,36,828692.7814076145,23019.24392798929,475505.2568496437,19020.210273985747,11,14,0.3055555555555556,0.3888888888888889,34.72222222222223,Medium,Harrell-Phillips,Orthopedic,Maine
1328,38,938011.0,24684.5,758440.295094358,24465.815970785745,7,13,0.18421052631578946,0.34210526315789475,26.31578947368421,Medium,"House, Gonzalez and Crane",Cardiologist,Ohio
1329,46,982578.4224768023,21360.400488626135,524656.2777825213,17488.54259275071,16,16,0.34782608695652173,0.34782608695652173,34.78260869565217,Medium,"Cummings, Parks and Hall",Oncologist,South Carolina
1330,42,1130774.29195114,26923.197427408093,839300.7273132592,23980.020780378833,7,23,0.16666666666666666,0.5476190476190477,35.714285714285715,Medium,Edwards-Miller,General Practitioner,Wyoming
1331,36,746599.0,20738.86111111111,564147.0656927975,19453.34709285509,7,10,0.19444444444444445,0.2777777777777778,23.611111111111114,Medium,"Nelson, Graham and Wagner",Oncologist,Florida
1332,31,800917.0,25836.032258064515,452409.4687110855,22620.473435554275,11,8,0.3548387096774194,0.25806451612903225,30.64516129032258,Medium,Jones Group,Orthopedic,Connecticut
1333,41,1336946.1574438051,32608.44286448305,788907.8851855841,25448.641457599486,10,19,0.24390243902439024,0.4634146341463415,35.36585365853659,Medium,"Cisneros, Cooley and Harris",Cardiologist,Washington
1334,46,1218851.0,26496.760869565216,854699.1889571104,23099.978079921904,9,18,0.1956521739130435,0.391304347826087,29.347826086956523,Medium,Goodwin-Collins,Oncologist,Pennsylvania
1335,40,1129664.0,28241.6,710856.8951029715,25387.746253677553,12,11,0.3,0.275,28.75,Medium,Jackson Group,General Practitioner,Mississippi
1336,29,686018.0,23655.793103448275,446732.988207813,20306.044918536954,7,11,0.2413793103448276,0.3793103448275862,31.03448275862069,Medium,Snow-Smith,General Practitioner,Michigan
1337,37,993957.0,26863.702702702703,635155.4576940319,22684.12348907257,9,18,0.24324324324324326,0.4864864864864865,36.48648648648649,Medium,Warner-Moreno,Dermatologist,Missouri
1338,34,838196.0,24652.823529411766,490651.18233145773,22302.326469611715,12,12,0.35294117647058826,0.35294117647058826,35.294117647058826,Medium,Gutierrez Ltd,General Practitioner,New Jersey
1339,37,944766.0,25534.216216216217,724775.3766810665,24159.179222702216,7,12,0.1891891891891892,0.32432432432432434,25.675675675675677,Medium,Scott-Hester,Oncologist,Kansas
1340,39,1005858.8036805616,25791.251376424658,607270.7414541848,24290.82965816739,14,6,0.358974358974359,0.15384615384615385,25.641025641025642,Medium,Cole PLC,General Practitioner,New Hampshire
1341,36,770133.0,21392.583333333332,557515.5358195575,20648.7235488725,9,13,0.25,0.3611111111111111,30.555555555555554,Medium,Edwards Ltd,General Practitioner,South Carolina
1342,35,906699.0,25905.685714285715,675014.319540075,25962.08921307981,9,14,0.2571428571428571,0.4,32.857142857142854,Medium,Jones-Hernandez,Orthopedic,Wisconsin
1343,43,983334.0,22868.232558139534,552282.7819730766,19724.385070467022,15,10,0.3488372093023256,0.23255813953488372,29.069767441860463,Medium,"Bennett, Mclean and Lee",General Practitioner,Connecticut
1344,39,793258.0,20339.94871794872,475376.06260510284,16977.716521610815,11,14,0.28205128205128205,0.358974358974359,32.05128205128205,Medium,"Frederick, Odonnell and Lopez",Oncologist,Nebraska
1345,39,1058248.0,27134.5641025641,636625.1913345042,21952.592804638076,10,17,0.2564102564102564,0.4358974358974359,34.61538461538461,Medium,Flynn-Fernandez,General Practitioner,West Virginia
1346,54,1234593.5993806133,22862.84443297432,662779.261997759,18936.550342793114,19,19,0.35185185185185186,0.35185185185185186,35.18518518518518,Medium,Chambers-Jarvis,Cardiologist,New Mexico
1347,40,1126572.010332056,28164.300258301402,700111.9130867498,24141.79010643965,11,15,0.275,0.375,32.5,Medium,Hartman Inc,Dermatologist,Alabama
1348,41,975562.0,23794.19512195122,766460.0659469378,22542.943116086404,7,20,0.17073170731707318,0.4878048780487805,32.926829268292686,Medium,Blackwell Inc,Dermatologist,Indiana
1349,36,840952.0,23359.777777777777,489277.623812484,18818.370146634,10,12,0.2777777777777778,0.3333333333333333,30.555555555555554,Medium,Jackson-Hernandez,Orthopedic,Tennessee
1350,48,1195970.0,24916.041666666668,638647.1408061872,19957.72315019335,16,13,0.3333333333333333,0.2708333333333333,30.20833333333333,Medium,"Tucker, Herman and Smith",Oncologist,Arkansas
1351,30,722095.0,24069.833333333332,434617.519246725,20696.072345082142,9,9,0.3,0.3,30.0,Medium,Mejia-Jimenez,Oncologist,Florida
1352,44,1096050.0,24910.227272727272,711870.5702027661,24547.261041474692,15,14,0.3409090909090909,0.3181818181818182,32.95454545454545,Medium,Owens Group,Orthopedic,North Carolina
1353,35,851622.0,24332.057142857142,608631.1312127472,20987.280386646456,6,14,0.17142857142857143,0.4,28.57142857142857,Medium,Martin-Owens,Dermatologist,Michigan
1354,32,736961.0,23030.03125,559509.0641129633,20722.55793010975,5,15,0.15625,0.46875,31.25,Medium,"Jones, Elliott and Ramos",Cardiologist,North Dakota
1355,37,882186.0,23842.864864864863,702861.3732215138,21964.417913172307,5,13,0.13513513513513514,0.35135135135135137,24.324324324324326,Medium,"Green, Diaz and Livingston",Dermatologist,Georgia
1356,39,1058290.0,27135.641025641027,649439.620357063,28236.505232915784,16,8,0.41025641025641024,0.20512820512820512,30.769230769230766,Medium,Chang Inc,Dermatologist,Arkansas
1357,39,1008997.0,25871.71794871795,598956.7706580533,23036.79887146359,13,13,0.3333333333333333,0.3333333333333333,33.33333333333333,Medium,Flores LLC,Cardiologist,Utah
1358,54,1432014.0,26518.777777777777,858806.2009267164,24537.320026477613,19,15,0.35185185185185186,0.2777777777777778,31.48148148148148,Medium,"Cameron, Phillips and Jones",Dermatologist,Arkansas
1359,37,955476.0,25823.675675675677,615931.3828764339,22812.27343986792,10,8,0.2702702702702703,0.21621621621621623,24.324324324324323,Medium,"Scott, Lane and Shea",General Practitioner,Mississippi
1360,46,1194729.0,25972.369565217392,983959.7980129955,24598.994950324886,6,15,0.13043478260869565,0.32608695652173914,22.82608695652174,Medium,"Bender, Cooke and Sanchez",Oncologist,New Mexico
1361,39,994038.0,25488.153846153848,710338.9227035159,22914.15879688761,8,17,0.20512820512820512,0.4358974358974359,32.05128205128205,Medium,Hunt-Hess,Dermatologist,Connecticut
1362,41,981982.3411833256,23950.788809349404,691790.3322955976,20346.774479282285,7,14,0.17073170731707318,0.34146341463414637,25.609756097560975,Medium,Henry PLC,Cardiologist,Vermont
1363,45,1207871.0,26841.577777777777,851117.2283949853,24317.63509699958,10,17,0.2222222222222222,0.37777777777777777,30.0,Medium,Myers-Frank,Oncologist,Mississippi
1364,29,723283.0,24940.793103448275,528751.4003509469,22989.191319606387,6,17,0.20689655172413793,0.5862068965517241,39.655172413793096,Medium,Jones Inc,Oncologist,Missouri
1365,31,767488.0,24757.677419354837,519541.4449688895,21647.560207037062,7,9,0.22580645161290322,0.2903225806451613,25.806451612903224,Medium,Page-Wilson,Dermatologist,Rhode Island
1366,51,1066059.0,20903.117647058825,790490.8934778301,19762.272336945753,11,21,0.21568627450980393,0.4117647058823529,31.372549019607842,Medium,Davis-Valentine,Dermatologist,Washington
1367,32,782891.0,24465.34375,462718.58266018744,20118.199246095108,9,13,0.28125,0.40625,34.375,Medium,Schmidt-Potts,Dermatologist,South Carolina
1368,40,1041652.0,26041.3,838974.7774518913,23970.707927196894,5,16,0.125,0.4,26.25,Medium,Baxter-Stewart,Orthopedic,Arkansas
1369,39,973072.0,24950.5641025641,716672.8346794089,22396.02608373153,7,17,0.1794871794871795,0.4358974358974359,30.76923076923077,Medium,Bernard-Peck,Oncologist,New Jersey
1370,53,1431993.0586265903,27018.736955218686,866911.4444342861,24080.873456507947,17,20,0.32075471698113206,0.37735849056603776,34.90566037735849,Medium,Norman-Anderson,Orthopedic,South Dakota
1371,40,900069.0,22501.725,520712.3368024305,17955.597820773466,11,10,0.275,0.25,26.25,Medium,Phillips-Lee,Dermatologist,Colorado
1372,58,1309000.0,22568.96551724138,950621.6619543511,19804.617957382314,10,26,0.1724137931034483,0.4482758620689655,31.03448275862069,Medium,Scott-Jones,Cardiologist,Texas
1373,36,846925.0,23525.694444444445,573691.844725175,21247.846100932406,9,12,0.25,0.3333333333333333,29.166666666666664,Medium,Mayer-Burke,Dermatologist,West Virginia
1374,39,878814.0,22533.69230769231,514397.6169065675,18371.34346094884,11,10,0.28205128205128205,0.2564102564102564,26.92307692307692,Medium,"Klein, Bennett and Weaver",Dermatologist,Oregon
1375,34,934425.8537736598,27483.11334628411,528270.0354459105,19565.556868367057,7,14,0.20588235294117646,0.4117647058823529,30.882352941176467,Medium,Bailey-Lindsey,General Practitioner,Virginia
1376,45,1263477.276990248,28077.272822005507,628824.7364118231,20284.66891651042,14,20,0.3111111111111111,0.4444444444444444,37.77777777777778,Medium,"Cobb, Thomas and Watson",General Practitioner,Utah
1377,39,972254.0,24929.589743589742,741750.181966428,23927.425224723484,8,12,0.20512820512820512,0.3076923076923077,25.641025641025642,Medium,Tate and Sons,Oncologist,Florida
1378,39,820606.0,21041.17948717949,535153.5264026286,19112.62594295102,11,9,0.28205128205128205,0.23076923076923078,25.641025641025642,Medium,"Scott, Patterson and Wilkins",Oncologist,Wisconsin
1379,42,993174.0,23647.0,613788.431757189,19799.626830877063,11,13,0.2619047619047619,0.30952380952380953,28.571428571428573,Medium,Williams-Hall,Oncologist,New Hampshire
1380,53,1518873.0,28657.98113207547,949043.71043702,25649.83001181135,16,11,0.3018867924528302,0.20754716981132076,25.471698113207548,Medium,"Harper, Jackson and Thomas",Orthopedic,Delaware
1381,48,1361369.0,28361.854166666668,903992.1494043589,25110.89303900997,12,19,0.25,0.3958333333333333,32.291666666666664,Medium,Short-Taylor,Oncologist,Oklahoma
1382,32,773687.7513691252,24177.742230285163,420101.5331296997,19095.52423316817,10,14,0.3125,0.4375,37.5,Medium,Bell Ltd,General Practitioner,Kansas
1383,36,946508.0,26291.88888888889,578840.4280596494,25166.975133028234,13,15,0.3611111111111111,0.4166666666666667,38.888888888888886,Medium,Lawson-Frey,Oncologist,Ohio
1384,43,1199018.4268624326,27884.149461917037,703316.9535133092,23443.89845044364,13,18,0.3023255813953488,0.4186046511627907,36.04651162790698,Medium,Wright Inc,Dermatologist,Florida
1385,49,1330261.0,27148.183673469386,784609.6411654898,23076.754151926172,15,16,0.30612244897959184,0.32653061224489793,31.632653061224488,Medium,Flores-Rivas,General Practitioner,Idaho
1386,39,919903.9831703862,23587.281619753492,608228.9824967731,20274.299416559104,9,16,0.23076923076923078,0.41025641025641024,32.05128205128205,Medium,Griffin-Gonzalez,Orthopedic,Kentucky
1387,50,1345817.0,26916.34,893319.9910938937,24143.783543078207,13,17,0.26,0.34,30.0,Medium,Miller LLC,Orthopedic,Ohio
1388,41,1119827.0,27312.853658536584,788286.7967997493,26276.226559991643,11,15,0.2682926829268293,0.36585365853658536,31.707317073170735,Medium,"Harris, Ritter and Lamb",Oncologist,Nevada
1389,40,1058046.0,26451.15,704910.166132669,22028.442691645905,8,19,0.2,0.475,33.75,Medium,"Lee, Davis and Russell",Orthopedic,Oregon
1390,43,1063750.0,24738.372093023256,856475.7448394583,23147.993103769142,6,24,0.13953488372093023,0.5581395348837209,34.883720930232556,Medium,Ruiz-Aguilar,Orthopedic,Arkansas
1391,37,954835.0,25806.35135135135,534888.8529749571,24313.129680679867,15,10,0.40540540540540543,0.2702702702702703,33.78378378378378,Medium,Collins-Moyer,General Practitioner,Louisiana
1392,39,884186.9380387795,22671.459949712294,661166.6689192172,19446.078497624036,5,20,0.1282051282051282,0.5128205128205128,32.05128205128205,Medium,Kim-Silva,Oncologist,Florida
1393,52,1212217.0,23311.865384615383,849751.6529227549,21243.791323068872,12,21,0.23076923076923078,0.40384615384615385,31.730769230769234,Medium,Peters-Ramirez,Oncologist,Maryland
1394,34,859950.0,25292.647058823528,490612.626108402,21330.983743843564,11,13,0.3235294117647059,0.38235294117647056,35.294117647058826,Medium,Bailey-Torres,Dermatologist,Tennessee
1395,33,857520.0,25985.454545454544,615967.4205242215,23691.05463554698,7,5,0.21212121212121213,0.15151515151515152,18.18181818181818,Low,Jones and Sons,Oncologist,Texas
1396,40,929187.0485798678,23229.676214496696,545786.338059999,20991.782233076887,14,10,0.35,0.25,30.0,Medium,Brown-Chan,Oncologist,New Hampshire
1397,49,1260288.9794014,25720.1832530898,877495.1039271553,24374.863997976536,13,16,0.2653061224489796,0.32653061224489793,29.591836734693878,Medium,Morales PLC,General Practitioner,Maine
1398,45,901268.0,20028.17777777778,606252.2463759533,17830.948422822155,11,13,0.24444444444444444,0.28888888888888886,26.666666666666664,Medium,Taylor-Bender,Dermatologist,North Dakota
1399,41,1035161.0,25247.829268292684,762778.3670967408,23836.82397177315,9,12,0.21951219512195122,0.2926829268292683,25.609756097560975,Medium,Bowen Group,Dermatologist,New Hampshire
1400,40,1127997.5264200862,28199.938160502155,773548.0056389215,23440.848655724894,7,17,0.175,0.425,30.0,Medium,Stewart-Jacobson,Oncologist,Florida
1401,49,1208148.0,24656.081632653062,847744.6119253709,22912.016538523538,12,23,0.24489795918367346,0.46938775510204084,35.714285714285715,Medium,"Vazquez, Taylor and Stevens",Cardiologist,Illinois
1402,40,1150597.8924134253,28764.947310335632,651660.0252127835,23273.572329027982,12,15,0.3,0.375,33.75,Medium,Meyer Group,Dermatologist,Connecticut
1403,48,1362876.0,28393.25,831357.546052697,23753.072744362773,13,14,0.2708333333333333,0.2916666666666667,28.125,Medium,"Myers, Reyes and Richmond",Oncologist,Ohio
1404,43,1230101.061831417,28607.001437939933,729844.75707652,21466.022266956472,9,16,0.20930232558139536,0.37209302325581395,29.069767441860467,Medium,Bryant PLC,Oncologist,Maine
1405,43,948906.0,22067.581395348836,672968.3196471026,19227.6662756315,8,17,0.18604651162790697,0.3953488372093023,29.069767441860463,Medium,Kennedy LLC,General Practitioner,Maine
1406,38,1210314.9219647064,31850.39268328175,840020.0064492415,28000.666881641384,8,11,0.21052631578947367,0.2894736842105263,25.0,Medium,"Conley, Ramos and Brooks",Dermatologist,Maryland
1407,34,794730.0,23374.41176470588,557253.0094274178,20639.00034916362,7,16,0.20588235294117646,0.47058823529411764,33.8235294117647,Medium,Williams-Marshall,Dermatologist,Mississippi
1408,33,887609.0,26897.242424242424,641472.0149577621,25658.880598310483,8,13,0.24242424242424243,0.3939393939393939,31.818181818181817,Medium,Bean-Norman,Cardiologist,Montana
1409,38,1027556.0,27040.947368421053,630578.0270844965,24253.001041711403,12,10,0.3157894736842105,0.2631578947368421,28.94736842105263,Medium,Snyder-Cook,Oncologist,Massachusetts
1410,44,1103075.0,25069.886363636364,718715.8369132602,22459.86990353938,12,10,0.2727272727272727,0.22727272727272727,25.0,Medium,Mason Inc,Dermatologist,Washington
1411,47,1161342.0,24709.40425531915,637931.6645095928,22783.273732485457,19,14,0.40425531914893614,0.2978723404255319,35.1063829787234,Medium,Lane and Sons,Orthopedic,Illinois
1412,28,780584.0,27878.0,490180.5405170591,25798.97581668732,9,11,0.32142857142857145,0.39285714285714285,35.714285714285715,Medium,Garner-Sullivan,Dermatologist,Alaska
1413,47,1109477.0,23605.893617021276,650640.0653049046,19716.36561530014,14,18,0.2978723404255319,0.3829787234042553,34.04255319148936,Medium,Moreno PLC,Oncologist,Arizona
1414,36,864743.259792429,24020.64610534525,522858.5565956737,17428.618553189124,6,13,0.16666666666666666,0.3611111111111111,26.388888888888886,Medium,Jones Group,Orthopedic,Washington
1415,40,1143938.0,28598.45,816212.8919329267,25506.65287290396,8,13,0.2,0.325,26.25,Medium,Terry and Sons,Cardiologist,New Hampshire
1416,34,1033762.4485211582,30404.777897681124,615344.908908902,23667.111881111614,8,13,0.23529411764705882,0.38235294117647056,30.88235294117647,Medium,Conner-Sanchez,Orthopedic,Wisconsin
1417,39,998115.1943213423,25592.697290290827,766515.7991520382,22544.582328001125,5,17,0.1282051282051282,0.4358974358974359,28.205128205128204,Medium,Hawkins-Sparks,General Practitioner,Tennessee
1418,38,840071.0,22107.13157894737,611133.4454316236,22634.572053023097,11,10,0.2894736842105263,0.2631578947368421,27.63157894736842,Medium,Rice Ltd,Orthopedic,South Carolina
1419,39,836366.0,21445.28205128205,569817.0672570057,18381.195717967927,8,16,0.20512820512820512,0.41025641025641024,30.769230769230766,Medium,Dean-Marshall,Orthopedic,Hawaii
1420,31,954813.4135658847,30800.4326956737,447112.31468758575,23532.227088820302,12,14,0.3870967741935484,0.45161290322580644,41.935483870967744,Medium,Gregory-Doyle,Orthopedic,Virginia
1421,40,918605.0,22965.125,737526.3171825113,21072.180490928895,5,21,0.125,0.525,32.5,Medium,Snyder LLC,Oncologist,Georgia
1422,35,852379.0,24353.685714285715,570205.2997831525,22808.2119913261,10,15,0.2857142857142857,0.42857142857142855,35.71428571428571,Medium,Gibson PLC,Cardiologist,Rhode Island
1423,64,1774069.0,27719.828125,1165300.2038446083,24793.62135839592,17,23,0.265625,0.359375,31.25,Medium,"Walker, Hunter and White",Orthopedic,Minnesota
1424,45,1042869.0,23174.866666666665,659210.3683439731,21264.850591741066,14,13,0.3111111111111111,0.28888888888888886,30.0,Medium,Johnson-Sandoval,General Practitioner,New Mexico
1425,37,882840.0,23860.54054054054,591262.9238401585,22740.88168615994,11,14,0.2972972972972973,0.3783783783783784,33.78378378378378,Medium,Gardner-Conrad,Dermatologist,Connecticut
1426,38,971551.0,25567.13157894737,751214.1056020954,23475.44080006548,6,17,0.15789473684210525,0.4473684210526316,30.263157894736842,Medium,Adams-Flores,Orthopedic,Connecticut
1427,40,871643.0,21791.075,513264.21576722345,21386.008990300976,16,14,0.4,0.35,37.5,Medium,Rodriguez-Johnson,Dermatologist,Montana
1428,50,1562958.2686594864,31259.165373189728,985985.7001417306,25946.992108992912,12,17,0.24,0.34,29.0,Medium,Hansen PLC,Dermatologist,New Mexico
1429,34,930989.0,27382.029411764706,622253.6983624956,23932.834552403678,8,8,0.23529411764705882,0.23529411764705882,23.52941176470588,Medium,Everett LLC,Dermatologist,New Hampshire
1430,37,920742.420236461,24884.930276661107,680546.2960154417,21267.07175048255,5,15,0.13513513513513514,0.40540540540540543,27.027027027027028,Medium,"Diaz, Wilson and Evans",Orthopedic,Alabama
1431,35,779339.0,22266.82857142857,462056.5937539422,19252.358073080923,11,8,0.3142857142857143,0.22857142857142856,27.142857142857142,Medium,Davis Group,Oncologist,Alaska
1432,36,862795.0,23966.527777777777,601375.5863112124,21477.69951111473,8,14,0.2222222222222222,0.3888888888888889,30.555555555555557,Medium,Melton-Mendoza,Orthopedic,New York
1433,37,1003014.7013636113,27108.505442259764,659163.9421281886,25352.459312622635,11,16,0.2972972972972973,0.43243243243243246,36.486486486486484,Medium,Bell-Hancock,Orthopedic,North Dakota
1434,39,1035818.0,26559.4358974359,716360.3210567201,23878.677368557335,9,11,0.23076923076923078,0.28205128205128205,25.641025641025642,Medium,"Jefferson, Moore and Mccarthy",Oncologist,Rhode Island
1435,33,868488.0,26317.81818181818,613864.8775600662,22735.736205928377,6,17,0.18181818181818182,0.5151515151515151,34.84848484848485,Medium,Brown-Stokes,Cardiologist,Nebraska
1436,32,862209.0,26944.03125,672411.9632113727,24014.71297183474,4,15,0.125,0.46875,29.6875,Medium,Dorsey-Clark,Oncologist,South Carolina
1437,51,1391535.0,27285.0,874854.7688074261,24301.521355761837,15,22,0.29411764705882354,0.43137254901960786,36.274509803921575,Medium,"Henry, Chang and York",Orthopedic,Tennessee
1438,47,1172441.0,24945.55319148936,828053.6507331037,23001.49029814177,11,19,0.23404255319148937,0.40425531914893614,31.914893617021274,Medium,Edwards-Perez,Orthopedic,Maine
1439,28,759011.0,27107.535714285714,591992.1803986677,24666.34084994449,4,10,0.14285714285714285,0.35714285714285715,25.0,Medium,Johnson Ltd,Oncologist,Ohio
1440,27,586390.0,21718.14814814815,411174.2396353948,20558.711981769742,7,9,0.25925925925925924,0.3333333333333333,29.629629629629626,Medium,Fletcher-Haley,General Practitioner,North Carolina
1441,45,1348210.8220430275,29960.240489845055,871340.417378692,25627.65933466741,11,18,0.24444444444444444,0.4,32.22222222222222,Medium,"Castro, Sullivan and Fernandez",Oncologist,Georgia
1442,51,1157535.9267116159,22696.78287669835,799574.0132032915,19501.805200080278,10,23,0.19607843137254902,0.45098039215686275,32.352941176470594,Medium,"Davis, Ortiz and Gregory",Dermatologist,Colorado
1443,38,886752.067046069,23335.580711738658,589129.3294215398,22658.820362366914,12,13,0.3157894736842105,0.34210526315789475,32.89473684210526,Medium,"Hill, Williams and Stephenson",Oncologist,Georgia
1444,36,973863.0,27051.75,778009.0243372348,25933.634144574495,6,15,0.16666666666666666,0.4166666666666667,29.166666666666668,Medium,Simpson Inc,General Practitioner,Oregon
1445,49,1044672.0,21319.836734693876,698154.4639819821,18869.039567080596,12,22,0.24489795918367346,0.4489795918367347,34.69387755102041,Medium,"Torres, Hall and Miller",Dermatologist,Wisconsin
1446,31,798389.1307445123,25754.488088532657,539260.3584217846,21570.414336871385,6,15,0.1935483870967742,0.4838709677419355,33.87096774193549,Medium,Lee Group,Orthopedic,Nebraska
1447,33,809184.0,24520.727272727272,404195.7534903352,22455.319638351953,15,8,0.45454545454545453,0.24242424242424243,34.848484848484844,Medium,"Allen, Quinn and Smith",Cardiologist,Texas
1448,50,1448669.010375509,28973.38020751018,893880.9545641575,22347.02386410394,10,20,0.2,0.4,30.0,Medium,Brewer-Wilson,Oncologist,North Carolina
1449,40,1055110.1328169433,26377.753320423584,603891.021961375,21567.536498620535,12,14,0.3,0.35,32.5,Medium,Anderson PLC,Oncologist,Maryland
1450,36,798661.0,22185.027777777777,643824.1706104195,20119.50533157561,4,11,0.1111111111111111,0.3055555555555556,20.833333333333336,Medium,Green Group,Oncologist,New York
1451,45,1139719.0,25327.088888888888,783754.3297220313,23051.597933000918,11,18,0.24444444444444444,0.4,32.22222222222222,Medium,Thompson PLC,Oncologist,Utah
1452,32,687631.0,21488.46875,416005.53683292924,18087.19725360562,9,11,0.28125,0.34375,31.25,Medium,Alexander Inc,General Practitioner,Massachusetts
1453,40,841133.0,21028.325,562773.1659937518,18153.97309657264,9,15,0.225,0.375,30.0,Medium,Wilson-Lawson,Dermatologist,Arkansas
1454,28,737435.0,26336.964285714286,374953.27233458986,23434.579520911866,12,8,0.42857142857142855,0.2857142857142857,35.71428571428571,Medium,Compton PLC,General Practitioner,Vermont
1455,39,881664.0,22606.76923076923,566315.4900302006,20974.647778896317,12,17,0.3076923076923077,0.4358974358974359,37.17948717948718,Medium,"Rivas, Johnson and Collins",Cardiologist,Missouri
1456,43,1208856.0,28112.93023255814,768494.3079884914,24015.447124640355,11,17,0.2558139534883721,0.3953488372093023,32.55813953488372,Medium,Clay PLC,General Practitioner,Mississippi
1457,44,1268132.9806582404,28821.2041058691,858007.4221652449,26000.224914098333,11,19,0.25,0.4318181818181818,34.09090909090909,Medium,"Robertson, Mooney and Stone",Oncologist,Michigan
1458,33,820916.0,24876.242424242424,606158.4791203403,22450.314041494086,6,13,0.18181818181818182,0.3939393939393939,28.78787878787879,Medium,Brown-Allen,Cardiologist,Vermont
1459,46,1033770.0,22473.260869565216,714921.8691360686,20426.33911817339,11,16,0.2391304347826087,0.34782608695652173,29.347826086956523,Medium,Abbott LLC,Cardiologist,Alaska
1460,46,1202161.0,26133.934782608696,750183.6209668142,25006.120698893807,16,15,0.34782608695652173,0.32608695652173914,33.69565217391305,Medium,Hernandez-Miller,Cardiologist,Rhode Island
1461,56,1255538.0,22420.321428571428,885779.7650080266,20599.529418791317,13,20,0.23214285714285715,0.35714285714285715,29.464285714285715,Medium,Munoz and Sons,Orthopedic,Utah
1462,38,1051871.323994443,27680.82431564324,611373.5070618379,22643.463224512518,11,15,0.2894736842105263,0.39473684210526316,34.21052631578947,Medium,"Simpson, Schwartz and Moreno",General Practitioner,Florida
1463,42,1048791.0,24971.214285714286,697740.4524395363,21804.38913873551,10,18,0.23809523809523808,0.42857142857142855,33.33333333333333,Medium,Smith Inc,Cardiologist,Louisiana
1464,35,1016546.935771481,29044.19816489946,556307.8777116687,24187.29903094212,12,11,0.34285714285714286,0.3142857142857143,32.857142857142854,Medium,Anderson-Jones,Dermatologist,Kentucky
1465,35,828865.0,23681.85714285714,430376.60072382604,22651.400038096108,16,8,0.45714285714285713,0.22857142857142856,34.285714285714285,Medium,"Hill, Carpenter and Hudson",Cardiologist,New Mexico
1466,36,945728.0,26270.222222222223,611082.5046590462,23503.17325611716,10,16,0.2777777777777778,0.4444444444444444,36.111111111111114,Medium,Phillips and Sons,Dermatologist,Washington
1467,36,914771.0,25410.305555555555,547034.2913585309,22793.09547327212,12,12,0.3333333333333333,0.3333333333333333,33.33333333333333,Medium,Martinez-Mccormick,General Practitioner,Vermont
1468,31,798138.0,25746.387096774193,526968.324558585,23953.10566175386,9,9,0.2903225806451613,0.2903225806451613,29.03225806451613,Medium,"Olsen, Mcguire and Vincent",Dermatologist,Ohio
1469,49,1221672.0,24932.081632653062,1011253.5888225321,22983.036109603003,5,25,0.10204081632653061,0.5102040816326531,30.612244897959187,Medium,"Lopez, Griffin and Soto",General Practitioner,North Carolina
1470,31,1007775.6935418253,32508.89334005888,697575.8827964808,25836.143807277065,4,13,0.12903225806451613,0.41935483870967744,27.41935483870968,Medium,Shaw-Stevens,General Practitioner,Iowa
1471,45,1064321.0,23651.577777777777,557705.2234497394,21450.200901913053,19,14,0.4222222222222222,0.3111111111111111,36.666666666666664,Medium,Ross-Oneal,Oncologist,Washington
1472,33,790209.0,23945.727272727272,479531.46887529024,20849.194298925664,10,5,0.30303030303030304,0.15151515151515152,22.727272727272727,Medium,"Moore, Gomez and Reilly",Oncologist,Montana
1473,37,1005563.0,27177.37837837838,619169.3290724589,24766.773162898357,12,11,0.32432432432432434,0.2972972972972973,31.08108108108108,Medium,"James, Rodriguez and Smith",Orthopedic,Nebraska
1474,38,1167559.9984248483,30725.263116443377,685186.8566901679,25377.29098852474,11,14,0.2894736842105263,0.3684210526315789,32.89473684210526,Medium,Mccormick-Johnson,Oncologist,Tennessee
1475,49,1357568.119853423,27705.471833743326,827823.2360865868,21784.8220022786,11,21,0.22448979591836735,0.42857142857142855,32.6530612244898,Medium,"Rodriguez, Rocha and Smith",Dermatologist,North Carolina
1476,45,1125462.0,25010.266666666666,651949.375822202,21030.625026522644,14,16,0.3111111111111111,0.35555555555555557,33.333333333333336,Medium,"Wilson, Thomas and Luna",Cardiologist,South Carolina
1477,39,1111417.0,28497.871794871793,734160.2421631053,26220.00864868233,11,11,0.28205128205128205,0.28205128205128205,28.205128205128204,Medium,"Harper, Vargas and Decker",General Practitioner,Minnesota
1478,43,1023325.0,23798.25581395349,769963.8800770509,22645.996472854436,9,17,0.20930232558139536,0.3953488372093023,30.232558139534884,Medium,Cooper and Sons,Oncologist,Iowa
1479,42,1038801.2320039334,24733.36266676032,721124.8092565096,22535.150289265926,10,15,0.23809523809523808,0.35714285714285715,29.76190476190476,Medium,Walker PLC,General Practitioner,Colorado
1480,42,918425.0,21867.261904761905,647141.6282796387,18489.760807989678,7,16,0.16666666666666666,0.38095238095238093,27.38095238095238,Medium,"Walker, Wu and Pierce",Dermatologist,New York
1481,43,1297076.0,30164.558139534885,1013905.7605140224,28968.736014686354,8,22,0.18604651162790697,0.5116279069767442,34.88372093023256,Medium,Simpson Group,Oncologist,North Carolina
1482,37,871779.4068852458,23561.60559149313,583437.4791289989,18232.421222781217,5,15,0.13513513513513514,0.40540540540540543,27.027027027027028,Medium,Porter-Lewis,Oncologist,Nevada
1483,34,926747.0,27257.264705882353,613355.7514717187,24534.230058868747,9,14,0.2647058823529412,0.4117647058823529,33.8235294117647,Medium,Compton and Sons,Cardiologist,Tennessee
1484,34,859505.0,25279.558823529413,652628.3453448771,24171.42019795841,7,12,0.20588235294117646,0.35294117647058826,27.941176470588236,Medium,"Rogers, Grant and Mccoy",Cardiologist,Missouri
1485,38,912866.0,24022.78947368421,723668.3665359291,21929.344440482702,5,16,0.13157894736842105,0.42105263157894735,27.631578947368418,Medium,Mcdaniel-Rogers,Oncologist,Utah
1486,40,995058.0874947902,24876.452187369756,613113.5858466879,19777.857607957674,9,18,0.225,0.45,33.75,Medium,"Rodriguez, Richards and Myers",General Practitioner,Kentucky
1487,42,1044683.0,24873.404761904763,684950.7410072398,22831.69136690799,12,17,0.2857142857142857,0.40476190476190477,34.52380952380952,Medium,"Rowe, Bright and Escobar",Dermatologist,North Dakota
1488,29,809192.0,27903.172413793105,609084.1169127862,25378.50487136609,5,12,0.1724137931034483,0.41379310344827586,29.310344827586206,Medium,"Friedman, Jones and Kramer",Dermatologist,Illinois
1489,43,1337492.0,31104.46511627907,1014038.5557730406,27406.44745332542,6,21,0.13953488372093023,0.4883720930232558,31.395348837209298,Medium,King Group,Cardiologist,Oklahoma
1490,42,1251711.225427784,29802.64822447105,797976.1560326003,24181.095637351526,9,15,0.21428571428571427,0.35714285714285715,28.57142857142857,Medium,Rodriguez Ltd,General Practitioner,South Dakota
1491,50,1125373.0,22507.46,775737.743055913,19890.711360408026,11,17,0.22,0.34,28.0,Medium,"Ellison, Miranda and Robinson",General Practitioner,Hawaii
1492,29,587122.0,20245.58620689655,395997.4484833749,17999.884021971586,7,10,0.2413793103448276,0.3448275862068966,29.310344827586206,Medium,Holder-Hill,Orthopedic,Wyoming
1493,41,938948.0,22901.170731707316,643978.0988447273,23851.040697952863,14,10,0.34146341463414637,0.24390243902439024,29.26829268292683,Medium,Lopez LLC,Orthopedic,Nebraska
1494,44,1086232.0778255074,24687.09267785244,657616.1454380724,20550.504544939762,12,15,0.2727272727272727,0.3409090909090909,30.68181818181818,Medium,Farmer-Lee,Orthopedic,South Dakota
1495,35,700336.0,20009.6,408055.11368721264,17741.526682052725,12,8,0.34285714285714286,0.22857142857142856,28.57142857142857,Medium,"Dougherty, Perez and Romero",Dermatologist,Minnesota
1496,48,953521.0,19865.020833333332,772654.0400043926,19316.351000109815,8,21,0.16666666666666666,0.4375,30.208333333333332,Medium,Payne LLC,Dermatologist,Louisiana
1497,33,799950.0,24240.909090909092,503430.4615829045,20976.26923262102,9,14,0.2727272727272727,0.42424242424242425,34.848484848484844,Medium,"Santana, Tate and Burke",Oncologist,Pennsylvania
1498,47,1153905.0,24551.17021276596,767941.8895365711,21941.19684390203,12,17,0.2553191489361702,0.3617021276595745,30.851063829787236,Medium,Foster LLC,Oncologist,Iowa
1499,48,1155736.0,24077.833333333332,870744.5572924343,22914.33045506406,10,14,0.20833333333333334,0.2916666666666667,25.0,Medium,Potter-Hughes,Dermatologist,Connecticut
1500,44,1200167.4641949977,27276.533277159037,727859.8385890833,20795.995388259522,9,18,0.20454545454545456,0.4090909090909091,30.681818181818187,Medium,Mendoza-Collins,General Practitioner,Minnesota
1501,41,1149957.202860186,28047.73665512649,699488.6038692628,24120.296685146994,12,13,0.2926829268292683,0.3170731707317073,30.487804878048777,Medium,Page-Morrison,General Practitioner,North Carolina
1502,33,885990.8726687223,26848.208262688553,573295.4112328044,22049.823508954018,7,14,0.21212121212121213,0.42424242424242425,31.818181818181817,Medium,Gray-Munoz,Cardiologist,South Dakota
1503,38,1018787.0,26810.184210526317,660431.1828206886,23586.827957881735,10,14,0.2631578947368421,0.3684210526315789,31.578947368421048,Medium,French-Ballard,Orthopedic,Ohio
1504,30,950444.0,31681.466666666667,660602.3072633125,28721.839446230977,7,15,0.23333333333333334,0.5,36.666666666666664,Medium,Ali and Sons,Cardiologist,Hawaii
1505,39,895433.0,22959.82051282051,585292.330681535,20903.297524340534,11,14,0.28205128205128205,0.358974358974359,32.05128205128205,Medium,Perry-Hoffman,Dermatologist,Maine
1506,52,1372996.0,26403.76923076923,933574.8545353757,21711.043128729667,9,21,0.17307692307692307,0.40384615384615385,28.846153846153847,Medium,Mcdonald-Walker,General Practitioner,New York
1507,30,719446.0,23981.533333333333,335149.36188576533,19714.66834622149,13,7,0.43333333333333335,0.23333333333333334,33.333333333333336,Medium,Brown Group,General Practitioner,Wyoming
1508,49,1177358.0,24027.714285714286,767894.3468897002,21330.39852471389,13,18,0.2653061224489796,0.3673469387755102,31.63265306122449,Medium,Burns Inc,Oncologist,Wyoming
1509,36,669561.0,18598.916666666668,462195.2366966552,16506.972739166256,8,10,0.2222222222222222,0.2777777777777778,25.0,Medium,Malone LLC,General Practitioner,Kentucky
1510,44,1136047.9936863277,25819.272583780174,834112.0469624911,24532.70726360268,10,15,0.22727272727272727,0.3409090909090909,28.409090909090907,Medium,"Reyes, Smith and Bonilla",Dermatologist,Vermont
1511,41,1042950.0,25437.80487804878,709053.063175183,23635.102105839433,11,12,0.2682926829268293,0.2926829268292683,28.048780487804876,Medium,Christian PLC,Orthopedic,Minnesota
1512,42,1020080.0,24287.619047619046,599038.1727225599,22186.59898972444,15,15,0.35714285714285715,0.35714285714285715,35.714285714285715,Medium,"Ho, Hoffman and Todd",Cardiologist,Illinois
1513,39,1011351.0,25932.076923076922,626055.0820655836,23187.22526168828,12,13,0.3076923076923077,0.3333333333333333,32.05128205128205,Medium,Martinez-Stewart,General Practitioner,New York
1514,37,981460.0,26525.945945945947,706842.3870524463,25244.370966158796,9,18,0.24324324324324326,0.4864864864864865,36.48648648648649,Medium,Moore-Cannon,General Practitioner,Rhode Island
1515,36,1050936.5170839576,29192.681030109932,630305.9967435683,24242.53833629109,10,10,0.2777777777777778,0.2777777777777778,27.77777777777778,Medium,Richards Ltd,Dermatologist,Nebraska
1516,48,1215924.0,25331.75,822698.3753211722,23505.667866319203,13,20,0.2708333333333333,0.4166666666666667,34.375,Medium,Morris and Sons,Dermatologist,South Carolina
1517,44,1146777.0,26063.113636363636,787724.7042964122,25410.474332142327,13,14,0.29545454545454547,0.3181818181818182,30.68181818181818,Medium,Davis-Morales,Dermatologist,New York
1518,30,784115.6367203994,26137.18789067998,428884.8822759207,21444.244113796034,10,12,0.3333333333333333,0.4,36.666666666666664,Medium,Brown-Henson,Oncologist,Pennsylvania
1519,35,805423.0,23012.085714285713,460155.14147682046,20006.745281600888,12,11,0.34285714285714286,0.3142857142857143,32.857142857142854,Medium,Fletcher-Rodriguez,General Practitioner,Wyoming
1520,49,1300024.8990867923,26531.12038952637,875192.3143740904,23031.376694055012,11,19,0.22448979591836735,0.3877551020408163,30.612244897959187,Medium,Cooper Inc,Cardiologist,Nebraska
1521,38,1196511.3172904428,31487.139928695862,564734.5920012975,22589.383680051902,13,14,0.34210526315789475,0.3684210526315789,35.526315789473685,Medium,Hamilton-Jones,Cardiologist,Arkansas
1522,43,1117369.0,25985.325581395347,669549.5647103152,23912.48445393983,15,12,0.3488372093023256,0.27906976744186046,31.3953488372093,Medium,Smith-Frank,Cardiologist,New York
1523,38,1000715.0,26334.605263157893,764639.3757123956,24665.786313303084,7,14,0.18421052631578946,0.3684210526315789,27.631578947368418,Medium,"Williams, Ward and Williams",Oncologist,Utah
1524,36,1025743.0,28492.86111111111,633304.5723230599,25332.182892922396,11,17,0.3055555555555556,0.4722222222222222,38.888888888888886,Medium,"Williams, Jones and Bowman",Orthopedic,Maryland
1525,50,1304454.0,26089.08,897194.2694731299,23004.981268541793,11,21,0.22,0.42,32.0,Medium,Bradley PLC,Oncologist,Utah
1526,37,905818.0,24481.567567567567,672694.4346290095,23196.359814793428,8,15,0.21621621621621623,0.40540540540540543,31.08108108108108,Medium,"Williams, Bentley and Pineda",General Practitioner,Connecticut
1527,46,1119197.4178440536,24330.378648783775,774901.488328643,20943.283468341702,9,23,0.1956521739130435,0.5,34.78260869565217,Medium,Carter Ltd,Oncologist,Mississippi
1528,36,1021935.4443479342,28387.095676331504,742090.8310304387,23938.413904207697,5,15,0.1388888888888889,0.4166666666666667,27.77777777777778,Medium,Hansen Group,Dermatologist,Nevada
1529,42,1043298.0,24840.428571428572,642907.019744415,21430.233991480498,12,13,0.2857142857142857,0.30952380952380953,29.76190476190476,Medium,"Williams, Richardson and Wilson",Cardiologist,Texas
1530,41,1036904.0,25290.341463414636,697743.9517091981,22507.86940997413,10,14,0.24390243902439024,0.34146341463414637,29.26829268292683,Medium,"Calhoun, Stone and Newton",General Practitioner,New Mexico
1531,43,1124056.0,26140.837209302324,743227.9118314518,25628.548683843164,14,13,0.32558139534883723,0.3023255813953488,31.3953488372093,Medium,Gonzalez and Sons,General Practitioner,North Carolina
1532,25,643350.0,25734.0,391024.421575185,21723.578976399167,7,8,0.28,0.32,30.0,Medium,"Murray, White and Taylor",General Practitioner,Wisconsin
1533,46,1225663.0,26644.847826086956,794774.8689779652,22707.853399370433,11,16,0.2391304347826087,0.34782608695652173,29.347826086956523,Medium,Robinson and Sons,General Practitioner,Georgia
1534,31,563005.0,18161.451612903227,375615.32012588455,15650.638338578523,7,13,0.22580645161290322,0.41935483870967744,32.25806451612903,Medium,"Grant, Steele and Wilson",Orthopedic,Michigan
1535,46,1161808.0,25256.695652173912,881748.3041733666,23831.035247928827,9,13,0.1956521739130435,0.2826086956521739,23.913043478260867,Medium,"Lin, Allison and Miller",Oncologist,Wisconsin
1536,30,618110.0,20603.666666666668,434751.6904777724,18114.65376990718,6,11,0.2,0.36666666666666664,28.333333333333332,Medium,Castillo PLC,General Practitioner,New York
1537,44,1177440.2172862235,26760.00493832326,499299.65809071966,18492.579929285912,17,12,0.38636363636363635,0.2727272727272727,32.95454545454545,Medium,Lang LLC,Orthopedic,South Carolina
1538,44,1334783.3138473122,30335.984405620733,789958.7819601547,23234.08182235749,10,16,0.22727272727272727,0.36363636363636365,29.545454545454547,Medium,Munoz Group,Oncologist,Illinois
1539,41,1003030.0,24464.146341463416,804832.8998900286,22356.469441389683,5,19,0.12195121951219512,0.4634146341463415,29.26829268292683,Medium,Peterson-Walker,Oncologist,Arizona
1540,27,673389.0,24940.333333333332,453961.8707895767,22698.093539478832,7,7,0.25925925925925924,0.25925925925925924,25.925925925925924,Medium,Hester PLC,Orthopedic,North Carolina
1541,32,637831.0,19932.21875,360469.3930638019,16384.972411990995,10,13,0.3125,0.40625,35.9375,Medium,"Little, Martin and Harris",Dermatologist,Minnesota
1542,32,755802.0,23618.8125,604268.1825712229,22380.30305819344,5,15,0.15625,0.46875,31.25,Medium,Garza-Brewer,Dermatologist,Maryland
1543,38,781731.0,20571.86842105263,504802.98979081947,19415.49960733921,12,11,0.3157894736842105,0.2894736842105263,30.263157894736842,Medium,"Rodriguez, Richards and Williams",General Practitioner,Alabama
1544,42,1297603.9521685112,30895.33219448836,806495.0284691418,26883.16761563806,12,13,0.2857142857142857,0.30952380952380953,29.76190476190476,Medium,Montgomery PLC,Orthopedic,Idaho
1545,39,1182378.3298329571,30317.393072639927,655087.9909265677,25195.691958714142,13,12,0.3333333333333333,0.3076923076923077,32.05128205128205,Medium,Williams Inc,Orthopedic,Connecticut
1546,35,847003.0,24200.085714285713,629465.960367757,22480.92715599132,7,16,0.2,0.45714285714285713,32.85714285714286,Medium,Stewart Group,Dermatologist,Wisconsin
1547,44,1151008.4370028456,26159.282659155582,689986.2718380176,20293.713877588754,10,22,0.22727272727272727,0.5,36.36363636363636,Medium,Marsh-Sanchez,Orthopedic,Connecticut
1548,52,1247840.0,23996.923076923078,801045.0768871037,21649.866942894696,15,18,0.28846153846153844,0.34615384615384615,31.730769230769226,Medium,Graham and Sons,Orthopedic,Indiana
1549,45,1200402.0,26675.6,805393.5762955607,23011.24503701602,10,18,0.2222222222222222,0.4,31.11111111111111,Medium,Chen Ltd,General Practitioner,West Virginia
1550,43,1088820.0,25321.39534883721,895484.6485712589,24202.287799223213,6,18,0.13953488372093023,0.4186046511627907,27.906976744186046,Medium,Lawrence-Cooke,General Practitioner,Maine
1551,45,1197870.0,26619.333333333332,768537.0080819783,24791.516389741235,14,18,0.3111111111111111,0.4,35.55555555555556,Medium,Hodges-Lloyd,Orthopedic,Georgia
1552,38,900369.0,23693.92105263158,622546.5185877808,20751.550619592694,8,12,0.21052631578947367,0.3157894736842105,26.31578947368421,Medium,Bauer Inc,Cardiologist,Indiana
1553,29,812276.3068030787,28009.527820795818,587659.5994200765,22602.292285387557,3,16,0.10344827586206896,0.5517241379310345,32.758620689655174,Medium,Butler-Wood,Cardiologist,Colorado
1554,35,966612.0,27617.485714285714,599443.7701006837,23977.750804027346,10,11,0.2857142857142857,0.3142857142857143,30.0,Medium,Kim-James,Orthopedic,Montana
1555,48,1306137.0,27211.1875,768175.7438719735,24005.49199599917,16,19,0.3333333333333333,0.3958333333333333,36.45833333333333,Medium,Young-Robinson,Dermatologist,Tennessee
1556,40,927866.0,23196.65,720467.4040191723,21832.345576338554,7,18,0.175,0.45,31.25,Medium,Rose-Brown,General Practitioner,Texas
1557,45,1231531.665797358,27367.3703510524,814851.2024307598,23966.211836198818,11,17,0.24444444444444444,0.37777777777777777,31.11111111111111,Medium,Santiago and Sons,Cardiologist,Wyoming
1558,43,1143695.0,26597.558139534885,811111.750530355,23856.227956775147,9,18,0.20930232558139536,0.4186046511627907,31.395348837209305,Medium,"Walters, Matthews and Turner",General Practitioner,Missouri
1559,44,1053874.0,23951.68181818182,733837.4012591189,23672.174234165126,13,13,0.29545454545454547,0.29545454545454547,29.545454545454547,Medium,Castillo-Petersen,Orthopedic,Wisconsin
1560,32,787471.0,24608.46875,415141.81640679995,18870.082563945452,10,9,0.3125,0.28125,29.6875,Medium,"Ross, Richardson and Reid",General Practitioner,Florida
1561,58,1492474.3108668535,25732.315704600922,803914.8421528399,20097.871053820996,18,18,0.3103448275862069,0.3103448275862069,31.03448275862069,Medium,Morton-Odonnell,Cardiologist,Texas
1562,36,878508.7903894819,24403.021955263386,491454.01123320765,20477.25046805032,12,12,0.3333333333333333,0.3333333333333333,33.33333333333333,Medium,Sexton-Moore,Orthopedic,Michigan
1563,43,1029545.7443472221,23942.924287144702,616731.8064042397,20557.726880141323,13,11,0.3023255813953488,0.2558139534883721,27.906976744186046,Medium,Mccormick Inc,Orthopedic,Arizona
1564,38,952905.3691454602,25076.45708277527,565814.0648802078,25718.821130918535,16,12,0.42105263157894735,0.3157894736842105,36.84210526315789,Medium,Booth-Young,Orthopedic,Tennessee
1565,45,1228352.0,27296.71111111111,806606.4455523829,23045.898444353796,10,16,0.2222222222222222,0.35555555555555557,28.88888888888889,Medium,"Harris, Jefferson and Wallace",General Practitioner,Wisconsin
1566,45,1156409.0,25697.977777777778,716297.1316313907,23876.57105437969,15,18,0.3333333333333333,0.4,36.666666666666664,Medium,Washington LLC,Dermatologist,Arkansas
1567,46,1136665.6115793393,24710.1219908552,809504.6982149464,23128.705663284185,11,22,0.2391304347826087,0.4782608695652174,35.869565217391305,Medium,"Brown, Alvarez and French",Cardiologist,Pennsylvania
1568,32,994915.0,31091.09375,749929.1176732477,26783.182774044562,4,17,0.125,0.53125,32.8125,Medium,"Williams, Conner and Miranda",Oncologist,New York
1569,38,874007.0,23000.184210526317,628348.9223289306,21667.204218238985,9,13,0.23684210526315788,0.34210526315789475,28.94736842105263,Medium,"Tran, Finley and Cannon",Cardiologist,Nebraska
1570,35,793343.0,22666.942857142858,467341.1407221553,18693.64562888621,10,14,0.2857142857142857,0.4,34.285714285714285,Medium,"Beck, Crawford and Hughes",Cardiologist,Tennessee
1571,39,1093774.0,28045.48717948718,682887.8775135989,25292.143611614774,12,14,0.3076923076923077,0.358974358974359,33.333333333333336,Medium,Perez-Simmons,Oncologist,Indiana
1572,44,1189928.1323920847,27043.8211907292,774746.7352846534,27669.526260166193,16,12,0.36363636363636365,0.2727272727272727,31.81818181818182,Medium,"Gillespie, Simpson and Myers",Cardiologist,Nevada
1573,56,1411185.0,25199.73214285714,1016386.3152721366,23636.891052840387,13,25,0.23214285714285715,0.44642857142857145,33.92857142857143,Medium,"Ray, Powers and Le",Orthopedic,Oregon
1574,40,1277219.2559874237,31930.481399685592,545471.5800045349,20979.676154020573,14,13,0.35,0.325,33.75,Medium,Garcia-Gibbs,Orthopedic,California
1575,45,1275872.1662871721,28352.714806381602,891575.3970292486,25473.582772264246,10,18,0.2222222222222222,0.4,31.11111111111111,Medium,"Day, Clark and Pierce",General Practitioner,West Virginia
1576,38,1115981.404861792,29367.931706889263,789784.4904141698,24680.765325442808,6,19,0.15789473684210525,0.5,32.89473684210526,Medium,Williams Group,Oncologist,Missouri
1577,35,945782.4622436011,27022.35606410289,532679.0335671166,23159.95798117898,12,9,0.34285714285714286,0.2571428571428571,30.0,Medium,"King, Merritt and Johnson",Orthopedic,Nevada
1578,39,1133337.0,29059.923076923078,866895.5560611235,26269.56230488253,6,12,0.15384615384615385,0.3076923076923077,23.076923076923077,Medium,Jones and Sons,Oncologist,Wyoming
1579,28,580735.0,20740.535714285714,400578.67238430405,17416.464016708873,5,13,0.17857142857142858,0.4642857142857143,32.142857142857146,Medium,Baker and Sons,Orthopedic,Arizona
1580,53,1617474.463748605,30518.386108464245,927190.6505352531,25755.295848201476,17,19,0.32075471698113206,0.3584905660377358,33.9622641509434,Medium,"Simmons, Dickson and Young",Cardiologist,Minnesota
1581,46,1051138.0,22850.82608695652,695958.6714155243,20469.372688691892,12,14,0.2608695652173913,0.30434782608695654,28.26086956521739,Medium,"Mcneil, Stokes and Cherry",Oncologist,Indiana
1582,39,829757.0,21275.82051282051,602992.0579759175,20099.735265863917,9,15,0.23076923076923078,0.38461538461538464,30.769230769230774,Medium,Zhang LLC,Orthopedic,Kansas
1583,37,980117.0,26489.64864864865,597698.3711807287,22988.39889156649,11,15,0.2972972972972973,0.40540540540540543,35.13513513513514,Medium,Reynolds PLC,Dermatologist,Nevada
1584,31,1143827.5540973402,36897.66303539807,565330.695750923,25696.849806860137,9,11,0.2903225806451613,0.3548387096774194,32.25806451612903,Medium,"Gonzalez, Bright and Kelly",Oncologist,Oregon
1585,33,883391.6720946246,26769.444608928017,484491.5895144824,21064.851718020975,10,12,0.30303030303030304,0.36363636363636365,33.333333333333336,Medium,"Dawson, Singh and Wilcox",Oncologist,New York
1586,32,768592.0,24018.5,474437.80890530255,21565.354950241024,10,9,0.3125,0.28125,29.6875,Medium,"Carlson, Johnson and Reed",Dermatologist,Arizona
1587,54,1428011.657254102,26444.660319520408,888952.5210051426,21165.536214408156,12,21,0.2222222222222222,0.3888888888888889,30.555555555555557,Medium,"Allen, Evans and Warren",Oncologist,New York
1588,47,1075422.0,22881.31914893617,722343.8958115764,21889.208963987163,14,14,0.2978723404255319,0.2978723404255319,29.78723404255319,Medium,"Schneider, Evans and Robinson",General Practitioner,West Virginia
1589,41,861980.0,21023.90243902439,459360.7955581556,17013.362798450205,14,15,0.34146341463414637,0.36585365853658536,35.36585365853659,Medium,Page-Thornton,Cardiologist,Delaware
1590,34,898746.0,26433.70588235294,521512.25307337346,23705.102412426066,12,11,0.35294117647058826,0.3235294117647059,33.82352941176471,Medium,Chandler Inc,Cardiologist,West Virginia
1591,39,1101075.0,28232.69230769231,689880.8714947792,25551.143388695527,12,13,0.3076923076923077,0.3333333333333333,32.05128205128205,Medium,Gomez-Mcdonald,Orthopedic,Colorado
1592,41,1050100.0,25612.19512195122,749773.7035676792,25854.2656402648,12,16,0.2926829268292683,0.3902439024390244,34.14634146341463,Medium,Valenzuela-Curry,General Practitioner,Maine
1593,54,1334152.0,24706.51851851852,711814.6023580352,20935.72359876574,20,15,0.37037037037037035,0.2777777777777778,32.407407407407405,Medium,Romero Ltd,Dermatologist,Alaska
1594,40,1218788.0620695732,30469.70155173933,682357.4717137455,22011.531345604693,9,15,0.225,0.375,30.0,Medium,"Hopkins, Jackson and Reese",Dermatologist,Hawaii
1595,46,1279538.3773365715,27816.051681229816,871078.6488819238,24887.961396626393,11,17,0.2391304347826087,0.3695652173913043,30.43478260869565,Medium,Taylor and Sons,Cardiologist,New Mexico
1596,30,965842.6997115684,32194.75665705228,662979.3167085887,26519.172668343548,5,9,0.16666666666666666,0.3,23.333333333333332,Medium,Hancock-Foster,Dermatologist,Alabama
1597,35,937056.0,26773.02857142857,431905.91543770465,20566.948354176413,14,10,0.4,0.2857142857142857,34.285714285714285,Medium,Kline-Rodgers,Cardiologist,New Hampshire
1598,40,1011839.0,25295.975,753070.0280186457,24292.58154898857,9,13,0.225,0.325,27.5,Medium,Tyler-Smith,General Practitioner,New Jersey
1599,45,1147360.0,25496.88888888889,821251.0734050272,24886.3961637887,12,16,0.26666666666666666,0.35555555555555557,31.111111111111114,Medium,"Orozco, Rodriguez and Williams",General Practitioner,Minnesota
1600,35,943046.3038825983,26944.18011093138,561872.4210605212,22474.896842420847,10,6,0.2857142857142857,0.17142857142857143,22.857142857142854,Medium,Larsen-Hammond,General Practitioner,New York
1601,49,1475270.0,30107.551020408162,1078207.59360075,26297.746185384145,8,17,0.16326530612244897,0.3469387755102041,25.51020408163265,Medium,Curry LLC,Orthopedic,New Hampshire
1602,36,917933.7566373227,25498.159906592296,560240.2022248486,20008.578650887448,8,12,0.2222222222222222,0.3333333333333333,27.777777777777775,Medium,"Short, Perez and Mora",Dermatologist,Montana
1603,34,741631.0,21812.676470588234,470360.6197542961,19598.359156429004,10,9,0.29411764705882354,0.2647058823529412,27.94117647058824,Medium,Jordan-Bennett,Orthopedic,Iowa
1604,33,623722.0,18900.666666666668,431256.8947469354,15972.47758321983,6,12,0.18181818181818182,0.36363636363636365,27.272727272727273,Medium,White Group,Oncologist,Indiana
1605,35,886206.1009845916,25320.174313845477,595968.7982485647,22072.918453650545,8,14,0.22857142857142856,0.4,31.42857142857143,Medium,Flowers-Joseph,Dermatologist,Wisconsin
1606,56,1419667.0,25351.196428571428,1040775.498891944,24780.369021236762,14,16,0.25,0.2857142857142857,26.785714285714285,Medium,Martinez-Bird,Oncologist,Georgia
1607,42,968920.0,23069.52380952381,711957.014006729,22248.65668771028,10,17,0.23809523809523808,0.40476190476190477,32.14285714285714,Medium,"Eaton, Williams and Taylor",General Practitioner,Kansas
1608,26,623141.0,23966.96153846154,466141.4711738206,24533.7616407274,7,8,0.2692307692307692,0.3076923076923077,28.846153846153847,Medium,Powell and Sons,Orthopedic,Connecticut
1609,39,1021919.8221252321,26203.072362185438,676487.7404550922,21822.185175970713,8,12,0.20512820512820512,0.3076923076923077,25.641025641025642,Medium,Bowers-Pugh,Orthopedic,New Hampshire
1610,44,1246627.0,28332.43181818182,757824.4912640816,25260.816375469385,14,19,0.3181818181818182,0.4318181818181818,37.5,Medium,King Inc,Cardiologist,North Carolina
1611,39,905809.7215334194,23225.890295728703,529185.1239832215,17639.50413277405,9,14,0.23076923076923078,0.358974358974359,29.48717948717949,Medium,Thomas Group,General Practitioner,South Carolina
1612,38,995665.0,26201.71052631579,741852.6385759076,22480.382987148714,5,15,0.13157894736842105,0.39473684210526316,26.31578947368421,Medium,"Mcdonald, Simmons and Tucker",Cardiologist,Colorado
1613,42,1028981.0,24499.54761904762,715196.9240138651,22349.903875433283,10,13,0.23809523809523808,0.30952380952380953,27.38095238095238,Medium,Collins-Newman,General Practitioner,Wisconsin
1614,43,1329789.092041899,30925.32772190463,520652.5457743138,20826.10183097255,18,11,0.4186046511627907,0.2558139534883721,33.720930232558146,Medium,Lee-Johnson,Cardiologist,Wyoming
1615,44,1147099.0,26070.43181818182,606811.8049714246,22474.51129523795,17,15,0.38636363636363635,0.3409090909090909,36.36363636363636,Medium,"Osborn, Foster and Smith",Orthopedic,Connecticut
1616,41,1147433.0,27986.170731707316,831680.9852971281,26828.41888055252,10,14,0.24390243902439024,0.34146341463414637,29.26829268292683,Medium,"Gutierrez, Lamb and Davies",Orthopedic,Vermont
1617,41,1045459.0,25499.0,722859.388649028,22589.355895282126,9,20,0.21951219512195122,0.4878048780487805,35.36585365853659,Medium,Clark-Rogers,Cardiologist,Minnesota
1618,49,1334744.0,27239.673469387755,834203.5015341413,23172.319487059478,13,15,0.2653061224489796,0.30612244897959184,28.57142857142857,Medium,Livingston PLC,Cardiologist,Washington
1619,36,1008180.0,28005.0,649097.8833291775,24040.662345525092,9,10,0.25,0.2777777777777778,26.38888888888889,Medium,Miller and Sons,Dermatologist,Ohio
1620,34,920194.0,27064.529411764706,571707.5319657812,23821.147165240884,10,11,0.29411764705882354,0.3235294117647059,30.88235294117647,Medium,"Clark, Schmitt and Fernandez",Orthopedic,Hawaii
1621,41,1424684.6931468295,34748.40714992267,853127.9436087052,25852.36192753652,8,18,0.1951219512195122,0.43902439024390244,31.707317073170735,Medium,Chen-Butler,Oncologist,Colorado
1622,40,941447.737365507,23536.193434137676,680775.8261812807,20629.570490341837,7,18,0.175,0.45,31.25,Medium,"Coleman, Santos and Brown",Oncologist,West Virginia
1623,51,1288489.0,25264.49019607843,818495.9557630245,22735.998771195125,15,17,0.29411764705882354,0.3333333333333333,31.372549019607842,Medium,"Bennett, Anderson and Boyd",General Practitioner,Oklahoma
1624,38,1011652.0,26622.42105263158,705733.8022167789,22054.18131927434,6,15,0.15789473684210525,0.39473684210526316,27.63157894736842,Medium,Stevenson Inc,Dermatologist,Maine
1625,42,1104897.0,26307.071428571428,724114.6037349299,21942.86677984636,9,15,0.21428571428571427,0.35714285714285715,28.57142857142857,Medium,Sharp-Blake,Cardiologist,South Carolina
1626,51,1238100.0,24276.470588235294,727278.569959039,19656.177566460512,14,18,0.27450980392156865,0.35294117647058826,31.372549019607845,Medium,Park Inc,Oncologist,Wisconsin
1627,30,767454.0,25581.8,463973.0641687494,23198.65320843747,10,8,0.3333333333333333,0.26666666666666666,30.0,Medium,Johnson Inc,General Practitioner,New Hampshire
1628,42,972247.0,23148.738095238095,654733.1423376272,21120.42394637507,11,18,0.2619047619047619,0.42857142857142855,34.523809523809526,Medium,Johnson-Perry,Orthopedic,Nebraska
1629,35,818306.0,23380.17142857143,558777.9670904117,20695.48026260784,8,16,0.22857142857142856,0.45714285714285713,34.285714285714285,Medium,Johnson Ltd,Orthopedic,New Jersey
1630,37,973702.0,26316.27027027027,607877.312192437,24315.09248769748,12,12,0.32432432432432434,0.32432432432432434,32.432432432432435,Medium,Flores-Griffith,Oncologist,Nevada
1631,35,993257.0,28378.77142857143,741967.9040968777,26498.85371774563,7,16,0.2,0.45714285714285713,32.85714285714286,Medium,Morris-Graves,General Practitioner,New Mexico
1632,42,1009064.0,24025.333333333332,639560.9353091803,21318.697843639344,12,17,0.2857142857142857,0.40476190476190477,34.52380952380952,Medium,Anderson and Sons,Orthopedic,Indiana
1633,34,993421.0,29218.264705882353,718110.8129895609,25646.814749627174,6,12,0.17647058823529413,0.35294117647058826,26.47058823529412,Medium,Williams and Sons,General Practitioner,Ohio
1634,38,837400.0,22036.842105263157,520447.8189455348,20817.912757821392,13,11,0.34210526315789475,0.2894736842105263,31.578947368421055,Medium,Brewer-Bell,Orthopedic,South Dakota
1635,35,770251.0,22007.17142857143,554288.6191125257,20529.20811527873,8,15,0.22857142857142856,0.42857142857142855,32.857142857142854,Medium,Pratt and Sons,Orthopedic,Massachusetts
1636,38,1061785.0,27941.71052631579,814350.6644317823,27145.02214772608,8,11,0.21052631578947367,0.2894736842105263,25.0,Medium,"Pacheco, Mcgee and Miller",Orthopedic,Wisconsin
1637,34,891744.0,26227.764705882353,698440.7631436039,23281.358771453462,4,15,0.11764705882352941,0.4411764705882353,27.941176470588236,Medium,Castillo Group,Cardiologist,New Mexico
1638,33,853943.0,25877.060606060608,645701.5672699584,23914.872861850312,6,12,0.18181818181818182,0.36363636363636365,27.272727272727273,Medium,Ward-Gonzales,Cardiologist,Massachusetts
1639,39,1034804.0,26533.4358974359,673774.6659783963,24954.617258459122,12,12,0.3076923076923077,0.3076923076923077,30.76923076923077,Medium,"Willis, Hanson and Parker",General Practitioner,California
1640,44,1072495.2144387069,24374.891237243337,658065.8776161454,18801.882217604154,9,22,0.20454545454545456,0.5,35.22727272727273,Medium,"Gray, Allison and Porter",Orthopedic,South Dakota
1641,44,1032784.8510182975,23472.38297768858,678880.214487439,20572.127711740577,11,17,0.25,0.38636363636363635,31.818181818181817,Medium,"Bailey, Daniels and Anderson",General Practitioner,Connecticut
1642,30,728674.0,24289.133333333335,465154.2576990125,22150.202747572024,9,13,0.3,0.43333333333333335,36.66666666666667,Medium,Richard and Sons,Oncologist,South Dakota
1643,32,937834.5547822719,29307.329836945995,671805.6345068966,23993.058375246306,4,13,0.125,0.40625,26.5625,Medium,Richardson LLC,Orthopedic,Rhode Island
1644,30,762351.0,25411.7,474735.554115899,21578.888823449957,8,11,0.26666666666666666,0.36666666666666664,31.666666666666664,Medium,"Wolfe, Lee and Henry",Orthopedic,Montana
1645,37,1046123.0096253252,28273.59485473852,571909.0726907346,19721.002506577057,8,19,0.21621621621621623,0.5135135135135135,36.486486486486484,Medium,"Pacheco, Norris and Blake",General Practitioner,Maine
1646,31,708708.0,22861.548387096773,395470.4551719686,19773.522758598432,11,12,0.3548387096774194,0.3870967741935484,37.096774193548384,Medium,Cross-Taylor,General Practitioner,Tennessee
1647,45,1095878.0,24352.844444444443,782615.3346211389,22360.438132032537,10,24,0.2222222222222222,0.5333333333333333,37.77777777777778,Medium,Hughes Group,Oncologist,Minnesota
1648,38,1046235.0593016674,27532.501560570196,612561.4804484674,20418.716014948914,8,14,0.21052631578947367,0.3684210526315789,28.94736842105263,Medium,"Dean, White and Garcia",Oncologist,Nevada
1649,37,978997.0,26459.37837837838,610370.8542336075,21798.9590797717,9,16,0.24324324324324326,0.43243243243243246,33.78378378378378,Medium,"Guzman, Howe and Boyd",General Practitioner,Tennessee
1650,46,1226290.0,26658.478260869564,904402.4432505496,26600.071860310283,12,14,0.2608695652173913,0.30434782608695654,28.26086956521739,Medium,Chavez LLC,Cardiologist,Illinois
1651,40,827556.0,20688.9,441541.1567989208,17661.646271956834,15,15,0.375,0.375,37.5,Medium,Porter-Butler,Dermatologist,Wisconsin
1652,29,729709.0,25162.379310344826,479995.7087729241,22856.938512996385,8,9,0.27586206896551724,0.3103448275862069,29.310344827586206,Medium,Hopkins-Anderson,Oncologist,California
1653,36,961893.524084464,26719.264557901777,702558.0025847027,21954.93758077196,4,13,0.1111111111111111,0.3611111111111111,23.611111111111107,Medium,"Arellano, Gallegos and Roberts",Dermatologist,Oregon
1654,37,745369.0,20145.108108108107,418717.11202966335,16104.504308833206,11,9,0.2972972972972973,0.24324324324324326,27.027027027027028,Medium,Taylor-Jackson,Oncologist,Mississippi
1655,32,833757.0,26054.90625,575083.0551724375,23961.793965518227,8,10,0.25,0.3125,28.125,Medium,"Goodman, Nguyen and Smith",Oncologist,Georgia
1656,44,1045672.0,23765.272727272728,768614.002051886,21960.400058625317,9,18,0.20454545454545456,0.4090909090909091,30.681818181818187,Medium,Bowers Inc,Oncologist,Wyoming
1657,43,1013558.0,23571.116279069767,741837.4311137504,21818.747973933838,9,23,0.20930232558139536,0.5348837209302325,37.20930232558139,Medium,"Taylor, Pittman and Jordan",Oncologist,Pennsylvania
1658,41,1076517.0,26256.51219512195,732075.9085994695,26145.568164266766,13,11,0.3170731707317073,0.2682926829268293,29.26829268292683,Medium,Conrad and Sons,Cardiologist,New York
1659,31,960246.8821368269,30975.70587538151,458667.6421931571,21841.31629491224,10,13,0.3225806451612903,0.41935483870967744,37.096774193548384,Medium,Russo Group,Cardiologist,Maryland
1660,41,1052178.8182855912,25662.89800696564,761639.8241246097,24569.02658466483,10,17,0.24390243902439024,0.4146341463414634,32.92682926829268,Medium,"Black, Clark and Perez",Dermatologist,Maryland
1661,47,1347570.0,28671.702127659573,788811.3613965381,24650.355043641815,15,15,0.3191489361702128,0.3191489361702128,31.914893617021278,Medium,"Burke, Mcmahon and Mason",General Practitioner,Vermont
1662,38,900914.0,23708.263157894737,624471.9780066513,22302.57064309469,10,16,0.2631578947368421,0.42105263157894735,34.21052631578947,Medium,"Arroyo, Franco and Coleman",Dermatologist,Ohio
1663,39,1046901.9365350793,26843.639398335366,654458.0701010796,22567.51965865792,10,10,0.2564102564102564,0.2564102564102564,25.64102564102564,Medium,"Orozco, Davis and Wright",Cardiologist,South Carolina
1664,40,1073946.5545394372,26848.66386348593,642597.0667660787,22158.519543657887,11,14,0.275,0.35,31.25,Medium,Smith Inc,Cardiologist,New Mexico
1665,36,849031.271784768,23584.201994021332,588214.9974126039,21785.740644911257,9,15,0.25,0.4166666666666667,33.333333333333336,Medium,Ramsey-Little,Orthopedic,Utah
1666,44,1102531.0,25057.522727272728,792115.2326137156,23297.50684157987,10,16,0.22727272727272727,0.36363636363636365,29.545454545454547,Medium,Lynn Inc,Orthopedic,Georgia
1667,51,1113054.0,21824.58823529412,724253.4788417629,19574.418347074672,14,16,0.27450980392156865,0.3137254901960784,29.411764705882355,Medium,"Alvarez, Flores and Alexander",Oncologist,Mississippi
1668,43,981848.0,22833.674418604653,660769.4967374293,20023.318082952403,10,12,0.23255813953488372,0.27906976744186046,25.58139534883721,Medium,"Davis, Hale and Williams",Orthopedic,Vermont
1669,42,990006.0,23571.571428571428,703086.7093062183,20679.020861947596,8,19,0.19047619047619047,0.4523809523809524,32.142857142857146,Medium,"Baker, Benson and Harris",General Practitioner,Alabama
1670,41,1175941.236423788,28681.4935713119,722894.9882258405,22590.468382057516,9,22,0.21951219512195122,0.5365853658536586,37.804878048780495,Medium,"Singh, Johnson and Ray",Dermatologist,Connecticut
1671,42,1122015.0,26714.64285714286,737490.2515407896,23790.00811421902,11,19,0.2619047619047619,0.4523809523809524,35.714285714285715,Medium,"Williams, Eaton and Morris",Dermatologist,Vermont
1672,34,854988.8305207484,25146.730309433777,549080.1174945188,21963.20469978075,9,13,0.2647058823529412,0.38235294117647056,32.35294117647059,Medium,"Nelson, Williams and Jones",Cardiologist,Georgia
1673,41,1031573.0,25160.317073170732,628002.900459642,22428.67501641579,13,15,0.3170731707317073,0.36585365853658536,34.146341463414636,Medium,Huerta Ltd,Dermatologist,Arizona
1674,45,1188321.6889063031,26407.148642362292,734705.9575278079,23700.192178316385,14,17,0.3111111111111111,0.37777777777777777,34.44444444444444,Medium,Newton Group,General Practitioner,Wisconsin
1675,40,1026451.1592155169,25661.27898038792,740451.1106380208,21155.746018229165,5,19,0.125,0.475,30.0,Medium,Thompson LLC,Orthopedic,New Mexico
1676,34,955976.0,28116.941176470587,552095.8622145115,24004.167922370067,11,13,0.3235294117647059,0.38235294117647056,35.294117647058826,Medium,"Francis, Walker and Gomez",Orthopedic,Indiana
1677,46,1112455.0,24183.804347826088,727706.1554426819,22740.81735758381,14,16,0.30434782608695654,0.34782608695652173,32.608695652173914,Medium,Smith-Barker,General Practitioner,Utah
1678,47,1271649.0,27056.36170212766,896898.6889226848,24240.505106018507,10,20,0.2127659574468085,0.425531914893617,31.914893617021278,Medium,Morgan-Jordan,Orthopedic,Alabama
1679,44,1012412.0033551904,23009.363712617964,762741.6019864095,20072.147420694986,6,16,0.13636363636363635,0.36363636363636365,25.0,Medium,Ford-Adams,Oncologist,New Mexico
1680,48,1319007.0,27479.3125,895415.8908593615,24200.429482685446,11,12,0.22916666666666666,0.25,23.958333333333332,Medium,Frazier-Chang,Dermatologist,New York
1681,41,940623.0,22942.024390243903,684435.1392080758,22078.552877679864,10,18,0.24390243902439024,0.43902439024390244,34.146341463414636,Medium,"Romero, Anderson and Young",Orthopedic,Kansas
1682,35,922203.6453465087,26348.675581328822,621063.9099073868,20034.31967443183,4,16,0.11428571428571428,0.45714285714285713,28.571428571428573,Medium,Williams-Mueller,Dermatologist,Montana
1683,48,1165768.057493486,24286.83453111429,817061.335283332,20950.290648290564,9,21,0.1875,0.4375,31.25,Medium,Holmes-Roach,General Practitioner,Alabama
1684,41,1013111.0397939595,24710.02536082828,600790.8628823918,20716.926306289373,12,12,0.2926829268292683,0.2926829268292683,29.268292682926827,Medium,"Martinez, Bryant and Anderson",Orthopedic,Georgia
1685,32,610592.0,19081.0,398000.5505463879,16583.356272766163,8,14,0.25,0.4375,34.375,Medium,Murphy-Montoya,Oncologist,Wisconsin
1686,50,1246714.0,24934.28,959352.5699233998,22841.727855319044,8,21,0.16,0.42,29.0,Medium,Carlson PLC,Oncologist,Georgia
1687,33,815457.2478289847,24710.825691787417,491452.99958385347,18201.962947550128,6,21,0.18181818181818182,0.6363636363636364,40.90909090909091,Medium,Burton-Daniel,General Practitioner,Hawaii
1688,36,891879.0,24774.416666666668,630179.7621889155,22506.420078175553,8,13,0.2222222222222222,0.3611111111111111,29.166666666666664,Medium,"Campos, Mathis and Rios",Oncologist,Massachusetts
1689,38,892111.0,23476.605263157893,601655.8182922362,22283.548825638376,11,15,0.2894736842105263,0.39473684210526316,34.21052631578947,Medium,Yang-Smith,General Practitioner,Minnesota
1690,36,834883.0,23191.194444444445,449383.35352891247,22469.167676445624,16,9,0.4444444444444444,0.25,34.72222222222222,Medium,Olson-Rice,Oncologist,Pennsylvania
1691,39,1097177.0,28132.74358974359,852216.8552643061,27490.86629884858,8,14,0.20512820512820512,0.358974358974359,28.205128205128204,Medium,Reyes-Wheeler,Orthopedic,New York
1692,43,1283441.96347642,29847.48752270744,917511.4995769459,23525.935886588355,4,17,0.09302325581395349,0.3953488372093023,24.41860465116279,Medium,Ford PLC,Dermatologist,Kansas
1693,43,1137237.164681421,26447.375922823743,748482.8130657952,23390.0879083061,11,17,0.2558139534883721,0.3953488372093023,32.55813953488372,Medium,Leon-Gutierrez,Dermatologist,Hawaii
1694,32,832202.0,26006.3125,617324.2756642604,22863.862061639273,5,13,0.15625,0.40625,28.125,Medium,King PLC,Cardiologist,South Carolina
1695,37,1050761.0,28398.945945945947,648250.0394633319,24009.260720864146,10,13,0.2702702702702703,0.35135135135135137,31.08108108108108,Medium,Hess Ltd,Dermatologist,Nevada
1696,36,999107.0,27752.972222222223,522918.12755369535,26145.90637768477,16,7,0.4444444444444444,0.19444444444444445,31.944444444444443,Medium,Friedman Ltd,Oncologist,Tennessee
1697,39,917376.0,23522.46153846154,669863.2203410068,20933.22563565646,7,17,0.1794871794871795,0.4358974358974359,30.76923076923077,Medium,Smith LLC,Cardiologist,Kansas
1698,38,938624.2074890224,24700.6370391848,578056.4526681355,21409.49824696798,11,11,0.2894736842105263,0.2894736842105263,28.947368421052634,Medium,Wright and Sons,Cardiologist,Alaska
1699,34,1031914.2073851943,30350.41786427042,609334.7860272793,22567.95503804738,7,16,0.20588235294117646,0.47058823529411764,33.8235294117647,Medium,Washington Inc,Orthopedic,Utah
1700,41,993487.0,24231.39024390244,717133.1018907585,20489.517196878813,6,16,0.14634146341463414,0.3902439024390244,26.829268292682926,Medium,"Sheppard, Roy and Hubbard",Orthopedic,Mississippi
1701,46,1203015.0,26152.5,726368.2146699606,23431.23273128905,15,19,0.32608695652173914,0.41304347826086957,36.95652173913044,Medium,Carter Group,Orthopedic,Idaho
1702,41,1120747.0872014274,27335.294809790914,806152.0082693262,24428.848735434127,8,13,0.1951219512195122,0.3170731707317073,25.609756097560975,Medium,Castillo LLC,Oncologist,Maine
1703,42,1087002.0,25881.0,719702.3494242257,23216.204820136314,11,19,0.2619047619047619,0.4523809523809524,35.714285714285715,Medium,Winters-Marshall,Oncologist,Nebraska
1704,59,1416635.0,24010.762711864405,1045873.7231686544,22736.385286275094,13,24,0.22033898305084745,0.4067796610169492,31.355932203389834,Medium,"Hernandez, Small and Fitzpatrick",Oncologist,Maryland
1705,46,1001490.0,21771.521739130436,655067.4791615021,19850.52967156067,13,17,0.2826086956521739,0.3695652173913043,32.60869565217391,Medium,"Wagner, Baldwin and Cortez",Dermatologist,South Dakota
1706,32,930369.0,29074.03125,600919.1173007675,26126.91814351163,9,14,0.28125,0.4375,35.9375,Medium,Page-Hall,General Practitioner,Alaska
1707,38,1025568.0,26988.63157894737,581415.9604401597,21533.924460746653,11,14,0.2894736842105263,0.3684210526315789,32.89473684210526,Medium,Sanchez-Scott,Orthopedic,Washington
1708,50,1371544.0,27430.88,992741.9162626017,24818.547906565043,10,17,0.2,0.34,27.0,Medium,"Medina, Henderson and Hernandez",Cardiologist,Tennessee
1709,41,919526.0,22427.463414634145,639350.9292754754,20624.223525015335,10,18,0.24390243902439024,0.43902439024390244,34.146341463414636,Medium,"Bird, Simpson and Williams",Cardiologist,California
1710,38,995443.0,26195.86842105263,678537.3448607118,21888.301447119735,7,17,0.18421052631578946,0.4473684210526316,31.57894736842105,Medium,"Moody, Nguyen and Murray",Cardiologist,South Dakota
1711,37,1023517.0,27662.62162162162,649171.2781449823,24043.380672036383,10,15,0.2702702702702703,0.40540540540540543,33.78378378378378,Medium,"Flores, Reynolds and Cox",General Practitioner,Massachusetts
1712,41,982532.3359234667,23964.203315206505,511745.87795350724,19682.533767442586,15,13,0.36585365853658536,0.3170731707317073,34.146341463414636,Medium,Taylor LLC,Oncologist,North Dakota
1713,47,1227922.4238686166,26126.009018481203,800532.5531387916,22237.01536496643,11,23,0.23404255319148937,0.48936170212765956,36.170212765957444,Medium,Bell-Galvan,Oncologist,Michigan
1714,32,850408.0,26575.25,654594.651074894,25176.717349034385,6,13,0.1875,0.40625,29.6875,Medium,"Lewis, Coleman and Ellis",Oncologist,Nevada
1715,44,1121483.0,25488.25,714963.3463112756,21665.555948826535,11,19,0.25,0.4318181818181818,34.09090909090909,Medium,Collins-Heath,Cardiologist,Virginia
1716,34,856274.0,25184.529411764706,528662.2347745401,21146.489390981602,9,13,0.2647058823529412,0.38235294117647056,32.35294117647059,Medium,"Daniels, Sanders and Wong",General Practitioner,Alabama
1717,45,1349170.7722354576,29981.5727163435,951670.8502950136,25720.833791757126,8,16,0.17777777777777778,0.35555555555555557,26.666666666666668,Medium,"Murphy, Mann and Cruz",Dermatologist,Maryland
1718,44,1364105.7172122356,31002.402663914443,805271.7708673942,24402.17487476952,11,12,0.25,0.2727272727272727,26.136363636363633,Medium,"Hicks, Kaiser and Gardner",General Practitioner,Delaware
1719,48,1186844.0,24725.916666666668,823117.6500544406,22246.42297444434,11,20,0.22916666666666666,0.4166666666666667,32.29166666666667,Medium,Lopez Group,General Practitioner,New Mexico
1720,47,1392650.0,29630.85106382979,976919.0556990014,27136.640436083373,11,14,0.23404255319148937,0.2978723404255319,26.595744680851062,Medium,Washington-Rice,Orthopedic,Pennsylvania
1721,35,928363.60694139,26524.674484039715,572708.1585216062,19748.557190400214,6,12,0.17142857142857143,0.34285714285714286,25.714285714285715,Medium,"Pratt, Pitts and Cooley",Dermatologist,Wyoming
1722,39,892079.0,22873.82051282051,741697.6855526107,21814.637810370903,5,17,0.1282051282051282,0.4358974358974359,28.205128205128204,Medium,Bell-Sullivan,General Practitioner,Indiana
1723,45,981197.0,21804.37777777778,638351.1860450926,18775.034883679196,11,16,0.24444444444444444,0.35555555555555557,30.0,Medium,Bryant-Coleman,Dermatologist,Arkansas
1724,36,963889.0,26774.694444444445,731908.5385160107,25238.225466069336,7,16,0.19444444444444445,0.4444444444444444,31.944444444444443,Medium,Pitts-Edwards,General Practitioner,Michigan
1725,42,1009193.4839686855,24028.4162849687,686389.9267085041,22141.610538984,11,13,0.2619047619047619,0.30952380952380953,28.571428571428573,Medium,"Cortez, White and Miller",Dermatologist,South Carolina
1726,35,1050972.0913734338,30027.774039240965,547898.6860778768,23821.682003385948,12,13,0.34285714285714286,0.37142857142857144,35.714285714285715,Medium,Stevenson-Robles,Dermatologist,Washington
1727,42,1107239.8084763482,26362.852582770196,684759.4430356476,21398.73259486399,10,19,0.23809523809523808,0.4523809523809524,34.523809523809526,Medium,Dickerson-Coffey,Dermatologist,Florida
1728,35,823339.0,23523.97142857143,560509.9527976668,21558.07510760257,9,13,0.2571428571428571,0.37142857142857144,31.42857142857143,Medium,Morgan Inc,Orthopedic,Louisiana
1729,39,836507.7843783878,21448.91754816379,547784.501786033,18259.48339286777,9,12,0.23076923076923078,0.3076923076923077,26.923076923076923,Medium,Williams LLC,Oncologist,Arkansas
1730,41,977701.0,23846.365853658535,805456.465802509,23013.041880071687,6,19,0.14634146341463414,0.4634146341463415,30.48780487804878,Medium,Thornton and Sons,General Practitioner,Maryland
1731,47,1094035.0,23277.340425531915,724154.8224485206,20690.137784243445,12,19,0.2553191489361702,0.40425531914893614,32.97872340425532,Medium,Gibbs-Chavez,Orthopedic,Arkansas
1732,41,1016803.0,24800.073170731706,752959.2478582567,23529.97649557052,9,16,0.21951219512195122,0.3902439024390244,30.48780487804878,Medium,Taylor and Sons,General Practitioner,Connecticut
1733,32,921868.0,28808.375,601819.944510891,28658.092595756712,11,10,0.34375,0.3125,32.8125,Medium,Mccormick-Daniel,General Practitioner,Nevada
1734,38,1101112.5649381306,28976.646445740276,766968.0958268682,25565.60319422894,8,14,0.21052631578947367,0.3684210526315789,28.94736842105263,Medium,Payne-Lawrence,Cardiologist,Kentucky
1735,34,989436.0,29101.058823529413,646554.6870268196,25862.187481072782,9,11,0.2647058823529412,0.3235294117647059,29.411764705882355,Medium,"Rose, Curry and Davis",Cardiologist,Maryland
1736,53,1384757.590284253,26127.50170347647,987587.3457831354,22445.166949616712,9,16,0.16981132075471697,0.3018867924528302,23.58490566037736,Medium,Adams-Daniels,Orthopedic,Missouri
1737,42,1074254.0,25577.47619047619,832399.4491320065,23122.206920333512,6,14,0.14285714285714285,0.3333333333333333,23.809523809523807,Medium,"Brooks, Chambers and Kane",General Practitioner,Iowa
1738,40,843439.5233198912,21085.98808299728,479044.6192625167,17108.73640223274,12,12,0.3,0.3,30.0,Medium,Olsen Inc,Orthopedic,Minnesota
1739,41,1088916.0,26558.926829268294,601574.7763666107,22280.547272837433,14,16,0.34146341463414637,0.3902439024390244,36.58536585365854,Medium,Reid Inc,Oncologist,South Carolina
1740,37,1143994.0,30918.756756756757,744469.0384549032,26588.17994481797,9,15,0.24324324324324326,0.40540540540540543,32.432432432432435,Medium,"Smith, Mata and Gallegos",Oncologist,North Dakota
1741,40,963467.9231902339,24086.698079755846,537937.0485489871,18549.553398240936,11,15,0.275,0.375,32.5,Medium,Spencer and Sons,Cardiologist,Colorado
1742,57,1409330.0,24725.087719298244,974011.8286051195,23190.757823931417,15,22,0.2631578947368421,0.38596491228070173,32.45614035087719,Medium,"Flynn, Bell and Wilson",Cardiologist,California
1743,48,987890.0,20581.041666666668,807938.0095481091,18789.256036002538,5,19,0.10416666666666667,0.3958333333333333,25.0,Medium,"Thompson, Gordon and Williams",Orthopedic,Hawaii
1744,52,1340360.3953473878,25776.161448988227,773170.5849827374,21476.960693964927,16,22,0.3076923076923077,0.4230769230769231,36.53846153846154,Medium,Gonzalez Ltd,Oncologist,Hawaii
1745,37,938672.0,25369.513513513513,725497.3557883232,26870.272436604562,10,17,0.2702702702702703,0.4594594594594595,36.48648648648649,Medium,Berg-Escobar,Oncologist,Idaho
1746,32,765806.0,23931.4375,488394.1591634977,21234.528659282507,9,12,0.28125,0.375,32.8125,Medium,Williams-Holden,Orthopedic,Illinois
1747,36,1163377.3285645968,32316.036904572135,727927.3986583456,25997.407094940914,8,17,0.2222222222222222,0.4722222222222222,34.72222222222222,Medium,Sheppard-Taylor,Oncologist,North Dakota
1748,39,1035479.0,26550.74358974359,582662.187912566,24277.591163023582,15,13,0.38461538461538464,0.3333333333333333,35.8974358974359,Medium,Martin-Richardson,Cardiologist,Minnesota
1749,39,900385.0,23086.79487179487,622731.0019108189,20757.700063693963,9,18,0.23076923076923078,0.46153846153846156,34.61538461538461,Medium,"Torres, Mendez and Stevens",Orthopedic,Missouri
1750,45,1013100.0,22513.333333333332,653725.675008999,19227.225735558794,11,17,0.24444444444444444,0.37777777777777777,31.11111111111111,Medium,Ramirez-Meyer,Dermatologist,Florida
1751,36,951949.0,26443.027777777777,559481.1179224089,26641.957996305184,15,7,0.4166666666666667,0.19444444444444445,30.555555555555557,Medium,Evans-Hanna,Dermatologist,North Dakota
1752,35,902605.0,25788.714285714286,637822.837337911,23623.06804955226,8,14,0.22857142857142856,0.4,31.42857142857143,Medium,Roy LLC,Dermatologist,Tennessee
1753,41,1194036.0,29122.829268292684,728235.8894826095,26008.42462437891,13,16,0.3170731707317073,0.3902439024390244,35.36585365853659,Medium,Prince and Sons,Oncologist,Arkansas
1754,45,1305039.0,29000.866666666665,734278.6655579682,27195.5061317766,18,15,0.4,0.3333333333333333,36.666666666666664,Medium,"Jenkins, Osborne and Walker",Cardiologist,Wisconsin
1755,43,1030645.0,23968.488372093023,717613.4169536008,21106.276969223552,9,15,0.20930232558139536,0.3488372093023256,27.906976744186046,Medium,"Barr, Edwards and Aguirre",Cardiologist,Colorado
1756,37,894690.0262976912,24180.81152155922,507230.64490284637,18115.380175101654,9,16,0.24324324324324326,0.43243243243243246,33.78378378378378,Medium,Rivera-Silva,Oncologist,New York
1757,47,1028643.0,21886.021276595744,724950.3493349616,19077.640771972674,9,14,0.19148936170212766,0.2978723404255319,24.46808510638298,Medium,Douglas Inc,Cardiologist,Illinois
1758,48,1254873.7017293286,26143.202119361013,792015.960786537,21405.836778014513,11,21,0.22916666666666666,0.4375,33.33333333333333,Medium,Evans-Hester,Orthopedic,California
1759,40,1160387.3012319817,29009.682530799542,684066.9752024724,23588.51638629215,11,6,0.275,0.15,21.25,Medium,Riley PLC,Orthopedic,Maryland
1760,49,1525982.0,31142.48979591837,877247.4903097001,25801.39677381471,15,22,0.30612244897959184,0.4489795918367347,37.755102040816325,Medium,Burch-Page,Oncologist,New Mexico
1761,35,826949.0,23627.114285714284,514626.93965162314,19793.343832754737,9,14,0.2571428571428571,0.4,32.857142857142854,Medium,Farley-Mccoy,Cardiologist,Colorado
1762,31,903543.0,29146.548387096773,550629.9284884965,23940.431673412888,8,14,0.25806451612903225,0.45161290322580644,35.483870967741936,Medium,Clayton PLC,Oncologist,Virginia
1763,45,1151588.0,25590.844444444443,723744.3668212555,22617.011463164235,13,12,0.28888888888888886,0.26666666666666666,27.77777777777778,Medium,Sanchez-Cardenas,Cardiologist,Rhode Island
1764,25,526659.0,21066.36,365040.5193584833,20280.028853249074,7,8,0.28,0.32,30.0,Medium,Johnston-Hampton,Cardiologist,Oregon
1765,50,1386136.6606494554,27722.733212989107,758464.7253446127,22307.786039547434,16,16,0.32,0.32,32.0,Medium,Williams LLC,Orthopedic,Maine
1766,36,1075953.2879526254,29887.59133201737,708253.4458038092,22846.885348509975,5,20,0.1388888888888889,0.5555555555555556,34.72222222222222,Medium,"Adams, Johnson and Thomas",Orthopedic,West Virginia
1767,32,969716.4512652874,30303.63910204023,470752.0179792874,22416.76276091845,11,6,0.34375,0.1875,26.5625,Medium,Evans and Sons,Orthopedic,Massachusetts
1768,45,1194986.0,26555.244444444445,739056.1805407613,23840.521952927786,14,19,0.3111111111111111,0.4222222222222222,36.666666666666664,Medium,Montgomery-Swanson,General Practitioner,Rhode Island
1769,39,1231873.872330077,31586.509546925052,749585.1082926792,26770.89672473854,11,15,0.28205128205128205,0.38461538461538464,33.333333333333336,Medium,Robinson-Smith,Oncologist,New Jersey
1770,43,1011706.0,23528.04651162791,613018.3964670311,20433.946548901036,13,13,0.3023255813953488,0.3023255813953488,30.23255813953488,Medium,Jones PLC,Dermatologist,Indiana
1771,41,1046928.0,25534.829268292684,712173.5679263115,22973.340900848758,10,24,0.24390243902439024,0.5853658536585366,41.46341463414634,Medium,Browning Inc,Cardiologist,Wisconsin
1772,45,1177866.0,26174.8,885515.4185655953,25300.44053044558,10,18,0.2222222222222222,0.4,31.11111111111111,Medium,"Warner, Martinez and Gillespie",General Practitioner,Florida
1773,50,1255252.0,25105.04,949168.029058796,22599.23878711419,8,21,0.16,0.42,29.0,Medium,"Hoffman, Hernandez and Gardner",Orthopedic,Kentucky
1774,36,1009386.0,28038.5,669433.1682846424,23908.32743873723,8,15,0.2222222222222222,0.4166666666666667,31.944444444444446,Medium,"Carter, Bond and Martin",Oncologist,South Carolina
1775,38,895725.0,23571.71052631579,570629.0110014004,18407.387451658076,7,17,0.18421052631578946,0.4473684210526316,31.57894736842105,Medium,"Stout, Ortiz and Randall",Cardiologist,Indiana
1776,25,879159.0,35166.36,588176.9638058923,30956.68230557328,6,10,0.24,0.4,32.0,Medium,"Baird, Flores and Ramirez",Cardiologist,Wyoming
1777,46,1093080.0,23762.608695652172,727738.8774584327,21404.084631130372,12,16,0.2608695652173913,0.34782608695652173,30.43478260869565,Medium,Powell Group,General Practitioner,Nebraska
1778,53,1345978.9767958417,25395.829750864938,891294.3908057706,21221.295019185014,11,21,0.20754716981132076,0.39622641509433965,30.18867924528302,Medium,Taylor-Sharp,Orthopedic,Minnesota
1779,31,917618.0,29600.58064516129,610128.032330631,29053.715825268144,10,8,0.3225806451612903,0.25806451612903225,29.032258064516128,Medium,Lee Ltd,Dermatologist,Michigan
1780,46,1071962.0,23303.521739130436,760827.7713989518,21737.936325684335,11,18,0.2391304347826087,0.391304347826087,31.52173913043478,Medium,Thornton Group,Cardiologist,Arkansas
1781,36,971217.5747923283,26978.265966453564,593384.1028970963,20461.520789555045,7,16,0.19444444444444445,0.4444444444444444,31.944444444444443,Medium,"Sanders, Johnson and Mason",Orthopedic,Maine
1782,51,1426011.6052926246,27961.011868482834,884286.6255930731,22674.016040848026,12,15,0.23529411764705882,0.29411764705882354,26.470588235294116,Medium,Williams LLC,General Practitioner,Michigan
1783,36,1052728.0,29242.444444444445,576832.2145416295,26219.646115528616,14,13,0.3888888888888889,0.3611111111111111,37.5,Medium,"Williamson, Hammond and Brown",Oncologist,Alabama
1784,50,1373180.0,27463.6,784857.9380652228,24526.810564538213,18,13,0.36,0.26,31.0,Medium,Huff PLC,Oncologist,New Mexico
1785,46,1227568.0,26686.260869565216,732689.3368187731,22896.54177558666,14,15,0.30434782608695654,0.32608695652173914,31.521739130434785,Medium,Carter Ltd,General Practitioner,Tennessee
1786,40,1044798.0,26119.95,754855.2501279969,22201.625003764613,6,16,0.15,0.4,27.5,Medium,Dorsey-Joseph,Dermatologist,New Mexico
1787,45,1118970.0,24866.0,765828.9859337336,23932.155810429176,13,14,0.28888888888888886,0.3111111111111111,30.0,Medium,Ross and Sons,Oncologist,Washington
1788,39,1100469.3769257488,28217.163510916635,711231.3450746064,26341.901669429866,12,12,0.3076923076923077,0.3076923076923077,30.76923076923077,Medium,Tate LLC,General Practitioner,Pennsylvania
1789,39,1037128.0,26593.02564102564,669894.6611249377,24810.913374997694,12,14,0.3076923076923077,0.358974358974359,33.333333333333336,Medium,Christensen-Hoover,Oncologist,South Dakota
1790,36,870487.0,24180.194444444445,406742.32934282254,16269.693173712902,11,12,0.3055555555555556,0.3333333333333333,31.944444444444443,Medium,Poole PLC,General Practitioner,Virginia
1791,36,930976.0,25860.444444444445,595880.1977896388,21281.43563534424,8,13,0.2222222222222222,0.3611111111111111,29.166666666666664,Medium,Young-Brown,Oncologist,Georgia
1792,44,1262002.0,28681.863636363636,736228.5820624831,23749.309098789778,13,13,0.29545454545454547,0.29545454545454547,29.545454545454547,Medium,"Evans, Brooks and Jackson",Dermatologist,Ohio
1793,38,1100709.0,28966.026315789473,646289.5631375923,23081.770112056867,10,14,0.2631578947368421,0.3684210526315789,31.578947368421048,Medium,Anderson PLC,General Practitioner,Ohio
1794,38,973667.0,25622.815789473683,667922.864345161,23854.388012327177,10,17,0.2631578947368421,0.4473684210526316,35.526315789473685,Medium,Bright LLC,Dermatologist,Maine
1795,38,857030.0,22553.42105263158,595880.5286615524,22918.481871598167,12,11,0.3157894736842105,0.2894736842105263,30.263157894736842,Medium,Robinson LLC,Dermatologist,Indiana
1796,42,1077387.0,25652.071428571428,724721.5753111976,24157.385843706586,12,10,0.2857142857142857,0.23809523809523808,26.19047619047619,Medium,Kelly Inc,Cardiologist,Maryland
1797,40,743868.0,18596.7,609389.4148318197,18466.345903994537,7,20,0.175,0.5,33.75,Medium,"White, Baldwin and Williams",General Practitioner,Maine
1798,40,973729.0,24343.225,756608.1366377922,22927.51929205431,7,17,0.175,0.425,30.0,Medium,Wells-Wilkerson,Dermatologist,Arkansas
1799,44,1223040.0,27796.363636363636,870210.5201854841,24863.15771958526,9,19,0.20454545454545456,0.4318181818181818,31.81818181818182,Medium,Valentine-Walters,Cardiologist,Alabama
1800,51,1532446.6765806365,30047.974050600715,930738.5224243004,22700.9395713244,10,17,0.19607843137254902,0.3333333333333333,26.470588235294116,Medium,Rodriguez-Barnes,Cardiologist,Virginia
1801,47,1138051.0,24213.85106382979,769554.1643271,21987.261837917144,12,17,0.2553191489361702,0.3617021276595745,30.851063829787236,Medium,Martinez-Hernandez,Dermatologist,Alabama
1802,45,1113540.0631835675,24745.33473741261,797675.2132594094,22790.72037884027,10,12,0.2222222222222222,0.26666666666666666,24.444444444444443,Medium,Todd-Holt,Orthopedic,Ohio
1803,30,679782.0,22659.4,433527.5931771059,22817.24174616347,11,6,0.36666666666666664,0.2,28.333333333333332,Medium,"Brown, Diaz and Ward",General Practitioner,Hawaii
1804,52,1444724.0,27783.153846153848,1169254.9724539965,25418.586357695578,6,25,0.11538461538461539,0.4807692307692308,29.80769230769231,Medium,Mathews-Brooks,General Practitioner,West Virginia
1805,32,928870.0,29027.1875,654785.2823941649,27282.720099756873,8,13,0.25,0.40625,32.8125,Medium,Alvarez Group,Orthopedic,Alabama
1806,39,916216.0,23492.71794871795,637714.7030469733,19928.584470217917,7,15,0.1794871794871795,0.38461538461538464,28.205128205128208,Medium,Dickerson Inc,General Practitioner,Illinois
1807,37,867398.0,23443.18918918919,631160.3544070518,22541.441228823278,9,16,0.24324324324324326,0.43243243243243246,33.78378378378378,Medium,Choi-Williams,Dermatologist,Maine
1808,49,1264338.0,25802.816326530614,827198.5541694646,22977.737615818463,13,18,0.2653061224489796,0.3673469387755102,31.63265306122449,Medium,Taylor and Sons,Cardiologist,Virginia
1809,45,1062900.0,23620.0,601310.7742529426,20043.692475098087,15,12,0.3333333333333333,0.26666666666666666,30.0,Medium,Owens and Sons,Cardiologist,Maine
1810,32,808055.0,25251.71875,470328.63895393856,21378.5744979063,10,13,0.3125,0.40625,35.9375,Medium,Crawford-Humphrey,Orthopedic,Iowa
1811,43,1054630.0,24526.279069767443,714911.0671290614,21663.97173118368,10,18,0.23255813953488372,0.4186046511627907,32.55813953488372,Medium,Nelson-Moore,Dermatologist,Utah
1812,48,1478603.1413079551,30804.232110582398,888328.1926888805,24675.78313024668,12,18,0.25,0.375,31.25,Medium,Pierce-Yang,Dermatologist,Alaska
1813,37,961241.4134571847,25979.497661004993,709360.461479737,21495.77155999203,4,17,0.10810810810810811,0.4594594594594595,28.37837837837838,Medium,Scott-Rivera,Cardiologist,California
1814,40,1054372.6079314004,26359.31519828501,697680.9295417701,21141.84634975061,7,21,0.175,0.525,35.0,Medium,"Smith, Lee and Mcgrath",Oncologist,North Dakota
1815,32,739159.0,23098.71875,568787.0470364755,21876.42488601829,6,12,0.1875,0.375,28.125,Medium,Patel-Mccarthy,Oncologist,Utah
1816,42,1059337.0,25222.309523809523,646552.6779978082,20856.537999929296,11,15,0.2619047619047619,0.35714285714285715,30.952380952380956,Medium,Martinez-Zamora,General Practitioner,South Carolina
1817,54,1254177.2316634364,23225.504290063636,943124.283324324,21434.642802825543,10,17,0.18518518518518517,0.3148148148148148,25.0,Medium,Gray Inc,General Practitioner,South Carolina
1818,35,918665.0,26247.571428571428,642740.838358325,23805.216235493517,8,14,0.22857142857142856,0.4,31.42857142857143,Medium,"Mills, White and Ortiz",General Practitioner,Nevada
1819,47,1308656.0,27843.744680851065,963497.1571338925,25355.18834562875,9,20,0.19148936170212766,0.425531914893617,30.851063829787236,Medium,Peterson and Sons,Dermatologist,Virginia
1820,39,1099353.0,28188.53846153846,780713.0408224417,26921.139338704885,10,15,0.2564102564102564,0.38461538461538464,32.05128205128205,Medium,"Rivera, Blair and Ramirez",Cardiologist,Michigan
1821,45,968534.0,21522.977777777778,733906.9054186802,20386.30292829667,9,15,0.2,0.3333333333333333,26.666666666666664,Medium,Gibson-Irwin,Dermatologist,Connecticut
1822,44,997570.6593159693,22672.060438999302,622995.5282207767,18323.397888846375,10,18,0.22727272727272727,0.4090909090909091,31.81818181818182,Medium,Miller-Marshall,Orthopedic,Ohio
1823,31,802083.0,25873.645161290322,449691.6702636225,22484.583513181125,11,14,0.3548387096774194,0.45161290322580644,40.32258064516129,Medium,Adams Group,Cardiologist,Nevada
1824,51,1538138.4725907133,30159.577893935555,1006914.3822263007,23974.151957769063,9,26,0.17647058823529413,0.5098039215686274,34.31372549019608,Medium,Burns-Henry,Cardiologist,Delaware
1825,44,1034325.0,23507.386363636364,696718.5963961461,20491.72342341606,10,18,0.22727272727272727,0.4090909090909091,31.81818181818182,Medium,Evans-Green,Cardiologist,Minnesota
1826,41,1130822.7408939693,27581.04246082852,554092.1266881892,21311.235641853433,15,13,0.36585365853658536,0.3170731707317073,34.146341463414636,Medium,"Ruiz, Robinson and Durham",Cardiologist,Virginia
1827,31,800661.0,25827.774193548386,461192.26578052057,21961.536465739075,10,11,0.3225806451612903,0.3548387096774194,33.87096774193549,Medium,"Cherry, Reynolds and Sparks",General Practitioner,Alaska
1828,42,1146794.0,27304.619047619046,820286.4848194168,24857.16620664899,9,19,0.21428571428571427,0.4523809523809524,33.333333333333336,Medium,"Williams, Jones and Gordon",Cardiologist,Alaska
1829,52,1381399.5139526254,26565.37526831972,950525.0934494112,23763.12733623528,12,19,0.23076923076923078,0.36538461538461536,29.807692307692307,Medium,Ford PLC,Dermatologist,Utah
1830,46,1256878.997314623,27323.45646336137,785873.7592791356,22453.535979403874,11,16,0.2391304347826087,0.34782608695652173,29.347826086956523,Medium,Smith Inc,Cardiologist,Arkansas
1831,31,815001.6545932792,26290.37595462191,645741.2809062839,23916.343737269774,4,11,0.12903225806451613,0.3548387096774194,24.193548387096776,Medium,Estrada-Roberts,Orthopedic,Wisconsin
1832,31,795808.0,25671.225806451614,582270.9214252238,23290.83685700895,6,17,0.1935483870967742,0.5483870967741935,37.096774193548384,Medium,Bailey-Powell,Oncologist,Missouri
1833,43,1017255.0,23657.093023255813,679733.9757963592,21926.90244504385,12,15,0.27906976744186046,0.3488372093023256,31.3953488372093,Medium,"Allen, Taylor and Snyder",Dermatologist,New York
1834,35,859032.0,24543.77142857143,556098.1912930502,22243.927651722006,10,14,0.2857142857142857,0.4,34.285714285714285,Medium,Jones Inc,Dermatologist,Alaska
1835,50,1240396.0434682,24807.920869364,780692.8319955118,21685.911999875327,14,15,0.28,0.3,29.0,Medium,Summers-Jones,Dermatologist,Tennessee
1836,40,1144177.8274493313,28604.44568623328,657113.1439423158,25273.58245931984,14,12,0.35,0.3,32.5,Medium,"Barrett, Davis and Cervantes",General Practitioner,Idaho
1837,39,1006289.3534335135,25802.291113679836,736196.9711617356,22308.999126113198,6,12,0.15384615384615385,0.3076923076923077,23.076923076923077,Medium,Morgan-Lopez,Orthopedic,Mississippi
1838,45,1201911.2359295643,26709.13857621254,767727.713350894,21935.07752431126,10,15,0.2222222222222222,0.3333333333333333,27.777777777777775,Medium,"Nelson, West and Levy",Cardiologist,Iowa
1839,39,881476.5754417145,22601.963472864474,579081.4587796322,19968.326164814905,10,10,0.2564102564102564,0.2564102564102564,25.64102564102564,Medium,Perez Ltd,Orthopedic,Maine
1840,44,1056313.0,24007.113636363636,679042.7533683701,23415.267357530003,15,16,0.3409090909090909,0.36363636363636365,35.22727272727273,Medium,"Smith, Moore and Castro",Cardiologist,Ohio
1841,50,1267626.0,25352.52,936111.5278352316,24002.859688082863,11,19,0.22,0.38,30.0,Medium,Phillips Group,General Practitioner,North Dakota
1842,29,750419.0,25876.51724137931,579357.6868415055,25189.464645282846,6,14,0.20689655172413793,0.4827586206896552,34.48275862068965,Medium,Williams-Daugherty,Oncologist,Georgia
1843,50,1206677.0,24133.54,748349.9268172287,20787.497967145242,14,20,0.28,0.4,34.0,Medium,Hooper and Sons,General Practitioner,Florida
1844,40,1148276.5931428333,28706.914828570832,721841.2892932695,24061.37630977565,10,17,0.25,0.425,33.75,Medium,"Hall, Ellison and Tate",Orthopedic,Nevada
1845,45,1048772.0,23306.044444444444,634533.4910694079,21151.116368980263,15,19,0.3333333333333333,0.4222222222222222,37.77777777777777,Medium,Hicks PLC,General Practitioner,Iowa
1846,45,1039353.0,23096.733333333334,782301.30909769,21730.59191938028,9,20,0.2,0.4444444444444444,32.22222222222222,Medium,Bautista Group,Orthopedic,Kentucky
1847,29,773479.0,26671.689655172413,556307.1158271239,25286.687083051085,7,13,0.2413793103448276,0.4482758620689655,34.48275862068966,Medium,Hill-Rivera,Orthopedic,Wisconsin
1848,40,883311.0,22082.775,575795.6122356175,18574.052007600563,9,20,0.225,0.5,36.25,Medium,"Williams, Cox and Jenkins",Orthopedic,Mississippi
1849,38,948911.0,24971.342105263157,574856.0103696965,21290.963347025798,11,12,0.2894736842105263,0.3157894736842105,30.263157894736842,Medium,Johnson-Holmes,General Practitioner,Wyoming
1850,42,962713.0,22921.738095238095,643696.8675313815,21456.562251046053,12,19,0.2857142857142857,0.4523809523809524,36.904761904761905,Medium,Nelson Group,Oncologist,North Carolina
1851,43,1250714.0,29086.372093023256,768464.619609257,26498.779986526104,14,15,0.32558139534883723,0.3488372093023256,33.72093023255814,Medium,Warren-Hamilton,Cardiologist,Kentucky
1852,39,1049885.0,26920.128205128207,712452.7199857286,26387.13777724921,12,12,0.3076923076923077,0.3076923076923077,30.76923076923077,Medium,Farmer-Hernandez,Oncologist,Connecticut
1853,44,1167331.7775092986,26530.26767066588,741295.100105299,20591.53055848053,8,18,0.18181818181818182,0.4090909090909091,29.545454545454547,Medium,Jimenez Inc,Cardiologist,Nevada
1854,32,760868.0,23777.125,529946.3402090995,21197.853608363977,7,14,0.21875,0.4375,32.8125,Medium,Brown-Bell,General Practitioner,Arizona
1855,42,1058877.0,25211.35714285714,745562.480006739,24050.40258086255,11,18,0.2619047619047619,0.42857142857142855,34.523809523809526,Medium,"Wilson, Newton and Jones",Orthopedic,New Hampshire
1856,32,897114.0,28034.8125,514705.1464096657,23395.68847316662,10,10,0.3125,0.3125,31.25,Medium,Bell PLC,Cardiologist,Utah
1857,38,917571.5535487065,24146.619830229116,708220.9829282886,21461.241906917836,5,17,0.13157894736842105,0.4473684210526316,28.94736842105263,Medium,"Lopez, Jones and Jackson",Cardiologist,Arkansas
1858,47,1237187.0,26323.127659574468,782138.5275810399,23701.167502455755,14,17,0.2978723404255319,0.3617021276595745,32.97872340425532,Medium,"Oliver, Singh and Cardenas",General Practitioner,Hawaii
1859,34,859517.0,25279.91176470588,572588.1747137881,22903.526988551523,9,16,0.2647058823529412,0.47058823529411764,36.76470588235294,Medium,Edwards PLC,Dermatologist,Michigan
1860,49,1250590.82880183,25522.261812282246,928779.4199342779,21108.6231803245,5,26,0.10204081632653061,0.5306122448979592,31.632653061224488,Medium,"Warren, Jones and Anderson",Cardiologist,New York
1861,26,745153.0,28659.73076923077,508179.0005758133,26746.2631882007,7,10,0.2692307692307692,0.38461538461538464,32.69230769230769,Medium,"Owens, Rivas and Gonzales",General Practitioner,Maryland
1862,46,1232311.0,26789.369565217392,768841.353404286,23298.222830432907,13,18,0.2826086956521739,0.391304347826087,33.69565217391305,Medium,"Gilbert, Wright and Taylor",Oncologist,New Jersey
1863,48,1223928.3007348196,25498.50626530874,763329.5210904268,20630.527597038563,11,19,0.22916666666666666,0.3958333333333333,31.249999999999996,Medium,"Garcia, Harrington and Austin",Dermatologist,South Carolina
1864,40,1076880.9500011895,26922.023750029737,734765.5825812715,23702.115567137793,9,12,0.225,0.3,26.25,Medium,"Ferguson, Tran and Smith",Oncologist,Maine
1865,40,933301.8138052066,23332.545345130166,577604.6003693539,18050.14376154231,8,16,0.2,0.4,30.0,Medium,Butler PLC,Orthopedic,West Virginia
1866,42,884392.0,21056.95238095238,555166.8307711454,18505.561025704847,12,17,0.2857142857142857,0.40476190476190477,34.52380952380952,Medium,Thornton LLC,Orthopedic,Florida
1867,43,1025648.0,23852.279069767443,667690.1443498016,20233.034677266714,10,22,0.23255813953488372,0.5116279069767442,37.2093023255814,Medium,"Johnson, Buck and Brown",Cardiologist,Texas
1868,55,1809032.7947640037,32891.50535934552,787121.072576498,25391.002341177355,24,16,0.43636363636363634,0.2909090909090909,36.36363636363636,Medium,"Sutton, Moore and Green",Oncologist,Illinois
1869,47,1203411.0,25604.489361702126,655258.3435379575,21841.944784598585,17,15,0.3617021276595745,0.3191489361702128,34.04255319148936,Medium,Trujillo LLC,Dermatologist,Wyoming
1870,40,1110300.5672390405,27757.514180976013,863806.7744620633,23346.129039515225,3,18,0.075,0.45,26.25,Medium,Hood Group,Oncologist,California
1871,40,1070888.0,26772.2,751629.7014404255,25054.323381347516,10,16,0.25,0.4,32.5,Medium,"Johnson, Glenn and Levine",General Practitioner,Alaska
1872,41,1062038.0,25903.365853658535,734630.6554966932,24487.68851655644,11,17,0.2682926829268293,0.4146341463414634,34.146341463414636,Medium,Williams and Sons,Oncologist,Maryland
1873,36,1005186.0,27921.833333333332,777897.1903192281,25929.90634397427,6,16,0.16666666666666666,0.4444444444444444,30.555555555555554,Medium,Scott Ltd,Cardiologist,Oregon
1874,38,1153227.8780715144,30348.102054513536,702490.5961848692,23416.353206162305,8,13,0.21052631578947367,0.34210526315789475,27.631578947368418,Medium,Lopez-Watts,Oncologist,Oregon
1875,47,1269530.244652475,27011.28180111649,815376.2829992563,23981.655382331068,13,14,0.2765957446808511,0.2978723404255319,28.72340425531915,Medium,Lowe-Marsh,General Practitioner,Georgia
1876,39,1143128.0,29310.97435897436,691996.5116770973,25629.500432485085,12,9,0.3076923076923077,0.23076923076923078,26.923076923076923,Medium,Sanford-Parker,Dermatologist,Illinois
1877,42,1113518.0,26512.333333333332,729788.8589872165,22114.81390870353,9,17,0.21428571428571427,0.40476190476190477,30.95238095238095,Medium,Warren and Sons,Orthopedic,Idaho
1878,40,849315.0,21232.875,545225.2668996331,17587.911835472034,9,16,0.225,0.4,31.25,Medium,"Dillon, Hicks and Williams",General Practitioner,Hawaii
1879,47,1091655.0,23226.702127659573,750555.3466487135,22744.10141359738,14,18,0.2978723404255319,0.3829787234042553,34.04255319148936,Medium,Jackson-Sawyer,General Practitioner,Kansas
1880,31,917434.6194254212,29594.665142755523,511316.54310135974,23241.661050061808,9,12,0.2903225806451613,0.3870967741935484,33.87096774193549,Medium,Ware-Morales,Orthopedic,Wisconsin
1881,50,1348749.2389294168,26974.984778588336,757356.8344080634,21638.76669737324,15,19,0.3,0.38,34.0,Medium,"Waller, Page and Evans",Oncologist,Arkansas
1882,32,993172.092959246,31036.627904976438,614052.1002083924,27911.45910038147,10,12,0.3125,0.375,34.375,Medium,Rose-Moore,Cardiologist,New Hampshire
1883,31,781723.0,25216.870967741936,458907.5620124336,21852.741048211123,10,12,0.3225806451612903,0.3870967741935484,35.483870967741936,Medium,"Barron, Dyer and Johnson",Dermatologist,Connecticut
1884,44,1267782.0,28813.227272727272,867584.0473889591,27112.00148090497,12,13,0.2727272727272727,0.29545454545454547,28.409090909090907,Medium,Compton Group,Oncologist,Florida
1885,36,977796.0,27161.0,672853.941414826,24030.497907672358,8,10,0.2222222222222222,0.2777777777777778,25.0,Medium,Sweeney-Caldwell,Orthopedic,Ohio
1886,39,1115360.3017319443,28598.98209569088,656558.6472426503,21885.288241421677,9,11,0.23076923076923078,0.28205128205128205,25.641025641025642,Medium,Shepherd-Smith,Cardiologist,Alabama
1887,37,906258.0,24493.45945945946,624414.7573411743,22300.527047899082,9,17,0.24324324324324326,0.4594594594594595,35.13513513513514,Medium,"Delacruz, Mckay and Williams",Dermatologist,Pennsylvania
1888,44,1064837.0855931796,24200.842854390445,710676.865076279,20902.260737537617,10,19,0.22727272727272727,0.4318181818181818,32.95454545454545,Medium,"Burgess, Watkins and Cochran",Cardiologist,Montana
1889,43,1058210.897336728,24609.555752016928,631195.225555391,21765.352605358312,14,17,0.32558139534883723,0.3953488372093023,36.04651162790698,Medium,"Kidd, Brown and Miller",Orthopedic,Rhode Island
1890,32,734282.0,22946.3125,394001.17889032466,19700.058944516233,12,6,0.375,0.1875,28.125,Medium,"Steele, Gaines and Shaw",Cardiologist,Massachusetts
1891,38,854291.0,22481.342105263157,565108.2594958505,19486.491706753466,9,15,0.23684210526315788,0.39473684210526316,31.57894736842105,Medium,Lewis Inc,Dermatologist,Ohio
1892,37,925920.7620204807,25024.885460012993,574670.3331717621,19816.218385233173,8,13,0.21621621621621623,0.35135135135135137,28.37837837837838,Medium,Morgan and Sons,Oncologist,Kentucky
1893,39,934410.8135738181,23959.2516300979,560574.4044748921,19330.151878444554,10,17,0.2564102564102564,0.4358974358974359,34.61538461538461,Medium,Schmidt Group,Orthopedic,Kansas
1894,45,1039970.0,23110.444444444445,702818.5149627402,21297.530756446675,12,17,0.26666666666666666,0.37777777777777777,32.22222222222222,Medium,"Adams, Olsen and Williams",Cardiologist,New Jersey
1895,36,926543.0,25737.305555555555,643289.8859908357,24741.91869195522,10,11,0.2777777777777778,0.3055555555555556,29.166666666666668,Medium,Johnson-Schmidt,Orthopedic,Mississippi
1896,41,1021354.0,24911.073170731706,597404.3649859148,19913.478832863828,11,17,0.2682926829268293,0.4146341463414634,34.146341463414636,Medium,Henderson Inc,Dermatologist,North Dakota
1897,36,971423.5548974902,26983.987636041395,679789.1737311359,21928.68302358503,5,18,0.1388888888888889,0.5,31.944444444444443,Medium,Johnson and Sons,Dermatologist,South Carolina
1898,32,733857.0,22933.03125,474720.04438426485,19780.001849344368,8,11,0.25,0.34375,29.6875,Medium,"Howell, Booth and Powell",Oncologist,Florida
1899,39,1306141.2416918206,33490.80106902104,766672.5560789315,27381.162717104697,11,13,0.28205128205128205,0.3333333333333333,30.769230769230766,Medium,"Gonzalez, Carter and Horton",Dermatologist,Missouri
1900,41,1129902.0,27558.585365853658,819291.7049901502,26428.76467710162,10,15,0.24390243902439024,0.36585365853658536,30.48780487804878,Medium,Hill-Henry,Oncologist,Arizona
1901,47,1270656.0,27035.23404255319,875045.5655440307,25001.301872686592,12,16,0.2553191489361702,0.3404255319148936,29.78723404255319,Medium,"Graham, Miller and Torres",General Practitioner,Alaska
1902,32,934790.0,29212.1875,662517.7498973026,27604.90624572094,8,16,0.25,0.5,37.5,Medium,"Cox, Avery and Le",Oncologist,Vermont
1903,38,825335.0,21719.342105263157,616651.158211209,21263.83304176583,9,15,0.23684210526315788,0.39473684210526316,31.57894736842105,Medium,Williams-Campbell,Cardiologist,California
1904,48,1155245.0,24067.604166666668,715471.8718204648,23079.737800660158,17,8,0.3541666666666667,0.16666666666666666,26.041666666666668,Medium,Mcclain PLC,General Practitioner,Maine
1905,27,759802.0,28140.814814814814,533053.4924216034,26652.674621080172,7,14,0.25925925925925924,0.5185185185185185,38.888888888888886,Medium,Harrison Group,Dermatologist,Iowa
1906,49,1470043.502371054,30000.887803490896,817989.8404059489,24787.57092139239,16,17,0.32653061224489793,0.3469387755102041,33.673469387755105,Medium,"Smith, Leon and Johnson",Cardiologist,Wyoming
1907,43,1123432.0,26126.325581395347,806217.6631484643,23712.28421024895,9,14,0.20930232558139536,0.32558139534883723,26.74418604651163,Medium,"Sanchez, Bonilla and Monroe",Cardiologist,Alabama
1908,38,1222155.0,32161.973684210527,945115.0684995383,29534.845890610573,6,14,0.15789473684210525,0.3684210526315789,26.31578947368421,Medium,Snow PLC,Cardiologist,Rhode Island
1909,36,635614.5009763455,17655.958360454042,387111.8108786069,15484.472435144276,11,13,0.3055555555555556,0.3611111111111111,33.33333333333333,Medium,Sanders-Hernandez,Dermatologist,Iowa
1910,33,1076349.0,32616.636363636364,779899.4353970619,29996.132130656224,7,12,0.21212121212121213,0.36363636363636365,28.78787878787879,Medium,"Copeland, Shaw and Brooks",Dermatologist,Vermont
1911,40,942699.0,23567.475,552766.8701397673,21260.264236144896,14,9,0.35,0.225,28.75,Medium,"Hall, Hudson and Williams",Cardiologist,Nevada
1912,33,788783.0,23902.515151515152,559977.9015373808,22399.11606149523,8,11,0.24242424242424243,0.3333333333333333,28.787878787878785,Medium,Wright Ltd,General Practitioner,Indiana
1913,34,811291.0,23861.5,658706.7850553978,21956.892835179926,4,17,0.11764705882352941,0.5,30.88235294117647,Medium,Davis-Smith,Cardiologist,Oregon
1914,49,1346411.0,27477.775510204083,925573.2051163026,25015.49203017034,12,18,0.24489795918367346,0.3673469387755102,30.612244897959187,Medium,"Woodward, Maldonado and Miller",Dermatologist,Texas
1915,28,591838.0,21137.071428571428,424333.7406917804,19287.89730417184,6,9,0.21428571428571427,0.32142857142857145,26.785714285714285,Medium,Mclaughlin-Phillips,Dermatologist,Wyoming
1916,40,1019279.6169565637,25481.990423914092,658199.7695896779,21232.250631925093,9,20,0.225,0.5,36.25,Medium,Clarke-Shelton,Oncologist,Delaware
1917,46,1062426.1669838752,23096.221021388592,622902.2742238251,20093.62174915565,15,15,0.32608695652173914,0.32608695652173914,32.608695652173914,Medium,Grimes LLC,Orthopedic,California
1918,44,1334287.9028987957,30324.72506588172,659468.8440758982,23552.458716996363,16,16,0.36363636363636365,0.36363636363636365,36.36363636363637,Medium,Rogers-Johnson,General Practitioner,Louisiana
1919,35,840849.0,24024.257142857143,648350.33549683,21611.677849894335,5,19,0.14285714285714285,0.5428571428571428,34.285714285714285,Medium,Banks-Ellis,Oncologist,Maine
1920,39,964169.0,24722.28205128205,623007.0603897613,23961.81001499082,13,13,0.3333333333333333,0.3333333333333333,33.33333333333333,Medium,Haas-Thompson,Orthopedic,Arizona
1921,42,1231084.6774237156,29311.539938659895,683874.7622143327,22060.476200462344,11,17,0.2619047619047619,0.40476190476190477,33.333333333333336,Medium,"Barber, Mccormick and Spencer",Dermatologist,Delaware
1922,44,1182630.0,26877.954545454544,846892.2995000621,23524.786097223947,8,15,0.18181818181818182,0.3409090909090909,26.136363636363633,Medium,Gentry PLC,Orthopedic,Montana
1923,47,1287837.0,27400.787234042553,942790.0640456651,24810.264843306977,9,19,0.19148936170212766,0.40425531914893614,29.787234042553187,Medium,Rose-Brown,Dermatologist,Delaware
1924,51,1414065.3546487228,27726.77165977888,872874.2350612059,22970.37460687384,13,17,0.2549019607843137,0.3333333333333333,29.411764705882348,Medium,"Valdez, Hansen and Lam",Cardiologist,Vermont
1925,40,828677.0,20716.925,609747.001254365,20324.900041812165,10,10,0.25,0.25,25.0,Medium,Mendez-Mills,General Practitioner,New Mexico
1926,43,1136709.0,26435.093023255813,776613.6221808561,22841.577122966355,9,11,0.20930232558139536,0.2558139534883721,23.255813953488374,Medium,Bauer PLC,Dermatologist,Iowa
1927,25,523163.0,20926.52,358380.3720593035,18862.1248452265,6,8,0.24,0.32,28.0,Medium,"Thompson, Green and Miller",Dermatologist,South Carolina
1928,41,1032169.0,25174.853658536584,726779.9186416112,25061.376504883145,12,12,0.2926829268292683,0.2926829268292683,29.268292682926827,Medium,Sanchez-Ochoa,Dermatologist,Utah
1929,43,1075803.0,25018.674418604653,675446.6076338843,21788.600246254333,12,13,0.27906976744186046,0.3023255813953488,29.069767441860463,Medium,"Camacho, Brooks and Gregory",Orthopedic,Montana
1930,38,997230.2605781589,26242.901594162075,750443.849643478,23451.37030135869,6,20,0.15789473684210525,0.5263157894736842,34.21052631578947,Medium,Jimenez Inc,Dermatologist,Minnesota
1931,52,1223054.0,23520.26923076923,748605.5056654301,20794.59737959528,16,19,0.3076923076923077,0.36538461538461536,33.65384615384615,Medium,Knight Group,Cardiologist,Louisiana
1932,35,795609.0,22731.685714285715,434193.1705725439,20675.865265359236,14,9,0.4,0.2571428571428571,32.857142857142854,Medium,"Barnett, Smith and Johnson",Oncologist,Alabama
1933,40,1049991.5915126991,26249.789787817477,763369.7085043303,22452.05025012736,6,14,0.15,0.35,25.0,Medium,"Campbell, Bates and Petersen",Oncologist,New York
1934,43,1027344.3515723667,23891.729106334107,697164.6940978367,21126.202851449598,10,17,0.23255813953488372,0.3953488372093023,31.3953488372093,Medium,"Young, Perez and Gutierrez",Oncologist,Maryland
1935,51,1400283.0,27456.529411764706,973962.9598182002,23189.59428138572,9,17,0.17647058823529413,0.3333333333333333,25.49019607843137,Medium,"Melendez, Moran and Jones",Dermatologist,Connecticut
1936,42,1060784.0,25256.761904761905,753002.4416802935,23531.326302509173,10,14,0.23809523809523808,0.3333333333333333,28.57142857142857,Medium,Simpson and Sons,Cardiologist,California
1937,46,1118687.0,24319.282608695652,874657.2458957162,24296.03460821434,10,15,0.21739130434782608,0.32608695652173914,27.17391304347826,Medium,"Reilly, Yang and Johnson",Orthopedic,Michigan
1938,43,1195596.368451596,27804.56670817665,811930.365468842,24603.950468752788,10,16,0.23255813953488372,0.37209302325581395,30.232558139534884,Medium,Brown-Mercado,General Practitioner,Vermont
1939,52,1377866.0,26497.423076923078,947792.038411404,24941.89574766853,14,14,0.2692307692307692,0.2692307692307692,26.923076923076923,Medium,Garner Ltd,Orthopedic,Arkansas
1940,37,1039215.8343956252,28086.914443125006,569799.6003842568,21103.688903120623,10,14,0.2702702702702703,0.3783783783783784,32.432432432432435,Medium,Hart-Rios,Dermatologist,Utah
1941,49,1419683.8605477754,28973.14001117909,736755.8709909136,20465.44086085871,13,17,0.2653061224489796,0.3469387755102041,30.612244897959183,Medium,"Patterson, Reid and Berg",Cardiologist,North Carolina
1942,42,925801.0,22042.880952380954,675026.0688995628,19286.45911141608,7,20,0.16666666666666666,0.47619047619047616,32.14285714285714,Medium,"Garcia, Durham and Whitehead",General Practitioner,Georgia
1943,50,1207554.0,24151.08,725609.1628230264,21341.44596538313,16,19,0.32,0.38,35.0,Medium,Weber-Fields,Dermatologist,South Dakota
1944,35,845636.0,24161.02857142857,636001.3379086414,23555.60510772746,8,12,0.22857142857142856,0.34285714285714286,28.57142857142857,Medium,Nguyen Group,Cardiologist,Utah
1945,30,708287.0,23609.566666666666,540049.0307225491,21601.961228901964,5,12,0.16666666666666666,0.4,28.333333333333332,Medium,Obrien-Johnson,Orthopedic,West Virginia
1946,41,1123649.099037198,27406.07558627312,641961.9984670519,22136.620636794894,12,12,0.2926829268292683,0.2926829268292683,29.268292682926827,Medium,Rich PLC,Cardiologist,Nevada
1947,42,1190285.9761298469,28340.142288805877,883013.5527982416,24528.1542443956,6,19,0.14285714285714285,0.4523809523809524,29.761904761904763,Medium,Sandoval PLC,Cardiologist,Arizona
1948,29,685677.0,23644.03448275862,467791.3375005402,20338.753804371314,6,14,0.20689655172413793,0.4827586206896552,34.48275862068965,Medium,"Wilson, Cruz and Robertson",Orthopedic,Alaska
1949,39,1035713.6362703637,26556.7599043683,585045.3965660494,22501.74602177113,13,16,0.3333333333333333,0.41025641025641024,37.179487179487175,Medium,Walters-Gamble,Oncologist,West Virginia
1950,37,811762.7767977811,21939.53450804814,450747.79680922255,16694.36284478602,10,11,0.2702702702702703,0.2972972972972973,28.37837837837838,Medium,King Group,General Practitioner,Alabama
1951,35,856055.0,24458.714285714286,614256.2396420317,21937.722844358275,7,11,0.2,0.3142857142857143,25.714285714285715,Medium,Miller PLC,Orthopedic,Colorado
1952,36,915774.0,25438.166666666668,600210.0369406511,22230.001368172263,9,12,0.25,0.3333333333333333,29.166666666666664,Medium,Aguirre Ltd,General Practitioner,Washington
1953,49,1209067.0,24674.836734693876,813708.7621818415,21413.388478469515,11,20,0.22448979591836735,0.40816326530612246,31.632653061224488,Medium,"Bass, Hunter and Lynn",Dermatologist,Iowa
1954,33,741097.0,22457.484848484848,613083.6602753699,21140.81587156448,4,16,0.12121212121212122,0.48484848484848486,30.303030303030305,Medium,Davis Group,Dermatologist,South Dakota
1955,41,1073920.1009718091,26193.17319443437,571615.6278035785,22864.62511214314,16,12,0.3902439024390244,0.2926829268292683,34.14634146341463,Medium,Fitzpatrick and Sons,Oncologist,Alabama
1956,41,1129954.0,27559.853658536584,800698.2966115763,25021.82176911176,9,17,0.21951219512195122,0.4146341463414634,31.70731707317073,Medium,Fischer-King,Oncologist,Tennessee
1957,44,1240458.9656530526,28192.24921938756,719624.6745273618,24814.64394921937,15,13,0.3409090909090909,0.29545454545454547,31.818181818181817,Medium,White-Williams,Orthopedic,Minnesota
1958,41,1252170.8719465833,30540.75297430691,793288.7394246875,25589.95933628024,10,20,0.24390243902439024,0.4878048780487805,36.58536585365854,Medium,Austin Group,Orthopedic,California
1959,50,1318533.0,26370.66,860772.7926186072,23910.355350516867,14,15,0.28,0.3,29.0,Medium,Weaver Inc,General Practitioner,Kansas
1960,37,883421.0,23876.243243243243,694183.1652146743,22393.005329505624,6,11,0.16216216216216217,0.2972972972972973,22.972972972972975,Medium,Francis-Wagner,Orthopedic,Kentucky
1961,45,1296797.097679527,28817.71328176727,929007.0389563068,24447.553656744916,7,23,0.15555555555555556,0.5111111111111111,33.33333333333333,Medium,"Hernandez, Ferrell and Moore",Oncologist,Nebraska
1962,50,1190542.0,23810.84,675786.9809448109,19308.199455566024,15,20,0.3,0.4,35.0,Medium,Black LLC,Oncologist,Montana
1963,43,1239253.4386205482,28819.84740978019,538638.3310942308,20716.858888239643,17,17,0.3953488372093023,0.3953488372093023,39.53488372093023,Medium,Ruiz and Sons,Oncologist,South Carolina
1964,36,912324.771550344,25342.35476528733,637328.4552819511,23604.757603035225,9,15,0.25,0.4166666666666667,33.333333333333336,Medium,Wong and Sons,General Practitioner,New Jersey
1965,32,837143.0855845143,26160.721424516072,556450.982165539,21401.960852520733,6,13,0.1875,0.40625,29.6875,Medium,Pugh-King,Orthopedic,North Dakota
1966,41,1362009.1797038512,33219.736090337836,947771.7504456927,27079.192869876933,6,21,0.14634146341463414,0.5121951219512195,32.92682926829268,Medium,Christensen-Johnson,Orthopedic,North Carolina
1967,39,981620.0,25169.74358974359,631824.4934375026,21060.816447916754,9,17,0.23076923076923078,0.4358974358974359,33.333333333333336,Medium,"Mitchell, Thompson and Martinez",General Practitioner,Maryland
1968,43,1040772.0,24204.0,626805.2976461998,23215.011023933326,16,13,0.37209302325581395,0.3023255813953488,33.72093023255814,Medium,Turner-Davis,General Practitioner,Washington
1969,35,948876.0,27110.742857142857,706200.3314078593,25221.440407423546,7,12,0.2,0.34285714285714286,27.142857142857142,Medium,Carey-Mercado,Cardiologist,West Virginia
1970,44,1333745.9596023536,30312.408172780764,819432.2693531705,23412.35055294773,9,19,0.20454545454545456,0.4318181818181818,31.81818181818182,Medium,Mcdonald-Marshall,General Practitioner,New Mexico
1971,38,798131.0,21003.447368421053,593911.5450829755,21211.12661010627,10,16,0.2631578947368421,0.42105263157894735,34.21052631578947,Medium,Martinez-Woodard,Orthopedic,Arkansas
1972,44,1396009.0391590667,31727.478162706062,836491.639570881,23899.761130596602,9,18,0.20454545454545456,0.4090909090909091,30.681818181818187,Medium,Shaffer-Roberts,Orthopedic,Nebraska
1973,28,689686.0,24631.64285714286,402814.9156130957,22378.60642294976,10,10,0.35714285714285715,0.35714285714285715,35.714285714285715,Medium,Molina-Schneider,Oncologist,Maine
1974,28,778269.0,27795.321428571428,506458.4262144187,23020.83755520085,6,11,0.21428571428571427,0.39285714285714285,30.357142857142854,Medium,Crawford Inc,Oncologist,Vermont
1975,46,1398091.0,30393.282608695652,986503.1898025026,25960.610257960594,8,20,0.17391304347826086,0.43478260869565216,30.434782608695652,Medium,Jackson and Sons,Cardiologist,Connecticut
1976,40,931428.0,23285.7,633834.6437957969,19807.332618618653,8,16,0.2,0.4,30.0,Medium,"Mitchell, Martinez and Griffin",General Practitioner,Texas
1977,45,1094383.0,24319.62222222222,861460.6981076689,24613.162803076255,10,20,0.2222222222222222,0.4444444444444444,33.33333333333333,Medium,"Rodriguez, Powell and Vang",Dermatologist,Maine
1978,43,1161985.0,27022.906976744187,899049.3214772169,27243.918832642936,10,8,0.23255813953488372,0.18604651162790697,20.930232558139537,Medium,Sanchez-Klein,Cardiologist,Illinois
1979,40,992844.0,24821.1,796872.4669220629,23437.425497707733,6,20,0.15,0.5,32.5,Medium,Hanson-Knight,General Practitioner,Delaware
1980,41,1009659.0,24625.829268292684,684835.616173004,22091.471489451742,10,17,0.24390243902439024,0.4146341463414634,32.92682926829268,Medium,Gibson-Davis,Orthopedic,Maine
1981,36,689032.0,19139.777777777777,477867.99149653787,17066.71398201921,8,19,0.2222222222222222,0.5277777777777778,37.5,Medium,"Mercado, Moran and Boyd",Cardiologist,Alabama
1982,36,976202.0,27116.722222222223,716846.81585763,25601.671994915356,8,20,0.2222222222222222,0.5555555555555556,38.888888888888886,Medium,Holland Ltd,Cardiologist,Tennessee
1983,52,1355052.0,26058.69230769231,906870.6578725106,23253.093791602838,13,20,0.25,0.38461538461538464,31.730769230769234,Medium,Jacobs-Fowler,General Practitioner,Washington
1984,39,894295.0,22930.641025641027,646896.5207752495,20215.516274226546,7,22,0.1794871794871795,0.5641025641025641,37.17948717948718,Medium,Mitchell Group,Orthopedic,New Jersey
1985,54,1251669.0,23179.055555555555,786043.691814306,20154.966456777074,15,19,0.2777777777777778,0.35185185185185186,31.48148148148148,Medium,Gross Inc,General Practitioner,Arizona
1986,46,1163540.0,25294.347826086956,739684.9449439375,21755.43955717463,12,17,0.2608695652173913,0.3695652173913043,31.52173913043478,Medium,Carter LLC,Orthopedic,Kansas
1987,43,974820.9408329849,22670.254437976393,735601.8469524286,20433.384637567462,7,15,0.16279069767441862,0.3488372093023256,25.58139534883721,Medium,Hoover Group,Orthopedic,Missouri
1988,34,787378.0,23158.176470588234,504384.40889907425,21016.017037461428,10,12,0.29411764705882354,0.35294117647058826,32.352941176470594,Medium,Henderson Ltd,Oncologist,New York
1989,39,944794.2789581409,24225.494332260023,563464.0231243568,21671.693197090644,13,15,0.3333333333333333,0.38461538461538464,35.8974358974359,Medium,Shields-Weaver,Dermatologist,Missouri
1990,29,894569.0,30847.206896551725,578943.058243393,27568.71705920919,8,16,0.27586206896551724,0.5517241379310345,41.37931034482759,Medium,Alvarez Group,Oncologist,Kentucky
1991,28,756519.9618912529,27018.570067544748,469373.67926450743,23468.683963225372,8,8,0.2857142857142857,0.2857142857142857,28.57142857142857,Medium,Holmes Group,Cardiologist,Alabama
1992,43,1178098.7713040274,27397.64584427971,580211.0792068123,20721.824257386153,15,16,0.3488372093023256,0.37209302325581395,36.04651162790698,Medium,Guerrero and Sons,Cardiologist,Idaho
1993,49,1107707.0,22606.26530612245,736776.3740129864,20466.010389249623,13,23,0.2653061224489796,0.46938775510204084,36.734693877551024,Medium,Wall-Dean,General Practitioner,Illinois
1994,42,1022239.8160903838,24339.043240247232,629214.3052371219,19662.94703866006,10,19,0.23809523809523808,0.4523809523809524,34.523809523809526,Medium,Gentry-Garner,General Practitioner,Virginia
1995,48,1286062.0,26792.958333333332,725032.4895754427,22657.265299232586,16,16,0.3333333333333333,0.3333333333333333,33.33333333333333,Medium,Morgan Inc,General Practitioner,Montana
1996,38,1105627.0,29095.447368421053,656892.271628626,25265.08737033177,12,11,0.3157894736842105,0.2894736842105263,30.263157894736842,Medium,"Fuller, Werner and Alvarado",Oncologist,Maine
1997,45,1111892.0,24708.71111111111,877302.0669400941,23710.866674056597,8,15,0.17777777777777778,0.3333333333333333,25.555555555555554,Medium,Hanson and Sons,Orthopedic,Minnesota
1998,41,880360.0,21472.19512195122,601539.4478967474,20742.73958264646,12,16,0.2926829268292683,0.3902439024390244,34.14634146341463,Medium,Martinez PLC,Dermatologist,New Mexico
1999,47,1142787.0,24314.617021276597,816548.2098938234,23329.94885410924,12,21,0.2553191489361702,0.44680851063829785,35.1063829787234,Medium,Davis-Stephenson,Cardiologist,Rhode Island
2000,50,1362275.0,27245.5,823084.895679953,22863.46932444314,14,20,0.28,0.4,34.0,Medium,"Doyle, Villanueva and Cunningham",Cardiologist,New Hampshire
2001,42,958430.0,22819.761904761905,560086.2103300845,18669.54034433615,12,12,0.2857142857142857,0.2857142857142857,28.57142857142857,Medium,Reed-Johnson,General Practitioner,South Carolina
2002,35,820996.0,23457.02857142857,568849.6770001602,23702.069875006677,11,13,0.3142857142857143,0.37142857142857144,34.285714285714285,Medium,Smith Inc,Oncologist,Connecticut
2003,44,1080719.0,24561.795454545456,812951.6760946715,23910.343414549163,10,16,0.22727272727272727,0.36363636363636365,29.545454545454547,Medium,Wilson PLC,General Practitioner,Wisconsin
2004,34,921464.1434390305,27101.88657173619,566635.2451105847,23609.801879607694,10,14,0.29411764705882354,0.4117647058823529,35.294117647058826,Medium,"Browning, Bridges and Turner",Oncologist,Maine
2005,46,1107816.0,24082.956521739132,756996.3312129922,21027.67586702756,10,16,0.21739130434782608,0.34782608695652173,28.26086956521739,Medium,Hicks-Ramirez,Orthopedic,Hawaii
2006,44,983720.0,22357.272727272728,592860.9453704172,21173.605191800616,16,17,0.36363636363636365,0.38636363636363635,37.5,Medium,Miller Group,General Practitioner,Michigan
2007,40,1196379.4378545524,29909.48594636381,815768.3802657027,26315.10904082912,9,14,0.225,0.35,28.75,Medium,Finley-White,Orthopedic,Vermont
2008,34,1100323.6415065383,32362.460044309948,746343.8956045901,26655.139128735358,6,16,0.17647058823529413,0.47058823529411764,32.35294117647059,Medium,"Fowler, Larson and Green",Cardiologist,Louisiana
2009,43,1193206.98912448,27748.99974708093,731841.9341000941,22177.028306063457,10,11,0.23255813953488372,0.2558139534883721,24.41860465116279,Medium,Schroeder LLC,Cardiologist,Oregon
2010,42,1042166.9050145276,24813.497738441132,760484.7938634909,21728.136967528313,7,19,0.16666666666666666,0.4523809523809524,30.952380952380953,Medium,Hernandez-Choi,Cardiologist,Texas
2011,39,1000187.0,25645.82051282051,715559.5361242157,26502.20504163762,12,12,0.3076923076923077,0.3076923076923077,30.76923076923077,Medium,"Vazquez, Martinez and Scott",Orthopedic,Maryland
2012,46,1058080.0,23001.739130434784,733378.6729508637,21569.960969143052,12,18,0.2608695652173913,0.391304347826087,32.608695652173914,Medium,"Rogers, Stark and Hawkins",General Practitioner,Virginia
2013,40,921426.0,23035.65,588774.2165939701,21806.452466443337,13,13,0.325,0.325,32.5,Medium,"Mcconnell, Harris and Martin",Oncologist,Colorado
2014,37,967071.0,26137.054054054053,636430.0792788919,26517.91996995383,13,11,0.35135135135135137,0.2972972972972973,32.432432432432435,Medium,Leach and Sons,Oncologist,Montana
2015,38,879766.0,23151.736842105263,635823.7932552292,21194.126441840974,8,13,0.21052631578947367,0.34210526315789475,27.631578947368418,Medium,Hughes LLC,General Practitioner,New York
2016,41,1221829.3507297703,29800.71587145781,723986.8169833362,25856.67203511915,13,14,0.3170731707317073,0.34146341463414637,32.926829268292686,Medium,Reyes Inc,Dermatologist,Maine
2017,42,1068534.0,25441.285714285714,571860.8983862249,21180.033273563884,15,15,0.35714285714285715,0.35714285714285715,35.714285714285715,Medium,Olson Group,Oncologist,North Dakota
2018,39,967959.0,24819.46153846154,587729.9255086366,20990.35448245131,11,17,0.28205128205128205,0.4358974358974359,35.8974358974359,Medium,Kim-George,Oncologist,Iowa
2019,44,1292704.0,29379.636363636364,734061.7831299157,26216.49225463985,16,9,0.36363636363636365,0.20454545454545456,28.409090909090914,Medium,Zavala Inc,General Practitioner,Missouri
2020,43,1178422.0,27405.162790697676,769012.4796995205,24806.8541838555,12,21,0.27906976744186046,0.4883720930232558,38.372093023255815,Medium,Harris Ltd,General Practitioner,Louisiana
2021,40,1165211.0,29130.275,904161.7673689495,26592.993157910278,6,15,0.15,0.375,26.25,Medium,"Buchanan, Jones and Colon",General Practitioner,Wyoming
2022,38,1001902.0,26365.842105263157,659456.5113907611,22739.879703129693,9,15,0.23684210526315788,0.39473684210526316,31.57894736842105,Medium,"Ballard, King and Morgan",Dermatologist,Iowa
2023,41,1047617.0,25551.634146341465,580321.4608375151,22320.05618605827,15,14,0.36585365853658536,0.34146341463414637,35.36585365853659,Medium,Tate and Sons,Orthopedic,West Virginia
2024,39,1185451.4741749438,30396.19164551138,730502.768453787,26089.38458763525,11,16,0.28205128205128205,0.41025641025641024,34.61538461538461,Medium,Swanson-Moore,Cardiologist,Massachusetts
2025,44,1049501.0,23852.295454545456,682730.2495314078,20688.795440345693,11,14,0.25,0.3181818181818182,28.409090909090907,Medium,"Higgins, Martinez and Garrison",Orthopedic,Delaware
2026,38,1003020.2158915008,26395.26883925002,451583.9588590879,17368.61380227261,12,11,0.3157894736842105,0.2894736842105263,30.263157894736842,Medium,Wheeler-Rivera,Orthopedic,Oregon
2027,35,853927.0,24397.914285714287,510172.67098834657,21257.19462451444,11,12,0.3142857142857143,0.34285714285714286,32.857142857142854,Medium,Nelson-Ramos,General Practitioner,New York
2028,38,1109711.2973783922,29202.92887837874,632491.974184267,21083.065806142233,8,17,0.21052631578947367,0.4473684210526316,32.89473684210526,Medium,Silva-Ashley,General Practitioner,Connecticut
2029,38,1155093.2310740582,30397.190291422583,779171.5657580476,24349.11142993899,6,22,0.15789473684210525,0.5789473684210527,36.8421052631579,Medium,"Hensley, Dixon and Hernandez",General Practitioner,Alabama
2030,48,1343701.6926047816,27993.785262599617,690892.9732557026,19739.799235877217,13,17,0.2708333333333333,0.3541666666666667,31.25,Medium,Sampson PLC,Cardiologist,New York
2031,38,1055885.878301271,27786.470481612396,697100.3002042698,23236.67667347566,8,14,0.21052631578947367,0.3684210526315789,28.94736842105263,Medium,"Cook, Willis and Myers",Orthopedic,North Carolina
2032,36,907993.0,25222.027777777777,750350.816598796,22737.90353329685,3,21,0.08333333333333333,0.5833333333333334,33.333333333333336,Medium,"Newman, Banks and Garcia",Cardiologist,Minnesota
2033,42,1313716.5378713254,31278.96518741251,789400.5082474787,24668.76588273371,10,16,0.23809523809523808,0.38095238095238093,30.95238095238095,Medium,Hoffman-Mckinney,Oncologist,South Carolina
2034,51,1244131.0,24394.725490196077,909871.5049720105,22746.78762430026,11,22,0.21568627450980393,0.43137254901960786,32.352941176470594,Medium,Dixon Inc,Orthopedic,Georgia
2035,39,1044904.0,26792.410256410258,759504.449231807,27125.158901135965,11,15,0.28205128205128205,0.38461538461538464,33.333333333333336,Medium,Zamora Inc,Cardiologist,Mississippi
2036,45,1078465.0,23965.88888888889,591681.3246626647,20402.804298712574,16,20,0.35555555555555557,0.4444444444444444,40.0,Medium,"Martin, Thornton and Barber",Cardiologist,Montana
2037,47,1180843.0,25124.31914893617,811575.9396020246,22543.77610005624,11,17,0.23404255319148937,0.3617021276595745,29.787234042553195,Medium,Christensen-Pierce,Dermatologist,Alabama
2038,44,1306907.733277512,29702.448483579818,784121.9817520579,24503.81192975181,12,15,0.2727272727272727,0.3409090909090909,30.68181818181818,Medium,Campbell Ltd,Cardiologist,North Carolina
2039,44,1151790.0,26177.045454545456,728546.1603401906,22077.15637394517,11,18,0.25,0.4090909090909091,32.95454545454545,Medium,Young and Sons,Cardiologist,Wisconsin
2040,43,1096719.9146007972,25505.114293041795,768465.4348133616,24789.20757462457,12,16,0.27906976744186046,0.37209302325581395,32.55813953488372,Medium,Walters Group,Dermatologist,Indiana
2041,33,752052.6541152869,22789.474367129907,481107.8115176111,19244.312460704445,8,15,0.24242424242424243,0.45454545454545453,34.848484848484844,Medium,Andrade-French,Cardiologist,New Jersey
2042,31,723023.0,23323.322580645163,582232.4226079388,21564.163800294027,4,19,0.12903225806451613,0.6129032258064516,37.096774193548384,Medium,Freeman Inc,Orthopedic,New Mexico
2043,42,961924.0,22902.95238095238,673770.121762293,24063.218634367608,14,15,0.3333333333333333,0.35714285714285715,34.52380952380952,Medium,"Mitchell, Thomas and Arroyo",General Practitioner,Nebraska
2044,34,803818.0,23641.70588235294,494910.4522780844,20621.268844920185,10,10,0.29411764705882354,0.29411764705882354,29.411764705882355,Medium,"Zamora, Wheeler and Morris",Orthopedic,Alaska
2045,32,709229.0,22163.40625,491298.63095173944,18896.101190451518,6,17,0.1875,0.53125,35.9375,Medium,Brown-Gordon,General Practitioner,Alabama
2046,35,1015163.0,29004.657142857144,835974.823620387,26966.929794206033,4,12,0.11428571428571428,0.34285714285714286,22.857142857142858,Medium,"Byrd, Olson and Allen",Dermatologist,New Hampshire
2047,45,1146703.0,25482.28888888889,851877.3134899483,22417.824039209165,7,19,0.15555555555555556,0.4222222222222222,28.88888888888889,Medium,Mueller-Hill,Cardiologist,Tennessee
2048,48,1219948.0,25415.583333333332,845541.3202993951,23487.25889720542,12,15,0.25,0.3125,28.125,Medium,Harding Ltd,Dermatologist,Michigan
2049,43,1037217.0,24121.325581395347,789898.5076555233,21941.625212653424,7,18,0.16279069767441862,0.4186046511627907,29.069767441860467,Medium,"Hernandez, Ford and West",Dermatologist,Utah
2050,46,1227198.357375076,26678.22516032774,829199.0161258206,21261.5132339954,7,21,0.15217391304347827,0.45652173913043476,30.434782608695652,Medium,Ingram-Martin,Dermatologist,Pennsylvania
2051,44,1125706.0,25584.227272727272,631013.4499721454,21759.084481798116,15,16,0.3409090909090909,0.36363636363636365,35.22727272727273,Medium,"Jacobs, Alvarez and Myers",Orthopedic,Tennessee
2052,43,1166869.0,27136.488372093023,654770.8187538118,21825.693958460393,13,15,0.3023255813953488,0.3488372093023256,32.55813953488372,Medium,Martin Inc,Dermatologist,Pennsylvania
2053,40,1037368.0,25934.2,691677.5604607022,23055.918682023406,10,18,0.25,0.45,35.0,Medium,"Whitaker, Gillespie and Nolan",Cardiologist,Alaska
2054,29,763068.0,26312.689655172413,400317.62277652265,23548.09545744251,12,9,0.41379310344827586,0.3103448275862069,36.20689655172414,Medium,"Brown, Hendricks and Hayes",Oncologist,New Mexico
2055,45,1168194.0,25959.866666666665,831483.9459884478,23756.684171098506,10,19,0.2222222222222222,0.4222222222222222,32.22222222222222,Medium,"Blevins, Rodriguez and Thompson",Dermatologist,Utah
2056,43,1118235.1637975844,26005.468925525216,751422.7555402775,22770.38653152356,10,17,0.23255813953488372,0.3953488372093023,31.3953488372093,Medium,Cervantes-Potter,General Practitioner,Minnesota
2057,43,960353.0,22333.79069767442,595044.0042980441,20518.758768898075,14,16,0.32558139534883723,0.37209302325581395,34.883720930232556,Medium,"Chapman, Sparks and Lopez",Cardiologist,Idaho
2058,41,1060385.0969714443,25863.051145644982,632784.8333816073,21820.166668331287,12,13,0.2926829268292683,0.3170731707317073,30.487804878048777,Medium,Robinson and Sons,Cardiologist,Oregon
2059,35,967398.5465951705,27639.95847414773,651286.983755595,22458.171853641208,6,11,0.17142857142857143,0.3142857142857143,24.285714285714285,Medium,Cooper Ltd,Oncologist,Kentucky
2060,47,1314504.4116147317,27968.178970526205,946158.1953359673,25571.843117188306,10,17,0.2127659574468085,0.3617021276595745,28.723404255319153,Medium,Whitney Group,Cardiologist,Oklahoma
2061,34,874780.0,25728.823529411766,699342.295437202,24115.251566800067,5,21,0.14705882352941177,0.6176470588235294,38.23529411764706,Medium,"Gibbs, Singh and Graham",Cardiologist,New Jersey
2062,35,942594.0,26931.257142857143,692970.5286012443,24748.94745004444,7,14,0.2,0.4,30.0,Medium,Tran-Graham,Dermatologist,Alabama
2063,39,904417.0,23190.17948717949,613825.3618099093,20460.845393663643,9,10,0.23076923076923078,0.2564102564102564,24.358974358974358,Medium,Coleman Group,Oncologist,Louisiana
2064,41,1165577.0,28428.70731707317,782305.682484858,26076.8560828286,11,12,0.2682926829268293,0.2926829268292683,28.048780487804876,Medium,Johnson-Bradley,Dermatologist,New Hampshire
2065,43,1247554.9718675218,29012.906322500505,761090.1460453987,23063.337758951475,10,15,0.23255813953488372,0.3488372093023256,29.069767441860463,Medium,Jones and Sons,Oncologist,New Mexico
2066,43,1297027.4574683292,30163.42924344952,790258.4669692679,24695.577092789623,11,15,0.2558139534883721,0.3488372093023256,30.232558139534884,Medium,"Hamilton, Hammond and Leonard",Oncologist,Kentucky
2067,37,795197.0,21491.81081081081,455451.2287359436,17517.354951382447,11,16,0.2972972972972973,0.43243243243243246,36.486486486486484,Medium,Perkins Inc,Dermatologist,South Dakota
2068,38,1003285.0,26402.236842105263,757314.7655867564,23666.086424586138,6,15,0.15789473684210525,0.39473684210526316,27.63157894736842,Medium,Martin Group,Cardiologist,Arkansas
2069,39,1032839.0,26483.05128205128,678327.4632615696,24225.980830770342,11,17,0.28205128205128205,0.4358974358974359,35.8974358974359,Medium,Meyer and Sons,Orthopedic,West Virginia
2070,39,1156755.5114173554,29660.39772865014,684993.5104557301,22833.117015191005,9,12,0.23076923076923078,0.3076923076923077,26.923076923076923,Medium,"Torres, Bennett and Martinez",Dermatologist,Montana
2071,29,729149.0766166245,25143.07160746981,504949.1334910053,26576.27018373712,10,14,0.3448275862068966,0.4827586206896552,41.37931034482759,Medium,"Gonzalez, Long and Conner",Oncologist,Wisconsin
2072,50,1360440.0,27208.8,957922.884587105,24562.125245823205,11,21,0.22,0.42,32.0,Medium,Baker-Tran,Dermatologist,Minnesota
2073,34,861461.0,25337.08823529412,746552.4884604515,22622.80268061974,1,16,0.029411764705882353,0.47058823529411764,24.999999999999996,Medium,Lewis-Miller,Cardiologist,Wyoming
2074,45,1112906.0,24731.244444444445,734690.4493824857,20991.15569664245,10,17,0.2222222222222222,0.37777777777777777,30.0,Medium,Rodriguez-Wilkinson,Orthopedic,Louisiana
2075,53,1441802.308598991,27203.81714337719,866524.0639561965,22803.26484095254,15,18,0.2830188679245283,0.33962264150943394,31.132075471698116,Medium,"Brooks, Daugherty and Rodriguez",Cardiologist,Idaho
2076,45,1057903.001941833,23508.955598707398,568163.9590040005,18327.86964529034,14,17,0.3111111111111111,0.37777777777777777,34.44444444444444,Medium,Warner-Williams,Oncologist,Pennsylvania
2077,37,878858.0,23752.91891891892,558237.2646883384,20675.454247716236,10,14,0.2702702702702703,0.3783783783783784,32.432432432432435,Medium,Murphy Ltd,Oncologist,Indiana
2078,49,1224762.0,24995.14285714286,833184.9554236458,24505.439865401346,15,15,0.30612244897959184,0.30612244897959184,30.612244897959183,Medium,Cox PLC,Oncologist,Washington
2079,38,922602.5276165906,24279.01388464712,611348.019132483,21833.85782616011,10,12,0.2631578947368421,0.3157894736842105,28.94736842105263,Medium,Smith-Young,Oncologist,Virginia
2080,47,1149139.8544334653,24449.78413688224,682760.7998652695,18965.577774035264,11,16,0.23404255319148937,0.3404255319148936,28.72340425531915,Medium,"Irwin, Simmons and Wood",Orthopedic,New Jersey
2081,48,1222143.0,25461.3125,797924.0257672897,23468.353699037933,14,17,0.2916666666666667,0.3541666666666667,32.29166666666667,Medium,Martin and Sons,Orthopedic,New Hampshire
2082,42,1137081.0,27073.35714285714,721125.1378932962,22535.160559165506,10,17,0.23809523809523808,0.40476190476190477,32.14285714285714,Medium,"Hudson, Henderson and Williams",Oncologist,Tennessee
2083,35,848583.0,24245.22857142857,591889.4308838585,21138.90824585209,7,13,0.2,0.37142857142857144,28.571428571428573,Medium,"Mckee, Elliott and Moore",Dermatologist,Massachusetts
2084,44,1057580.0,24035.909090909092,693906.6122130017,23130.220407100056,14,16,0.3181818181818182,0.36363636363636365,34.09090909090909,Medium,Steele Group,General Practitioner,Idaho
2085,36,986112.3940333927,27392.010945372018,551964.971553783,21229.421982837808,10,13,0.2777777777777778,0.3611111111111111,31.944444444444443,Medium,"Green, Morris and Fields",Dermatologist,Arkansas
2086,27,706426.625862844,26163.94910603126,478284.7624275491,21740.216473979504,5,8,0.18518518518518517,0.2962962962962963,24.074074074074073,Medium,Hughes-Graham,Dermatologist,Ohio
2087,30,883742.0,29458.066666666666,633280.4757554653,26386.686489811054,6,12,0.2,0.4,30.0,Medium,Hernandez-Smith,Oncologist,Arizona
2088,44,1185331.0,26939.340909090908,705580.4286485863,22049.38839526832,12,22,0.2727272727272727,0.5,38.63636363636363,Medium,Mcbride-Hill,Orthopedic,Connecticut
2089,53,1467563.0,27689.867924528302,1090093.5257765353,25351.012227361287,10,24,0.18867924528301888,0.4528301886792453,32.07547169811321,Medium,Hubbard Ltd,Orthopedic,Nevada
2090,33,846851.0,25662.151515151516,651421.5162308794,23265.054151102835,5,13,0.15151515151515152,0.3939393939393939,27.272727272727273,Medium,"Thomas, Jefferson and Myers",Dermatologist,Ohio
2091,51,1322909.3267150372,25939.398563039944,819373.3781917961,21009.573799789643,12,21,0.23529411764705882,0.4117647058823529,32.35294117647059,Medium,Smith-Bell,Dermatologist,New Hampshire
2092,28,796928.2077633921,28461.721705835433,405119.9287600695,20255.996438003473,8,12,0.2857142857142857,0.42857142857142855,35.71428571428571,Medium,Ward Ltd,Dermatologist,Arkansas
2093,45,980768.0,21794.844444444443,702893.5328837977,19524.82035788327,9,14,0.2,0.3111111111111111,25.555555555555557,Medium,"Carpenter, Johnson and Hobbs",Oncologist,Arizona
2094,39,1083945.9124789645,27793.484935358065,665768.2903419568,22957.527253170923,10,16,0.2564102564102564,0.41025641025641024,33.33333333333333,Medium,Hunter-Hess,Cardiologist,West Virginia
2095,37,789880.0,21348.108108108107,491811.740992855,19672.4696397142,12,15,0.32432432432432434,0.40540540540540543,36.486486486486484,Medium,"Walters, Green and Mcmahon",General Practitioner,Hawaii
2096,54,1340292.996397189,24820.24067402202,882747.8499712114,20062.45113570935,10,21,0.18518518518518517,0.3888888888888889,28.703703703703706,Medium,Reilly-Boyd,Oncologist,Mississippi
2097,44,1298095.5236602016,29502.170992277308,647677.2802285908,23988.047415873734,17,16,0.38636363636363635,0.36363636363636365,37.5,Medium,Martin LLC,General Practitioner,Montana
2098,33,989054.896772973,29971.360508271908,757791.1577387735,25259.705257959118,3,14,0.09090909090909091,0.42424242424242425,25.757575757575758,Medium,Williams PLC,Cardiologist,New Hampshire
2099,44,1182241.0,26869.113636363636,924530.8671902432,24987.32073487144,7,17,0.1590909090909091,0.38636363636363635,27.27272727272727,Medium,"Sullivan, Romero and Miller",Cardiologist,Virginia
2100,41,890250.0,21713.414634146342,681191.7542813506,20642.174372162142,8,14,0.1951219512195122,0.34146341463414637,26.829268292682926,Medium,"Smith, Nichols and Farrell",Oncologist,New Mexico
2101,39,1009518.0,25885.076923076922,725750.8222378071,22679.71319493147,7,18,0.1794871794871795,0.46153846153846156,32.05128205128205,Medium,Brooks Group,Orthopedic,Ohio
2102,41,1172536.2681155358,28598.445563793557,692370.726944773,22334.539578863645,10,21,0.24390243902439024,0.5121951219512195,37.80487804878049,Medium,"Mayo, Colon and Grimes",Orthopedic,North Carolina
2103,43,973763.0,22645.6511627907,687924.2194076384,20846.188466898133,10,19,0.23255813953488372,0.4418604651162791,33.72093023255814,Medium,Larson-Foster,General Practitioner,Maine
2104,33,1040960.6060621672,31544.260789762644,755210.7894672428,27970.76998026825,6,10,0.18181818181818182,0.30303030303030304,24.242424242424242,Medium,"Allen, Stuart and Peterson",Orthopedic,New York
2105,49,1166810.0,23812.448979591838,907734.3256020583,23275.239118001497,10,17,0.20408163265306123,0.3469387755102041,27.551020408163264,Medium,"Taylor, Perkins and Montgomery",Dermatologist,New Jersey
2106,48,1027363.0,21403.395833333332,635925.8468414,19872.68271379375,16,20,0.3333333333333333,0.4166666666666667,37.5,Medium,"Banks, Hayes and Weaver",Dermatologist,Iowa
2107,47,1317891.0,28040.23404255319,815132.1624752077,25472.88007735024,15,16,0.3191489361702128,0.3404255319148936,32.97872340425532,Medium,"Wilson, Dunlap and Matthews",Cardiologist,Massachusetts
2108,43,1060398.8948891207,24660.439416026064,633335.7902945626,21111.19300981875,13,14,0.3023255813953488,0.32558139534883723,31.3953488372093,Medium,Washington-Walter,Oncologist,Kentucky
2109,39,1113957.821640696,28563.021067710153,687673.7113135068,23712.886597017477,10,15,0.2564102564102564,0.38461538461538464,32.05128205128205,Medium,"Martin, Bennett and Clark",Orthopedic,South Carolina
2110,46,1131396.083217224,24595.567026461395,654639.4734978375,18703.984957081073,11,16,0.2391304347826087,0.34782608695652173,29.347826086956523,Medium,Hansen Group,Cardiologist,Arkansas
2111,28,740732.0,26454.714285714286,331015.75036969595,22067.716691313064,13,9,0.4642857142857143,0.32142857142857145,39.28571428571429,Medium,"Mckenzie, Clark and Jacobs",Dermatologist,Kansas
2112,38,860438.1251414305,22643.108556353436,639956.883018615,19998.652594331717,6,17,0.15789473684210525,0.4473684210526316,30.263157894736842,Medium,Neal-Rowe,Orthopedic,Montana
2113,39,915877.0,23484.02564102564,673083.8037012129,21712.380764555255,8,19,0.20512820512820512,0.48717948717948717,34.61538461538461,Medium,Scott Inc,Orthopedic,Montana
2114,54,1356270.0,25116.11111111111,865999.5346378688,21649.98836594672,14,19,0.25925925925925924,0.35185185185185186,30.555555555555554,Medium,"Neal, Ray and Stevens",Oncologist,South Dakota
2115,31,928832.0,29962.322580645163,719201.4672187082,27661.59489302724,5,14,0.16129032258064516,0.45161290322580644,30.645161290322577,Medium,"Caldwell, Nichols and Ruiz",Orthopedic,Colorado
2116,47,1216357.0,25879.936170212764,858801.4725277552,22600.0387507304,9,19,0.19148936170212766,0.40425531914893614,29.787234042553187,Medium,Smith-Ford,Orthopedic,Indiana
2117,40,1136154.4638197448,28403.861595493618,759089.8072035133,23721.55647510979,8,15,0.2,0.375,28.75,Medium,Walker-Jones,Oncologist,South Dakota
2118,30,657772.0,21925.733333333334,447842.1043453271,19471.39584110118,7,6,0.23333333333333334,0.2,21.666666666666664,Medium,Curry and Sons,General Practitioner,Mississippi
2119,49,1270215.1163755895,25922.757477052848,805598.0471272281,20656.36018274944,10,17,0.20408163265306123,0.3469387755102041,27.551020408163264,Medium,Gomez-Richards,Orthopedic,New Jersey
2120,41,985730.0,24042.19512195122,555487.7615119552,19838.84862542697,13,17,0.3170731707317073,0.4146341463414634,36.58536585365854,Medium,"Anderson, Mcpherson and Hubbard",Oncologist,Colorado
2121,40,1061606.0,26540.15,712845.6307369177,24580.883818514405,11,15,0.275,0.375,32.5,Medium,"Dean, Ayala and Brown",Cardiologist,California
2122,42,1003405.0,23890.595238095237,814353.9151663383,23267.25471903824,7,17,0.16666666666666666,0.40476190476190477,28.57142857142857,Medium,Henderson LLC,Cardiologist,Kentucky
2123,38,1068554.4448471258,28119.85381176647,592806.2129655812,21955.785665391897,11,12,0.2894736842105263,0.3157894736842105,30.263157894736842,Medium,"Fox, Day and Rodriguez",Dermatologist,Rhode Island
2124,48,1137545.0,23698.854166666668,714875.7169326323,21025.75638037154,14,15,0.2916666666666667,0.3125,30.208333333333336,Medium,"Washington, Green and Osborne",Oncologist,Maine
2125,40,1043528.0,26088.2,798690.7226136281,24202.749170109942,7,15,0.175,0.375,27.5,Medium,"Torres, Spencer and Murray",Orthopedic,Connecticut
2126,46,1105612.0,24035.043478260868,779758.1002982588,21074.543251304294,9,12,0.1956521739130435,0.2608695652173913,22.82608695652174,Medium,Hicks Inc,Cardiologist,Indiana
2127,39,978002.0,25076.97435897436,634737.1679813507,23508.783999309286,12,15,0.3076923076923077,0.38461538461538464,34.61538461538462,Medium,Summers-York,Orthopedic,Nevada
2128,39,967349.2755126881,24803.827577248412,535017.8501769799,20577.609622191536,13,13,0.3333333333333333,0.3333333333333333,33.33333333333333,Medium,Blackburn-Osborne,Oncologist,Virginia
2129,51,1338725.6543004578,26249.52263334231,986303.3825872741,24056.180063104246,10,19,0.19607843137254902,0.37254901960784315,28.43137254901961,Medium,Logan and Sons,Cardiologist,Iowa
2130,43,1188017.0,27628.302325581397,688960.4953834373,25517.05538457175,16,14,0.37209302325581395,0.32558139534883723,34.883720930232556,Medium,Rivera LLC,Dermatologist,Nevada
2131,36,882496.0,24513.777777777777,695706.7899180329,23989.889307518377,7,16,0.19444444444444445,0.4444444444444444,31.944444444444443,Medium,Gallegos LLC,Cardiologist,Maine
2132,47,1133332.0,24113.44680851064,818485.8392740987,23385.309693545678,12,17,0.2553191489361702,0.3617021276595745,30.851063829787236,Medium,"Williamson, Dawson and Sandoval",Dermatologist,Arizona
2133,35,957788.0,27365.371428571427,617669.005809732,24706.76023238928,10,12,0.2857142857142857,0.34285714285714286,31.428571428571427,Medium,"Becker, Williams and Howard",Oncologist,Massachusetts
2134,32,698022.3387259825,21813.198085186952,514574.90297166,20582.996118866402,7,11,0.21875,0.34375,28.125,Medium,Ferguson LLC,General Practitioner,North Dakota
2135,41,1063721.0,25944.414634146342,759559.2145557132,24501.910146958493,10,15,0.24390243902439024,0.36585365853658536,30.48780487804878,Medium,Fowler Ltd,Oncologist,Arizona
2136,50,1083137.0,21662.74,686186.5704222447,20181.957953595433,16,14,0.32,0.28,30.0,Medium,"Arias, West and Thomas",Dermatologist,Massachusetts
2137,33,757685.0,22960.151515151516,555268.290092955,23136.178753873126,9,13,0.2727272727272727,0.3939393939393939,33.33333333333333,Medium,Davidson-Wagner,Orthopedic,Texas
2138,44,1194075.0,27138.06818181818,800003.8131748297,25000.11916171343,12,15,0.2727272727272727,0.3409090909090909,30.68181818181818,Medium,Freeman-Lopez,Cardiologist,South Dakota
2139,38,894916.8501340838,23550.443424581154,516164.1441993256,18434.433721404486,10,17,0.2631578947368421,0.4473684210526316,35.526315789473685,Medium,Moore-Dennis,Cardiologist,New Hampshire
2140,42,1080735.2496719186,25731.791658855203,760718.1449134886,23052.064997378446,9,16,0.21428571428571427,0.38095238095238093,29.76190476190476,Medium,"Pacheco, Taylor and Horton",Dermatologist,South Carolina
2141,47,1155671.0,24588.744680851065,724735.8006725138,21961.690929470114,14,19,0.2978723404255319,0.40425531914893614,35.1063829787234,Medium,Banks-Barnes,Cardiologist,New Jersey
2142,41,1075793.4565638406,26238.864794240017,714387.3266626791,23044.752472989647,10,19,0.24390243902439024,0.4634146341463415,35.36585365853659,Medium,Rodriguez Group,Dermatologist,Oregon
2143,51,1402372.0,27497.49019607843,1052813.3557355958,26320.333893389896,11,21,0.21568627450980393,0.4117647058823529,31.372549019607842,Medium,"Jones, Murillo and Johnston",Orthopedic,Oregon
2144,39,979406.0,25112.97435897436,600849.1549485031,20028.305164950103,9,11,0.23076923076923078,0.28205128205128205,25.641025641025642,Medium,Hernandez-Johnson,General Practitioner,Oregon
2145,34,815610.0,23988.529411764706,394576.2853107045,17935.285695941115,12,12,0.35294117647058826,0.35294117647058826,35.294117647058826,Medium,Gonzalez PLC,Oncologist,Oklahoma
2146,47,1188366.0,25284.382978723403,871973.3389235846,21267.642412770354,6,19,0.1276595744680851,0.40425531914893614,26.595744680851062,Medium,Gordon-Davis,Orthopedic,Minnesota
2147,38,1054956.0,27762.0,725373.6149250367,27898.985189424486,12,14,0.3157894736842105,0.3684210526315789,34.21052631578947,Medium,Carpenter-Kirk,Orthopedic,Mississippi
2148,37,977185.0,26410.405405405407,738032.5607753403,26358.30574197644,9,11,0.24324324324324326,0.2972972972972973,27.027027027027028,Medium,"Stephenson, Wilson and Greene",Cardiologist,Massachusetts
2149,48,1094501.0,22802.104166666668,875464.9458917532,21352.803558335443,7,22,0.14583333333333334,0.4583333333333333,30.208333333333332,Medium,Perry-Gomez,Cardiologist,New York
2150,45,1201224.6438750771,26693.880975001714,852633.7492837524,21862.403827788523,6,18,0.13333333333333333,0.4,26.666666666666668,Medium,Vaughan-Herrera,General Practitioner,West Virginia
2151,37,978689.0,26451.054054054053,690447.4584920956,23808.533051451574,8,17,0.21621621621621623,0.4594594594594595,33.78378378378379,Medium,Small PLC,Dermatologist,Maine
2152,44,1331386.0,30258.772727272728,877414.982340532,27419.218198141625,12,14,0.2727272727272727,0.3181818181818182,29.545454545454543,Medium,Clark and Sons,Dermatologist,Indiana
2153,46,1178591.966328281,25621.56448539741,880032.642308589,23158.75374496287,8,20,0.17391304347826086,0.43478260869565216,30.434782608695652,Medium,Martin-Vaughn,Orthopedic,West Virginia
2154,50,1475760.7556149212,29515.215112298425,934998.1828060969,25972.171744613803,14,17,0.28,0.34,31.0,Medium,Howell-Gutierrez,Orthopedic,Oregon
2155,24,730807.0,30450.291666666668,545188.8788272414,27259.443941362068,4,9,0.16666666666666666,0.375,27.083333333333332,Medium,Taylor PLC,Cardiologist,New Hampshire
2156,41,942484.0,22987.414634146342,586061.2659795874,19535.375532652914,11,11,0.2682926829268293,0.2682926829268293,26.82926829268293,Medium,Martin LLC,Dermatologist,Oregon
2157,37,1055054.1774128615,28514.977767915174,654350.1082607079,22563.796836576137,8,13,0.21621621621621623,0.35135135135135137,28.37837837837838,Medium,"King, Alexander and Mendez",General Practitioner,West Virginia
2158,48,1249682.0,26035.041666666668,842243.7613009217,22763.34490002491,11,17,0.22916666666666666,0.3541666666666667,29.166666666666668,Medium,Williams PLC,Orthopedic,Georgia
2159,39,1033352.0887659672,26496.20740425557,569275.9576176796,21895.229139141524,13,12,0.3333333333333333,0.3076923076923077,32.05128205128205,Medium,Craig-Owens,Cardiologist,Washington
2160,43,912568.0,21222.511627906977,558483.0207312864,18616.10069104288,13,16,0.3023255813953488,0.37209302325581395,33.72093023255814,Medium,Jefferson-Murray,Oncologist,Kentucky
2161,31,816664.2878021766,26344.009283941177,662649.2835324465,22849.97529422229,2,16,0.06451612903225806,0.5161290322580645,29.032258064516128,Medium,Davis Group,Oncologist,Missouri
2162,34,839423.0,24688.91176470588,556817.658778921,21416.06379918927,8,19,0.23529411764705882,0.5588235294117647,39.705882352941174,Medium,"Lee, Wilson and Robertson",Oncologist,Oregon
2163,53,1324376.0,24988.22641509434,1001380.21266445,22758.641196919318,9,27,0.16981132075471697,0.5094339622641509,33.9622641509434,Medium,Ryan-Villanueva,Oncologist,Washington
2164,30,753060.0,25102.0,448032.95621542225,20365.134373428285,8,11,0.26666666666666666,0.36666666666666664,31.666666666666664,Medium,"Roberson, Mullen and Williams",Orthopedic,Connecticut
2165,33,817315.0,24767.121212121212,569234.3153605994,21082.752420762943,6,10,0.18181818181818182,0.30303030303030304,24.242424242424242,Medium,"Cooper, Ali and Little",Dermatologist,Alabama
2166,33,834440.0,25286.060606060608,640621.4098449396,23726.71888314591,6,9,0.18181818181818182,0.2727272727272727,22.727272727272727,Medium,Ali-Henson,Dermatologist,Tennessee
2167,39,1098954.3469938315,28178.31658958542,594639.0002800217,22023.66667703784,12,15,0.3076923076923077,0.38461538461538464,34.61538461538462,Medium,Rodriguez and Sons,Dermatologist,Florida
2168,33,950862.4938742551,28814.01496588652,629373.6132327991,24206.677432030734,7,11,0.21212121212121213,0.3333333333333333,27.27272727272727,Medium,Lee Ltd,General Practitioner,West Virginia
2169,37,1007694.0,27234.972972972973,550161.8113522639,22006.472454090555,12,13,0.32432432432432434,0.35135135135135137,33.78378378378379,Medium,"Shepard, Brown and Morris",General Practitioner,Nevada
2170,38,875617.0,23042.552631578947,579320.3549746322,20690.012677665432,10,12,0.2631578947368421,0.3157894736842105,28.94736842105263,Medium,Coleman-Smith,Dermatologist,Delaware
2171,30,688887.2823753412,22962.909412511373,440958.7282835487,20043.578558343124,8,13,0.26666666666666666,0.43333333333333335,35.0,Medium,"Fernandez, Morris and Preston",Orthopedic,Kentucky
2172,43,1202200.5540550647,27958.152419885224,769200.0509151086,24812.90486822931,12,20,0.27906976744186046,0.46511627906976744,37.20930232558139,Medium,Cain-Harrison,Oncologist,Maryland
2173,42,1099870.47469591,26187.392254664523,644858.5611756378,23883.65041391251,15,13,0.35714285714285715,0.30952380952380953,33.333333333333336,Medium,"Webb, Campbell and Jenkins",Oncologist,Colorado
2174,41,1168193.0,28492.51219512195,655033.8816667533,24260.51413580568,14,18,0.34146341463414637,0.43902439024390244,39.024390243902445,Medium,"Armstrong, Peterson and Horn",Dermatologist,New York
2175,46,1274749.6110542512,27711.948066396766,824703.5833658795,22289.286036915662,9,21,0.1956521739130435,0.45652173913043476,32.608695652173914,Medium,"Kim, Avery and Wells",Cardiologist,Hawaii
2176,40,1187070.6053189521,29676.765132973804,742526.5181929998,23952.468328806444,9,11,0.225,0.275,25.0,Medium,Wilson and Sons,Orthopedic,Massachusetts
2177,40,1128049.0,28201.225,723941.3569173533,27843.898342975128,14,15,0.35,0.375,36.25,Medium,"Hendricks, Williams and Pierce",Cardiologist,Ohio
2178,32,1035131.0,32347.84375,562266.3067917812,24446.361164860053,9,6,0.28125,0.1875,23.4375,Medium,Page-Wright,Cardiologist,Florida
2179,43,1115125.0,25933.13953488372,908049.1838344125,24541.8698333625,6,18,0.13953488372093023,0.4186046511627907,27.906976744186046,Medium,Williams Group,Orthopedic,Vermont
2180,37,944431.0,25525.162162162163,638620.8323555207,22807.886869840026,9,19,0.24324324324324326,0.5135135135135135,37.83783783783784,Medium,Garcia Inc,Orthopedic,Utah
2181,35,1062364.4167375213,30353.269049643466,611044.4071928354,24441.776287713416,10,13,0.2857142857142857,0.37142857142857144,32.85714285714286,Medium,Warner-Parks,General Practitioner,Vermont
2182,33,754468.0,22862.666666666668,553651.8454356121,22146.073817424487,8,11,0.24242424242424243,0.3333333333333333,28.787878787878785,Medium,Barton Ltd,General Practitioner,Maine
2183,30,601614.0,20053.8,381675.8799931494,16594.603477963017,7,12,0.23333333333333334,0.4,31.666666666666664,Medium,"Gill, Barber and Lindsey",Oncologist,Missouri
2184,38,931562.0,24514.78947368421,532522.7565356732,20481.644482141277,12,14,0.3157894736842105,0.3684210526315789,34.21052631578947,Medium,Pearson PLC,General Practitioner,Mississippi
2185,31,751996.0,24257.935483870966,597316.9630813478,21332.748681476707,3,15,0.0967741935483871,0.4838709677419355,29.03225806451613,Medium,"Ortiz, Harris and Medina",Cardiologist,New Mexico
2186,38,980906.0,25813.315789473683,670099.4467649725,23106.877474654226,9,21,0.23684210526315788,0.5526315789473685,39.473684210526315,Medium,Oconnor and Sons,Orthopedic,Indiana
2187,34,946734.0,27845.117647058825,585973.6222583011,24415.56759409588,10,12,0.29411764705882354,0.35294117647058826,32.352941176470594,Medium,Schmidt-Fuller,Oncologist,New York
2188,34,733800.0,21582.352941176472,425719.62484971044,19350.892038623202,12,10,0.35294117647058826,0.29411764705882354,32.352941176470594,Medium,"Watson, Cohen and Martinez",General Practitioner,Maryland
2189,41,1288205.4936194154,31419.6461858394,541824.5085146531,20839.4041736405,15,12,0.36585365853658536,0.2926829268292683,32.92682926829268,Medium,Mercer-Stewart,Oncologist,Illinois
2190,27,783381.0,29014.11111111111,481037.3683733811,26724.298242965615,9,13,0.3333333333333333,0.48148148148148145,40.74074074074073,Medium,Wilson PLC,Dermatologist,Kansas
2191,40,943472.0,23586.8,651517.0276245718,22466.104400847304,11,16,0.275,0.4,33.75,Medium,Macdonald Ltd,General Practitioner,Rhode Island
2192,41,1088711.0,26553.926829268294,784300.3917058654,23067.658579584277,7,19,0.17073170731707318,0.4634146341463415,31.707317073170735,Medium,Howard LLC,Oncologist,Tennessee
2193,32,806552.0,25204.75,476899.97467139,20734.78150745174,9,12,0.28125,0.375,32.8125,Medium,Harvey-Morrison,Orthopedic,Alaska
2194,39,1119570.0,28706.923076923078,866399.3744031669,26254.526497065664,6,12,0.15384615384615385,0.3076923076923077,23.076923076923077,Medium,Santiago Inc,Cardiologist,Arizona
2195,42,925655.0,22039.404761904763,522691.1364555154,20907.645458220617,17,10,0.40476190476190477,0.23809523809523808,32.14285714285714,Medium,King Inc,Orthopedic,New Jersey
2196,37,987003.0,26675.756756756757,652292.782350366,23296.17079822736,9,13,0.24324324324324326,0.35135135135135137,29.729729729729733,Medium,Richards-Davis,Dermatologist,Connecticut
2197,42,899670.0,21420.714285714286,598595.2658738832,19309.524705609136,11,13,0.2619047619047619,0.30952380952380953,28.571428571428573,Medium,Rodriguez-Benjamin,General Practitioner,Indiana
2198,41,899200.0,21931.70731707317,660771.1368262855,19434.4452007731,7,23,0.17073170731707318,0.5609756097560976,36.58536585365854,Medium,"Reed, Payne and Gamble",Dermatologist,New Jersey
2199,47,1168202.0,24855.36170212766,793193.646513315,23329.224897450444,13,18,0.2765957446808511,0.3829787234042553,32.97872340425532,Medium,Gutierrez Inc,Cardiologist,Kentucky
2200,46,1163432.7150801693,25292.01554522107,780540.3015253842,21681.675042371782,10,21,0.21739130434782608,0.45652173913043476,33.69565217391305,Medium,"Tate, Henderson and Warner",General Practitioner,New Hampshire
2201,41,882416.0,21522.341463414636,719158.5087624158,19976.625243400442,5,19,0.12195121951219512,0.4634146341463415,29.26829268292683,Medium,"Adams, Mendez and Clark",General Practitioner,Colorado
2202,50,1358685.0,27173.7,966621.0742329152,23576.12376177842,9,23,0.18,0.46,32.0,Medium,Becker-Smith,Cardiologist,Illinois
2203,44,1116806.0,25381.954545454544,720011.9452861795,21176.821920181752,10,19,0.22727272727272727,0.4318181818181818,32.95454545454545,Medium,Blackwell Ltd,Dermatologist,South Carolina
2204,32,791114.0,24722.3125,547977.5939696737,23825.11278129016,9,13,0.28125,0.40625,34.375,Medium,Robinson PLC,Orthopedic,Washington
2205,35,895693.0,25591.22857142857,570922.9146874943,21958.573641826704,9,9,0.2571428571428571,0.2571428571428571,25.71428571428571,Medium,Ramirez Inc,Cardiologist,Mississippi
2206,41,977730.0,23847.073170731706,692771.0056371844,21649.09392616201,9,11,0.21951219512195122,0.2682926829268293,24.390243902439025,Medium,"Powell, Todd and Washington",Oncologist,Nebraska
2207,37,854815.0,23103.108108108107,600403.3618321866,21442.977208292377,9,12,0.24324324324324326,0.32432432432432434,28.37837837837838,Medium,Caldwell-Kennedy,Orthopedic,Alabama
2208,36,980238.078610309,27228.83551695303,716790.8048054462,24716.924303636075,7,19,0.19444444444444445,0.5277777777777778,36.111111111111114,Medium,Odonnell Ltd,General Practitioner,Texas
2209,37,987821.0,26697.864864864863,588550.3464578056,24522.931102408565,13,9,0.35135135135135137,0.24324324324324326,29.729729729729733,Medium,"Ware, Rose and Hudson",Cardiologist,Idaho
2210,44,1103882.0,25088.227272727272,631115.4648314989,21037.182161049965,14,14,0.3181818181818182,0.3181818181818182,31.818181818181817,Medium,"Rivers, Wood and Butler",Cardiologist,Connecticut
2211,41,1062053.5080451313,25903.74409866174,635193.8521640683,20490.12426335704,10,15,0.24390243902439024,0.36585365853658536,30.48780487804878,Medium,Lamb-Williams,Oncologist,North Carolina
2212,42,953582.0,22704.333333333332,708992.3115742184,21484.615502249042,9,16,0.21428571428571427,0.38095238095238093,29.76190476190476,Medium,Hall LLC,Dermatologist,Tennessee
2213,40,1184967.0,29624.175,820827.4691184004,26478.30545543227,9,16,0.225,0.4,31.25,Medium,Rivas LLC,Oncologist,Utah
2214,30,703290.0,23443.0,560223.2284935957,20749.008462725767,3,14,0.1,0.4666666666666667,28.333333333333332,Medium,Quinn-Lee,Oncologist,Texas
2215,31,747462.0,24111.677419354837,543734.8484898349,21749.393939593396,6,13,0.1935483870967742,0.41935483870967744,30.645161290322584,Medium,Evans PLC,Dermatologist,North Dakota
2216,38,965071.0,25396.605263157893,678944.0862989919,21901.42213867716,7,9,0.18421052631578946,0.23684210526315788,21.052631578947366,Medium,Singh PLC,General Practitioner,Louisiana
2217,41,871657.0,21259.926829268294,611272.379869747,17978.599407933736,7,20,0.17073170731707318,0.4878048780487805,32.926829268292686,Medium,Johnson and Sons,Cardiologist,Utah
2218,47,1237108.7988135617,26321.463804543866,819896.9296903752,23425.62656258215,12,18,0.2553191489361702,0.3829787234042553,31.914893617021278,Medium,Leblanc-Russell,Orthopedic,New York
2219,44,1032270.0,23460.68181818182,667980.7164449126,22266.023881497087,14,13,0.3181818181818182,0.29545454545454547,30.68181818181818,Medium,Pham-Taylor,General Practitioner,Kentucky
2220,49,1221738.0,24933.428571428572,822008.9816872597,21631.815307559467,11,18,0.22448979591836735,0.3673469387755102,29.591836734693878,Medium,Martinez and Sons,General Practitioner,Nevada
2221,41,1008367.0,24594.317073170732,618932.4401219278,23805.093850843376,15,12,0.36585365853658536,0.2926829268292683,32.92682926829268,Medium,"Manning, Weaver and Chambers",General Practitioner,Rhode Island
2222,39,999175.0,25619.871794871793,595969.1052832119,22921.88866473892,13,12,0.3333333333333333,0.3076923076923077,32.05128205128205,Medium,"Mcdonald, Brown and Wilson",Orthopedic,Alaska
2223,40,879990.0,21999.75,639128.9008016572,22038.92761385025,11,12,0.275,0.3,28.75,Medium,"Cochran, King and Wheeler",Cardiologist,Arkansas
2224,35,1170121.0,33432.02857142857,783705.7559710841,29026.139110040152,8,10,0.22857142857142856,0.2857142857142857,25.714285714285715,Medium,Pratt Ltd,General Practitioner,Oklahoma
2225,44,1210431.1540210182,27509.79895502314,648146.3430645771,21604.87810215257,14,13,0.3181818181818182,0.29545454545454547,30.68181818181818,Medium,Warner-Boone,Oncologist,Kansas
2226,53,1243606.8185394546,23464.27959508405,875917.3511488229,21363.83783289812,12,19,0.22641509433962265,0.3584905660377358,29.245283018867923,Medium,Bishop-Thompson,Orthopedic,Mississippi
2227,33,873986.4976103877,26484.4393215269,473836.8969328662,19743.204038869426,9,11,0.2727272727272727,0.3333333333333333,30.303030303030297,Medium,Benton Inc,Dermatologist,Alabama
2228,57,1380750.0,24223.684210526317,948723.859284646,23139.606324015756,16,22,0.2807017543859649,0.38596491228070173,33.33333333333333,Medium,Wright Ltd,Cardiologist,Nebraska
2229,48,1537853.287187393,32038.610149737357,1227107.269386882,26676.244986671347,2,24,0.041666666666666664,0.5,27.083333333333332,Medium,Reyes Group,Oncologist,Arkansas
2230,39,915283.0,23468.79487179487,519382.8422053909,22581.862704582214,16,9,0.41025641025641024,0.23076923076923078,32.05128205128205,Medium,"Moore, Taylor and Richardson",Orthopedic,Minnesota
2231,45,1167325.829882122,25940.573997380492,678995.2503949752,23413.629323964662,16,20,0.35555555555555557,0.4444444444444444,40.0,Medium,"Williams, Martin and Cruz",Orthopedic,Maryland
2232,28,761935.0223256939,27211.965083060495,405653.29049868125,20282.66452493406,8,14,0.2857142857142857,0.5,39.285714285714285,Medium,"Lee, Hampton and Harris",Dermatologist,South Dakota
2233,45,1228386.0,27297.466666666667,696978.8479218944,21780.5889975592,13,20,0.28888888888888886,0.4444444444444444,36.666666666666664,Medium,"Cortez, Lane and Blackwell",Orthopedic,South Dakota
2234,32,628941.1773232894,19654.411791352795,370404.1796461337,16836.553620278803,10,13,0.3125,0.40625,35.9375,Medium,"Wilson, Flores and Price",Cardiologist,Delaware
2235,37,971186.0,26248.27027027027,636863.763132341,23587.546782679296,10,6,0.2702702702702703,0.16216216216216217,21.62162162162162,Medium,Burns LLC,Oncologist,South Carolina
2236,50,1165825.0,23316.5,823176.7049720418,21107.094999283123,11,21,0.22,0.42,32.0,Medium,"Rubio, Irwin and Solis",Orthopedic,Maryland
2237,38,1030725.0,27124.342105263157,718864.0820890791,24788.416623761346,9,13,0.23684210526315788,0.34210526315789475,28.94736842105263,Medium,"Hopkins, Moore and Robbins",Dermatologist,New Hampshire
2238,36,956242.0,26562.277777777777,657905.1411438736,23496.61218370977,8,14,0.2222222222222222,0.3888888888888889,30.555555555555557,Medium,Collins-Liu,Cardiologist,Nevada
2239,29,821527.0,28328.51724137931,473207.0365212531,26289.279806736286,11,8,0.3793103448275862,0.27586206896551724,32.758620689655174,Medium,Porter-Bailey,Orthopedic,Ohio
2240,32,676874.0,21152.3125,428255.8272463053,17130.233089852212,7,17,0.21875,0.53125,37.5,Medium,Sanders-Barker,General Practitioner,Connecticut
2241,40,886425.0,22160.625,630936.321709904,20352.784571287226,9,13,0.225,0.325,27.5,Medium,Li-Carpenter,General Practitioner,South Carolina
2242,43,1319276.2200590447,30680.842326954527,871084.3281141461,25620.127297474886,9,18,0.20930232558139536,0.4186046511627907,31.395348837209305,Medium,Jones-Coleman,Dermatologist,Kansas
2243,56,1252856.0,22372.428571428572,822343.0812398919,20057.148322924193,15,21,0.26785714285714285,0.375,32.14285714285714,Medium,Pham-Gilbert,General Practitioner,Minnesota
2244,35,952470.8597485856,27213.453135673873,562453.3794692296,20087.620695329628,7,12,0.2,0.34285714285714286,27.142857142857142,Medium,Smith-Clements,General Practitioner,Alaska
2245,46,1186157.7947068994,25786.03901536738,781757.6442224295,22335.932692069415,11,16,0.2391304347826087,0.34782608695652173,29.347826086956523,Medium,Davidson and Sons,Cardiologist,Washington
2246,47,1091136.286504155,23215.665670301172,726983.4411439784,20770.955461256526,12,16,0.2553191489361702,0.3404255319148936,29.78723404255319,Medium,Strong Inc,Cardiologist,Alabama
2247,37,1027675.7676679885,27775.020747783474,719683.4642244014,22490.108257012544,5,17,0.13513513513513514,0.4594594594594595,29.729729729729733,Medium,Davis and Sons,Oncologist,South Dakota
2248,36,955848.0,26551.333333333332,680443.7211932832,25201.619303454932,9,13,0.25,0.3611111111111111,30.555555555555554,Medium,Cox PLC,Oncologist,Connecticut
2249,39,947726.0,24300.666666666668,711772.504168311,22242.89075525972,7,16,0.1794871794871795,0.41025641025641024,29.487179487179485,Medium,Hayes Ltd,Oncologist,Arizona
2250,26,651349.3961916548,25051.899853525185,358107.1122012251,18847.7427474329,7,8,0.2692307692307692,0.3076923076923077,28.846153846153847,Medium,"Velez, Berry and Drake",Cardiologist,Illinois
2251,38,888961.0,23393.71052631579,555365.8254052271,19150.545703628522,9,16,0.23684210526315788,0.42105263157894735,32.89473684210526,Medium,Flores-Gonzalez,Cardiologist,New Mexico
2252,45,976360.0,21696.88888888889,642376.2790915685,21412.542636385617,15,16,0.3333333333333333,0.35555555555555557,34.44444444444444,Medium,"Haynes, Waters and Lee",Cardiologist,Mississippi
2253,25,861383.0756831127,34455.323027324506,427604.02379909845,25153.177870535204,8,7,0.32,0.28,30.0,Medium,"Lane, Garcia and Mills",General Practitioner,Hawaii
2254,33,888463.0,26923.121212121212,575582.3084136307,23023.29233654523,8,14,0.24242424242424243,0.42424242424242425,33.33333333333333,Medium,"Mckay, Marsh and Frank",Oncologist,Washington
2255,49,1221939.0,24937.530612244896,841041.93644608,23362.27601239111,13,22,0.2653061224489796,0.4489795918367347,35.714285714285715,Medium,Koch-Rodriguez,General Practitioner,Mississippi
2256,36,863000.0,23972.222222222223,636023.786049162,22715.1352160415,8,15,0.2222222222222222,0.4166666666666667,31.944444444444446,Medium,Bauer-French,Oncologist,Idaho
2257,38,961636.0,25306.21052631579,728611.485873097,24287.04952910323,8,15,0.21052631578947367,0.39473684210526316,30.263157894736842,Medium,Macias LLC,Dermatologist,Alaska
2258,44,1145220.0,26027.727272727272,760057.0537225533,23032.031930986464,11,16,0.25,0.36363636363636365,30.681818181818183,Medium,"Vasquez, Garcia and Mueller",General Practitioner,Hawaii
2259,39,946265.0,24263.20512820513,634598.0154102533,21882.69018656046,10,13,0.2564102564102564,0.3333333333333333,29.487179487179482,Medium,Morris-Rodriguez,Oncologist,Mississippi
2260,28,783926.0,27997.35714285714,522281.2310006759,24870.534809555993,7,11,0.25,0.39285714285714285,32.14285714285714,Medium,"Moore, Stein and Crawford",Orthopedic,Missouri
2261,44,1081976.8946194293,24590.38396862339,725428.5374519136,20150.7927069976,8,24,0.18181818181818182,0.5454545454545454,36.36363636363636,Medium,Rasmussen Ltd,Dermatologist,North Dakota
2262,38,906624.4192411082,23858.537348450216,625710.2393192032,22346.794261400115,10,17,0.2631578947368421,0.4473684210526316,35.526315789473685,Medium,"Lucas, Richardson and Travis",General Practitioner,Pennsylvania
2263,40,993379.3653298093,24834.48413324523,648382.2526343386,19647.94704952541,7,22,0.175,0.55,36.25,Medium,Delgado-Patel,General Practitioner,Michigan
2264,48,1212938.0,25269.541666666668,818626.424211566,24806.861339744424,15,17,0.3125,0.3541666666666667,33.333333333333336,Medium,"Chambers, Ramirez and Good",Orthopedic,West Virginia
2265,39,1017393.0,26087.0,696664.8266271946,22473.05892345789,8,22,0.20512820512820512,0.5641025641025641,38.46153846153846,Medium,"Wilson, Gates and Hamilton",Cardiologist,Oklahoma
2266,37,933035.3663502366,25217.17206351991,490723.42910440115,22305.610413836417,15,9,0.40540540540540543,0.24324324324324326,32.432432432432435,Medium,"Barker, Ruiz and Mora",Orthopedic,Idaho
2267,38,884437.4170888035,23274.668870757985,610724.5261176779,21059.466417850963,9,18,0.23684210526315788,0.47368421052631576,35.526315789473685,Medium,Wong LLC,Cardiologist,Utah
2268,39,836134.6303394212,21439.349495882594,642367.2646328816,17843.535128691157,3,23,0.07692307692307693,0.5897435897435898,33.333333333333336,Medium,Reed-Patterson,General Practitioner,West Virginia
2269,40,1110848.2046208803,27771.205115522007,826774.7556797888,26670.153409025443,9,13,0.225,0.325,27.5,Medium,Perry-Walter,Cardiologist,Missouri
2270,42,1180094.9063553999,28097.497770366663,768156.2445607501,22592.830722375,8,19,0.19047619047619047,0.4523809523809524,32.142857142857146,Medium,Fisher-Brown,Orthopedic,Maine
2271,41,911568.700633826,22233.382942288437,575831.5561734141,19856.260557703936,12,18,0.2926829268292683,0.43902439024390244,36.58536585365854,Medium,"Hogan, Adams and Hughes",Oncologist,Arkansas
2272,35,1015846.0,29024.17142857143,557149.2932840155,23214.55388683398,11,14,0.3142857142857143,0.4,35.714285714285715,Medium,Clayton-Martin,Dermatologist,Mississippi
2273,45,1107269.0,24605.977777777778,803586.7719886922,22321.85477746367,9,18,0.2,0.4,30.0,Medium,Carr-Ochoa,General Practitioner,Indiana
2274,50,1260848.0,25216.96,892671.7050959589,22889.01807938356,11,22,0.22,0.44,33.0,Medium,Stone-Taylor,Dermatologist,Nebraska
2275,46,1069593.0,23252.021739130436,750159.575486441,20837.765985734473,10,17,0.21739130434782608,0.3695652173913043,29.34782608695652,Medium,"Rush, Simmons and Mcpherson",Orthopedic,Alabama
2276,42,935066.0,22263.47619047619,544903.0631658697,19460.823684495346,14,14,0.3333333333333333,0.3333333333333333,33.33333333333333,Medium,Newton-Cruz,Dermatologist,Ohio
2277,35,919298.1665764087,26265.661902183103,691434.851678025,24694.10184564375,7,17,0.2,0.4857142857142857,34.285714285714285,Medium,Douglas LLC,Oncologist,North Carolina
2278,42,1200826.3706294552,28591.104062606075,835525.3038331388,23209.03621758719,6,19,0.14285714285714285,0.4523809523809524,29.761904761904763,Medium,House and Sons,Oncologist,Ohio
2279,46,1286695.0,27971.630434782608,742603.5953237434,24753.453177458116,16,15,0.34782608695652173,0.32608695652173914,33.69565217391305,Medium,Young-Wilson,Oncologist,Texas
2280,56,1359434.9427679875,24275.623977999778,840016.9888564094,21000.424721410236,16,19,0.2857142857142857,0.3392857142857143,31.25,Medium,Watkins LLC,Orthopedic,Indiana
2281,60,1493798.2320272883,24896.637200454807,800450.322301703,19058.341007183404,18,29,0.3,0.48333333333333334,39.16666666666667,Medium,Henderson-Johnson,Oncologist,Oklahoma
2282,40,1052271.0,26306.775,625778.4284707778,25031.137138831113,15,8,0.375,0.2,28.75,Medium,Sanchez Inc,General Practitioner,Virginia
2283,39,920976.0,23614.76923076923,641677.3639354906,22917.048711981806,11,14,0.28205128205128205,0.358974358974359,32.05128205128205,Medium,Murray-Smith,Oncologist,Alaska
2284,46,1265682.0,27514.82608695652,900737.3520629668,24344.252758458562,9,18,0.1956521739130435,0.391304347826087,29.347826086956523,Medium,Curtis PLC,Orthopedic,Oregon
2285,30,778281.0,25942.7,573101.0529900092,23879.210541250384,6,14,0.2,0.4666666666666667,33.33333333333333,Medium,"Ramos, Moore and Johnson",Oncologist,Delaware
2286,40,1146633.7212679368,28665.84303169842,631631.5884697088,26317.982852904534,16,9,0.4,0.225,31.25,Medium,Conway Ltd,Dermatologist,Nebraska
2287,31,901707.0,29087.322580645163,649877.5206842426,27078.23002851011,7,13,0.22580645161290322,0.41935483870967744,32.25806451612903,Medium,Mcintyre-Chaney,Oncologist,Tennessee
2288,31,602819.0,19445.774193548386,410257.5044551393,17094.062685630804,7,11,0.22580645161290322,0.3548387096774194,29.032258064516128,Medium,"Espinoza, Jensen and Brandt",Orthopedic,Nevada
2289,43,1089439.0,25335.79069767442,538094.4721036148,19217.659717986244,15,17,0.3488372093023256,0.3953488372093023,37.20930232558139,Medium,"Davidson, Molina and Brown",Dermatologist,Wisconsin
2290,38,976454.808188454,25696.179162854052,558598.3156641186,23274.929819338275,14,13,0.3684210526315789,0.34210526315789475,35.526315789473685,Medium,Gibbs Ltd,Cardiologist,Ohio
2291,40,1017087.0,25427.175,737422.3390737803,22346.131487084254,7,13,0.175,0.325,25.0,Medium,Williams-Foley,General Practitioner,New Hampshire
2292,39,994123.0,25490.333333333332,726217.067968033,25936.323856001178,11,18,0.28205128205128205,0.46153846153846156,37.17948717948718,Medium,"Mcpherson, Dixon and Henson",Oncologist,Idaho
2293,39,1102555.9099502133,28270.664357697777,724228.5213255801,22632.141291424377,7,18,0.1794871794871795,0.46153846153846156,32.05128205128205,Medium,"Weaver, Bryant and Marquez",Orthopedic,Mississippi
2294,31,761021.0,24549.064516129034,571734.4211015614,22869.376844062455,6,8,0.1935483870967742,0.25806451612903225,22.58064516129032,Medium,Suarez-Nelson,General Practitioner,North Dakota
2295,47,992719.0,21121.68085106383,748515.4155341695,19697.77409300446,9,23,0.19148936170212766,0.48936170212765956,34.04255319148936,Medium,Pena Ltd,Dermatologist,Hawaii
2296,41,1088360.0,26545.365853658535,602071.7643361113,22298.954234670786,14,13,0.34146341463414637,0.3170731707317073,32.926829268292686,Medium,Nguyen Ltd,Orthopedic,Idaho
2297,44,1092204.0,24822.81818181818,701773.5107465887,21265.86396201784,11,13,0.25,0.29545454545454547,27.272727272727273,Medium,Johnson-Medina,Oncologist,Arkansas
2298,38,978788.1613367936,25757.583193073515,676252.1838426789,24151.863708667104,10,15,0.2631578947368421,0.39473684210526316,32.89473684210526,Medium,Nash-Burns,Oncologist,Missouri
2299,38,996120.0,26213.684210526317,573742.1672358726,21249.70989762491,11,13,0.2894736842105263,0.34210526315789475,31.578947368421055,Medium,Hernandez PLC,Cardiologist,Delaware
2300,49,1142671.0,23319.816326530614,723552.2277106933,19555.46561380252,12,19,0.24489795918367346,0.3877551020408163,31.632653061224488,Medium,Hill Group,General Practitioner,Pennsylvania
2301,49,1442896.5466421563,29446.868298819518,865454.8373897353,21636.370934743383,9,26,0.1836734693877551,0.5306122448979592,35.714285714285715,Medium,Hubbard LLC,Oncologist,Connecticut
2302,55,1361435.0,24753.363636363636,800945.6175201198,23557.224044709405,21,17,0.38181818181818183,0.3090909090909091,34.54545454545455,Medium,Hernandez Ltd,Dermatologist,Nevada
2303,51,1488320.0441643416,29182.7459640067,1054155.3444113533,24515.240567705892,8,17,0.1568627450980392,0.3333333333333333,24.509803921568626,Medium,"Baker, Morgan and Oneal",Dermatologist,Nevada
2304,45,1195863.0,26574.733333333334,802269.9570801312,22921.998773718034,10,15,0.2222222222222222,0.3333333333333333,27.777777777777775,Medium,"Mooney, Brown and Taylor",Dermatologist,Washington
2305,44,1123374.6443664099,25531.241917418407,678840.3095794246,22628.01031931415,14,12,0.3181818181818182,0.2727272727272727,29.545454545454543,Medium,Reyes LLC,Dermatologist,Rhode Island
2306,45,1052117.8960996896,23380.397691104215,597347.3621889268,20598.18490306644,16,17,0.35555555555555557,0.37777777777777777,36.66666666666667,Medium,Coleman LLC,General Practitioner,Virginia
2307,31,774240.1026334561,24975.48718172439,512192.3686506427,20487.694746025707,6,10,0.1935483870967742,0.3225806451612903,25.806451612903224,Medium,Ruiz Ltd,Cardiologist,Connecticut
2308,35,766263.0,21893.22857142857,566934.2224959161,20997.56379614504,8,14,0.22857142857142856,0.4,31.42857142857143,Medium,"Shaw, Hernandez and Parker",Cardiologist,Minnesota
2309,28,646981.0,23106.464285714286,355513.69748893555,18711.247236259765,9,7,0.32142857142857145,0.25,28.571428571428573,Medium,Davila-Burns,Orthopedic,Indiana
2310,36,900434.0,25012.055555555555,658942.4410860158,21964.748036200526,6,16,0.16666666666666666,0.4444444444444444,30.555555555555554,Medium,Morgan LLC,General Practitioner,Rhode Island
2311,44,1072491.0,24374.795454545456,771015.1404228328,20838.24703845494,7,23,0.1590909090909091,0.5227272727272727,34.09090909090909,Medium,"Graham, Howard and Mckenzie",Orthopedic,Louisiana
2312,36,946925.3392206042,26303.481645016782,561860.5728086645,18728.685760288816,6,16,0.16666666666666666,0.4444444444444444,30.555555555555554,Medium,Woods and Sons,Oncologist,Utah
2313,48,1131526.0,23573.458333333332,685817.2765098278,19594.779328852223,13,14,0.2708333333333333,0.2916666666666667,28.125,Medium,"Anderson, Ayers and Herring",Orthopedic,West Virginia
2314,46,1408504.0618665135,30619.653518837247,955270.9578914512,26535.304385873646,10,15,0.21739130434782608,0.32608695652173914,27.17391304347826,Medium,Davenport-Lee,Dermatologist,Utah
2315,38,1018032.0,26790.315789473683,799439.7921063285,24225.44824564632,5,19,0.13157894736842105,0.5,31.57894736842105,Medium,"Scott, Robinson and Daugherty",Cardiologist,Washington
2316,34,894748.0180361101,26316.11817753265,573638.1039311376,23901.5876637974,10,12,0.29411764705882354,0.35294117647058826,32.352941176470594,Medium,Todd and Sons,Cardiologist,North Carolina
2317,39,1247433.2720955086,31985.46851526945,687528.4789018082,23707.87858282097,10,15,0.2564102564102564,0.38461538461538464,32.05128205128205,Medium,Maxwell-Salinas,Cardiologist,Utah
2318,42,957449.0,22796.404761904763,744934.7413971043,20692.63170547512,6,21,0.14285714285714285,0.5,32.14285714285714,Medium,Barry Group,General Practitioner,Idaho
2319,28,830060.5549219274,29645.019818640263,505418.56935755955,22973.571334434524,6,12,0.21428571428571427,0.42857142857142855,32.14285714285714,Medium,Daniels PLC,Dermatologist,Oklahoma
2320,41,946016.0,23073.560975609755,530021.502059521,20385.442386904655,15,16,0.36585365853658536,0.3902439024390244,37.80487804878049,Medium,Gonzalez-Phillips,Orthopedic,Alaska
2321,39,991666.0,25427.333333333332,563528.4830422845,23480.353460095186,15,7,0.38461538461538464,0.1794871794871795,28.205128205128208,Medium,"Stone, Perkins and Brock",Oncologist,New Jersey
2322,42,1173020.0,27929.04761904762,919909.1181764522,26283.117662184348,7,18,0.16666666666666666,0.42857142857142855,29.76190476190476,Medium,Bennett and Sons,General Practitioner,New Mexico
2323,42,1050227.0,25005.404761904763,727606.1266585169,22737.691458078654,10,14,0.23809523809523808,0.3333333333333333,28.57142857142857,Medium,Quinn Ltd,Oncologist,Virginia
2324,52,1333141.52379202,25637.336996000384,803133.2435260087,20078.33108815022,12,18,0.23076923076923078,0.34615384615384615,28.846153846153847,Medium,Williams-Beard,General Practitioner,Ohio
2325,38,959067.0,25238.605263157893,603037.2788003192,22334.71402964145,11,11,0.2894736842105263,0.2894736842105263,28.947368421052634,Medium,"Hernandez, Davidson and Martinez",Dermatologist,Washington
2326,46,1046949.0,22759.760869565216,770372.430993095,21399.23419425264,10,20,0.21739130434782608,0.43478260869565216,32.608695652173914,Medium,Villanueva and Sons,General Practitioner,Nebraska
2327,43,1094997.0,25465.04651162791,609772.8505860866,22584.17965133654,16,11,0.37209302325581395,0.2558139534883721,31.395348837209305,Medium,"Long, Dawson and Moore",Oncologist,Hawaii
2328,38,1016595.0,26752.5,595298.8064019507,22896.107938536563,12,12,0.3157894736842105,0.3157894736842105,31.57894736842105,Medium,Miller and Sons,General Practitioner,South Dakota
2329,43,1153833.0,26833.325581395347,816934.7410863756,24027.492384893398,9,18,0.20930232558139536,0.4186046511627907,31.395348837209305,Medium,"Armstrong, Flores and Saunders",Dermatologist,Nebraska
2330,45,1309203.3944429196,29093.408765398213,786039.5671624155,24563.736473825484,13,18,0.28888888888888886,0.4,34.44444444444444,Medium,Snyder-Frank,Cardiologist,Nevada
2331,31,804710.1443671527,25958.39175377912,497496.8282561501,20729.034510672922,7,14,0.22580645161290322,0.45161290322580644,33.87096774193548,Medium,"Davis, Bowen and Blackburn",General Practitioner,Louisiana
2332,47,1096692.0,23333.872340425532,739005.5870838223,20527.932974550622,11,22,0.23404255319148937,0.46808510638297873,35.1063829787234,Medium,Hunt PLC,Oncologist,New York
2333,36,829125.0,23031.25,599876.8267514172,21424.17238397919,8,12,0.2222222222222222,0.3333333333333333,27.777777777777775,Medium,"Campbell, Cook and Haynes",Oncologist,Louisiana
2334,56,1625572.1451064772,29028.074019758522,1051024.438632218,24442.428805400417,13,23,0.23214285714285715,0.4107142857142857,32.14285714285714,Medium,"Sanders, Brown and Terry",General Practitioner,North Carolina
2335,55,1488302.0,27060.036363636365,993828.640020087,24845.716000502176,15,22,0.2727272727272727,0.4,33.63636363636363,Medium,"Hopkins, Lopez and Lewis",Dermatologist,Alaska
2336,42,986758.0,23494.238095238095,703311.0952378949,22687.454685093384,11,14,0.2619047619047619,0.3333333333333333,29.76190476190476,Medium,Adams Group,Orthopedic,Vermont
2337,38,921120.0,24240.0,774918.3887686344,22791.717316724542,4,17,0.10526315789473684,0.4473684210526316,27.63157894736842,Medium,Hale-Moran,Cardiologist,Oklahoma
2338,35,1017852.4908587044,29081.499738820126,535707.440650704,23291.627854378432,12,9,0.34285714285714286,0.2571428571428571,30.0,Medium,Santiago PLC,Dermatologist,New Hampshire
2339,31,714337.0,23043.129032258064,437718.0244998027,20843.715452371554,10,10,0.3225806451612903,0.3225806451612903,32.25806451612903,Medium,Hawkins LLC,Orthopedic,Colorado
2340,42,980794.0,23352.238095238095,720809.1205695348,20594.54630198671,7,17,0.16666666666666666,0.40476190476190477,28.57142857142857,Medium,Russell-Oconnor,Oncologist,Oklahoma
2341,53,1611502.5445160929,30405.708387096092,1078243.4147928536,24505.532154383036,9,18,0.16981132075471697,0.33962264150943394,25.471698113207548,Medium,"Lowery, Garrett and Davis",General Practitioner,Kentucky
2342,44,1134003.0,25772.795454545456,668319.5299618425,20884.985311307577,12,13,0.2727272727272727,0.29545454545454547,28.409090909090907,Medium,"Griffin, Smith and Gibson",Oncologist,New York
2343,36,993540.0,27598.333333333332,678700.1394604469,27148.005578417877,11,10,0.3055555555555556,0.2777777777777778,29.166666666666668,Medium,Hunt-Hamilton,General Practitioner,Nevada
2344,47,1031834.0,21953.91489361702,764446.6237375293,21841.33210678655,12,16,0.2553191489361702,0.3404255319148936,29.78723404255319,Medium,Hill-Gomez,Cardiologist,Wyoming
2345,44,1109436.0,25214.454545454544,763860.7935825979,24640.670760728965,13,13,0.29545454545454547,0.29545454545454547,29.545454545454547,Medium,"Moore, Roberts and Hines",General Practitioner,Missouri
2346,39,1238221.0,31749.25641025641,760372.9433855284,29245.113207135706,13,18,0.3333333333333333,0.46153846153846156,39.74358974358974,Medium,"Brown, Reynolds and Gates",Oncologist,Nevada
2347,41,1072745.0,26164.51219512195,759128.3339709892,24488.010773257716,10,19,0.24390243902439024,0.4634146341463415,35.36585365853659,Medium,"Ramirez, Rosales and Harding",Orthopedic,Oregon
2348,40,1357651.7162277906,33941.29290569476,726826.2200807059,27954.85461848869,14,16,0.35,0.4,37.5,Medium,Gonzales Inc,Orthopedic,Washington
2349,40,960325.0,24008.125,619432.4550628501,22122.587680816076,12,14,0.3,0.35,32.5,Medium,"Rich, Black and White",Orthopedic,Hawaii
2350,47,1227991.0,26127.468085106382,824189.2841853373,24240.861299568744,13,16,0.2765957446808511,0.3404255319148936,30.851063829787236,Medium,"Hansen, Mahoney and Allen",General Practitioner,New Mexico
2351,41,1049041.0,25586.365853658535,832814.3890989509,24494.540855851497,7,11,0.17073170731707318,0.2682926829268293,21.951219512195124,Medium,"West, Stewart and Wagner",Dermatologist,Tennessee
2352,30,774760.0,25825.333333333332,552003.0921470494,22080.123685881976,5,11,0.16666666666666666,0.36666666666666664,26.666666666666664,Medium,Davis-Collins,Oncologist,Rhode Island
2353,43,1043025.0,24256.39534883721,783891.6672578105,23055.637272288543,9,17,0.20930232558139536,0.3953488372093023,30.232558139534884,Medium,Wood-Randall,Oncologist,Washington
2354,48,1255878.351274674,26164.132318222375,853238.5366571292,22453.6457015034,10,21,0.20833333333333334,0.4375,32.29166666666667,Medium,"Collins, Harris and Higgins",Dermatologist,Alabama
2355,36,829883.3110669621,23052.314196304502,550825.8533409499,22951.077222539578,12,12,0.3333333333333333,0.3333333333333333,33.33333333333333,Medium,Wolfe-Hoffman,Orthopedic,Pennsylvania
2356,45,1093482.1938462262,24299.604307693917,535623.2875609394,17854.109585364648,15,18,0.3333333333333333,0.4,36.666666666666664,Medium,Barrett and Sons,Orthopedic,Missouri
2357,40,990265.0,24756.625,541224.6640033892,20045.357926051453,13,9,0.325,0.225,27.5,Medium,Bright Ltd,Oncologist,Iowa
2358,36,800566.0,22237.944444444445,581470.776410056,21535.954681853927,9,16,0.25,0.4444444444444444,34.72222222222222,Medium,Matthews PLC,General Practitioner,Oklahoma
2359,37,1000292.0,27034.91891891892,736415.1185595752,24547.170618652504,7,13,0.1891891891891892,0.35135135135135137,27.027027027027028,Medium,"Kramer, Davenport and Shelton",General Practitioner,California
2360,33,813870.0,24662.727272727272,553879.1568637204,20514.04284680446,6,15,0.18181818181818182,0.45454545454545453,31.81818181818182,Medium,Arellano-Thompson,Cardiologist,West Virginia
2361,31,672310.7659743999,21687.44406369032,516918.05908803584,21538.252462001492,7,11,0.22580645161290322,0.3548387096774194,29.032258064516128,Medium,Gibbs PLC,Orthopedic,New York
2362,42,1184736.0727500534,28208.001732144126,668074.4052255545,26722.976209022177,17,12,0.40476190476190477,0.2857142857142857,34.52380952380952,Medium,Gill-Watson,Oncologist,Idaho
2363,51,1211741.0,23759.62745098039,821173.0532550788,20529.32633137697,11,24,0.21568627450980393,0.47058823529411764,34.31372549019608,Medium,"Young, Hall and Lee",General Practitioner,Colorado
2364,43,1295129.0,30119.279069767443,721627.7775640475,24883.716467725775,14,14,0.32558139534883723,0.32558139534883723,32.55813953488372,Medium,"Jones, Brewer and Lawson",Cardiologist,Rhode Island
2365,47,1291394.3421066217,27476.475363970676,599428.7197633592,19980.957325445306,17,10,0.3617021276595745,0.2127659574468085,28.723404255319153,Medium,Bauer PLC,Dermatologist,Nevada
2366,38,934814.0,24600.36842105263,589800.3836245937,21844.45865276273,11,9,0.2894736842105263,0.23684210526315788,26.315789473684212,Medium,Thompson-Brewer,General Practitioner,Maine
2367,32,939415.3136591046,29356.72855184702,607325.8497800176,24293.033991200704,7,7,0.21875,0.21875,21.875,Medium,"Lawrence, Weiss and Kelly",General Practitioner,Pennsylvania
2368,44,1064940.0,24203.18181818182,618279.1575425228,19944.488952984604,13,23,0.29545454545454547,0.5227272727272727,40.90909090909091,Medium,Jones-Cunningham,Oncologist,Illinois
2369,35,747859.0,21367.4,477176.3867750563,20746.79942500245,12,7,0.34285714285714286,0.2,27.142857142857142,Medium,"Butler, Nelson and Barker",Orthopedic,Texas
2370,40,916406.0,22910.15,638736.920489965,21291.230682998834,10,18,0.25,0.45,35.0,Medium,"Harris, Davis and Shepard",Oncologist,North Dakota
2371,41,1211441.1708533352,29547.34563056915,743616.1407671439,23238.004398973248,9,14,0.21951219512195122,0.34146341463414637,28.04878048780488,Medium,Garcia PLC,Dermatologist,Hawaii
2372,35,948069.0,27087.685714285715,601290.7444608845,24051.62977843538,10,12,0.2857142857142857,0.34285714285714286,31.428571428571427,Medium,"Shelton, King and Flowers",Orthopedic,Mississippi
2373,38,989144.4404670785,26030.1168543968,608296.3519330673,20975.736273554045,9,12,0.23684210526315788,0.3157894736842105,27.631578947368418,Medium,Anderson Group,Oncologist,Connecticut
2374,28,830670.3990702322,29666.799966794006,621341.2061514226,27014.83505006185,5,10,0.17857142857142858,0.35714285714285715,26.785714285714285,Medium,Cunningham Inc,General Practitioner,North Carolina
2375,44,1026211.0,23322.977272727272,800249.6023070782,22864.274351630807,9,20,0.20454545454545456,0.45454545454545453,32.95454545454545,Medium,Ochoa Inc,Oncologist,Indiana
2376,39,837353.0,21470.589743589742,576572.9330706112,19219.097769020373,9,23,0.23076923076923078,0.5897435897435898,41.02564102564103,Medium,Barber and Sons,Orthopedic,Kentucky
2377,38,920506.0,24223.842105263157,637780.532043447,21992.43213942921,9,21,0.23684210526315788,0.5526315789473685,39.473684210526315,Medium,Drake-Shepard,Cardiologist,California
2378,50,1286451.0,25729.02,859119.4503914645,23864.429177540682,14,21,0.28,0.42,35.0,Medium,Miller LLC,Cardiologist,Alabama
2379,39,1057081.0,27104.641025641027,788065.7043019838,26268.85681006613,9,13,0.23076923076923078,0.3333333333333333,28.205128205128204,Medium,Mitchell-Jones,Dermatologist,West Virginia
2380,31,639794.0,20638.516129032258,396532.3633334881,18024.19833334037,9,9,0.2903225806451613,0.2903225806451613,29.03225806451613,Medium,Melton-Stewart,Oncologist,North Carolina
2381,43,1104816.0020756128,25693.395397107273,723418.4148764459,22606.825464888934,11,20,0.2558139534883721,0.46511627906976744,36.04651162790698,Medium,Daniels-Lee,General Practitioner,South Carolina
2382,50,1184169.0,23683.38,805924.2083856505,21781.73536177434,13,17,0.26,0.34,30.0,Medium,Mckay Ltd,Dermatologist,Indiana
2383,34,1014189.0,29829.08823529412,753748.608862442,28990.33111009392,8,12,0.23529411764705882,0.35294117647058826,29.411764705882355,Medium,"Moses, Young and Martin",Dermatologist,California
2384,41,1073457.0,26181.878048780487,766292.9353757873,24719.126947606044,10,15,0.24390243902439024,0.36585365853658536,30.48780487804878,Medium,"Wise, Turner and Gardner",Dermatologist,Michigan
2385,41,956549.0,23330.463414634145,721070.81438353,21207.965128927353,7,13,0.17073170731707318,0.3170731707317073,24.390243902439025,Medium,"King, King and Gould",Orthopedic,Indiana
2386,34,866574.0,25487.470588235294,562186.8586443369,20821.735505345812,7,14,0.20588235294117646,0.4117647058823529,30.882352941176467,Medium,Page LLC,Cardiologist,Texas
2387,47,1229396.0,26157.36170212766,864526.5338830131,24014.62594119481,11,20,0.23404255319148937,0.425531914893617,32.97872340425532,Medium,"Brown, Mason and Reynolds",Orthopedic,Massachusetts
2388,39,1122156.0,28773.23076923077,746299.6206224542,27640.726689720526,12,14,0.3076923076923077,0.358974358974359,33.333333333333336,Medium,Brown PLC,Cardiologist,Wyoming
2389,41,1168407.0,28497.731707317074,836676.7153979936,26146.1473561873,9,16,0.21951219512195122,0.3902439024390244,30.48780487804878,Medium,Ford PLC,Oncologist,Maine
2390,38,921320.0,24245.263157894737,680152.1498334403,21254.75468229501,6,15,0.15789473684210525,0.39473684210526316,27.63157894736842,Medium,Morgan PLC,Orthopedic,North Carolina
2391,46,1179672.0,25645.043478260868,763161.9364588624,23126.119286632194,13,16,0.2826086956521739,0.34782608695652173,31.52173913043478,Medium,Marshall-Garrison,General Practitioner,North Dakota
2392,38,990084.0,26054.842105263157,787157.2152397603,23853.248946659405,5,14,0.13157894736842105,0.3684210526315789,24.999999999999996,Medium,Long Group,Oncologist,Vermont
2393,30,825730.0,27524.333333333332,544044.650935461,25906.88813978386,9,12,0.3,0.4,35.0,Medium,Ellis Group,Orthopedic,Hawaii
2394,41,963344.8197226314,23496.215115186133,493098.68207834265,19723.947283133704,16,16,0.3902439024390244,0.3902439024390244,39.02439024390244,Medium,"Graham, Reeves and Parker",General Practitioner,New York
2395,40,969442.0,24236.05,637371.4310194966,21245.714367316556,10,16,0.25,0.4,32.5,Medium,"Scott, Mckay and Diaz",Oncologist,Vermont
2396,40,1094266.0,27356.65,677704.4112028779,24203.728971531353,12,16,0.3,0.4,35.0,Medium,"Logan, Mayer and Anderson",Oncologist,South Carolina
2397,36,1033771.4727387889,28715.874242744136,729939.2483470098,27034.786975815176,9,11,0.25,0.3055555555555556,27.77777777777778,Medium,Becker LLC,General Practitioner,Minnesota
2398,45,1223043.0,27178.733333333334,898373.168894762,24954.810247076723,9,19,0.2,0.4222222222222222,31.11111111111111,Medium,Mclaughlin-Brown,General Practitioner,Kansas
2399,33,629288.0,19069.333333333332,480616.88038222294,17800.62519934159,6,10,0.18181818181818182,0.30303030303030304,24.242424242424242,Medium,Leblanc-Martin,Dermatologist,Hawaii
2400,50,1198688.0,23973.76,643410.0140096993,18923.823941461746,16,15,0.32,0.3,31.0,Medium,Thornton LLC,Orthopedic,Iowa
2401,37,1081985.0,29242.837837837837,752936.3033978044,25963.32080682084,8,15,0.21621621621621623,0.40540540540540543,31.08108108108108,Medium,Williams Group,Cardiologist,Delaware
2402,50,1226840.0,24536.8,844241.6251435884,21647.221157527907,11,23,0.22,0.46,34.0,Medium,Reed-Banks,General Practitioner,Utah
2403,36,893550.0,24820.833333333332,541778.3116260049,24626.28689209113,14,12,0.3888888888888889,0.3333333333333333,36.111111111111114,Medium,"Williams, Miranda and Freeman",Cardiologist,New York
2404,34,834775.0,24552.20588235294,573025.6142020486,22039.44670007879,8,16,0.23529411764705882,0.47058823529411764,35.29411764705882,Medium,Hall and Sons,Dermatologist,Montana
2405,37,925351.285552861,25009.49420413138,636154.769196591,21205.1589732197,7,16,0.1891891891891892,0.43243243243243246,31.08108108108108,Medium,Paul Ltd,Cardiologist,Illinois
2406,29,685868.1326367743,23650.625263337046,486459.6214768389,20269.150894868286,5,12,0.1724137931034483,0.41379310344827586,29.310344827586206,Medium,"Thornton, Hardin and Levine",General Practitioner,Colorado
2407,29,844818.4610243146,29131.671069803953,443328.06110076874,24629.336727820486,11,9,0.3793103448275862,0.3103448275862069,34.48275862068965,Medium,Martinez Ltd,Orthopedic,West Virginia
2408,43,1242320.3253924085,28891.17035796299,803695.077531617,23638.090515635795,9,16,0.20930232558139536,0.37209302325581395,29.069767441860467,Medium,Moore PLC,Cardiologist,Nebraska
2409,35,1100621.5303993928,31446.329439982652,585365.5083401399,23414.620333605595,10,12,0.2857142857142857,0.34285714285714286,31.428571428571427,Medium,"Barr, Wong and Nelson",Oncologist,North Dakota
2410,47,1211752.0,25781.957446808512,800922.2331939178,24270.370702845994,14,21,0.2978723404255319,0.44680851063829785,37.234042553191486,Medium,Harper LLC,Cardiologist,Nebraska
2411,26,927405.5195886254,35669.443061100974,569240.1572218988,27106.67415342375,5,13,0.19230769230769232,0.5,34.61538461538461,Medium,Johnson-Rangel,Dermatologist,Oklahoma
2412,36,830199.0,23061.083333333332,685205.0808274692,22103.389704111913,5,17,0.1388888888888889,0.4722222222222222,30.555555555555557,Medium,Salazar PLC,Dermatologist,North Dakota
2413,43,1156973.0,26906.3488372093,770671.0165070493,23353.66716688028,10,18,0.23255813953488372,0.4186046511627907,32.55813953488372,Medium,Williams-Johnson,General Practitioner,Virginia
2414,42,1182880.0,28163.809523809523,892526.9573740445,24122.3501992985,5,14,0.11904761904761904,0.3333333333333333,22.619047619047617,Medium,"Gallegos, Farmer and Watts",Orthopedic,Florida
2415,42,904927.0,21545.880952380954,741685.2784541167,19518.033643529387,4,15,0.09523809523809523,0.35714285714285715,22.61904761904762,Medium,Little-Shaffer,Cardiologist,Maine
2416,32,775857.0853493831,24245.53391716822,467573.84827705985,20329.297751176517,9,11,0.28125,0.34375,31.25,Medium,"Mcdowell, Wright and Snow",General Practitioner,Colorado
2417,38,1056684.0,27807.473684210527,771477.3451460464,25715.91150486821,8,12,0.21052631578947367,0.3157894736842105,26.31578947368421,Medium,Strong-Garner,Orthopedic,Utah
2418,37,1069794.0,28913.35135135135,631722.1937794572,26321.75807414405,13,12,0.35135135135135137,0.32432432432432434,33.78378378378379,Medium,Sanchez Ltd,Dermatologist,North Dakota
2419,49,1264407.0,25804.224489795917,847222.7145722919,24918.315134479173,15,15,0.30612244897959184,0.30612244897959184,30.612244897959183,Medium,Roach-Peterson,Cardiologist,Kansas
2420,40,1051649.0,26291.225,878203.4267808647,23735.227750834183,3,19,0.075,0.475,27.5,Medium,Levine-Lewis,General Practitioner,Iowa
2421,43,1242951.0,28905.837209302324,909359.3254701662,25981.69501343332,8,21,0.18604651162790697,0.4883720930232558,33.72093023255814,Medium,"Howell, Knox and Torres",Cardiologist,Iowa
2422,43,1135481.0,26406.53488372093,852796.820584744,23688.800571798445,7,21,0.16279069767441862,0.4883720930232558,32.55813953488372,Medium,Silva-Mills,Cardiologist,Maryland
2423,30,985681.2123549513,32856.04041183171,463462.15821515577,24392.745169218724,11,7,0.36666666666666664,0.23333333333333334,30.0,Medium,Hester and Sons,Oncologist,Texas
2424,32,897224.0,28038.25,648288.2982370348,24934.16531680903,6,12,0.1875,0.375,28.125,Medium,Lara-Collins,Dermatologist,Indiana
2425,43,1069939.0,24882.302325581397,736083.1231418445,21030.94637548127,8,18,0.18604651162790697,0.4186046511627907,30.232558139534888,Medium,Smith-Jones,Orthopedic,Oregon
2426,41,971483.0,23694.70731707317,574007.1901400815,22077.199620772364,15,16,0.36585365853658536,0.3902439024390244,37.80487804878049,Medium,"Gates, Lewis and Richardson",Dermatologist,New York
2427,47,1237286.9184602313,26325.25358426024,737216.7703540403,18430.41925885101,7,24,0.14893617021276595,0.5106382978723404,32.97872340425532,Medium,"Wyatt, Colon and Wang",General Practitioner,Idaho
2428,54,1295857.087198676,23997.35346664215,814284.3036043606,20357.107590109015,14,19,0.25925925925925924,0.35185185185185186,30.555555555555554,Medium,Frye-Smith,Dermatologist,Wyoming
2429,38,1082880.355984029,28496.85147326392,588749.0852979637,24531.211887415153,14,14,0.3684210526315789,0.3684210526315789,36.84210526315789,Medium,"Good, Mcgee and Hale",General Practitioner,Florida
2430,31,894967.0594244378,28869.9051427238,515468.1099098024,22411.656952600104,8,12,0.25806451612903225,0.3870967741935484,32.25806451612903,Medium,Young and Sons,Dermatologist,Connecticut
2431,34,871636.0,25636.352941176472,444706.38769252837,20213.926713296743,12,10,0.35294117647058826,0.29411764705882354,32.352941176470594,Medium,Davis Group,General Practitioner,Wisconsin
2432,40,1041581.0,26039.525,580711.9147270684,24196.329780294516,16,14,0.4,0.35,37.5,Medium,"Nguyen, Barrett and Lewis",General Practitioner,Alaska
2433,25,703592.0,28143.68,370103.0088066762,21770.765223922128,8,7,0.32,0.28,30.0,Medium,Hall PLC,Cardiologist,Wisconsin
2434,34,805544.0,23692.470588235294,599635.381300021,22208.717825926702,7,14,0.20588235294117646,0.4117647058823529,30.882352941176467,Medium,"Gonzales, Clark and Villa",Oncologist,Arkansas
2435,33,990725.0,30021.969696969696,626448.5398496125,27236.893036939673,10,12,0.30303030303030304,0.36363636363636365,33.333333333333336,Medium,Miller and Sons,Oncologist,Michigan
2436,42,1101245.0,26220.119047619046,753554.8413281804,25118.494710939347,12,15,0.2857142857142857,0.35714285714285715,32.14285714285714,Medium,Soto Ltd,Cardiologist,Tennessee
2437,47,1372141.0,29194.489361702126,961220.5657543058,27463.444735837307,12,19,0.2553191489361702,0.40425531914893614,32.97872340425532,Medium,Bell-Owen,Oncologist,Massachusetts
2438,46,1090674.0,23710.304347826088,643261.3950035459,20101.91859386081,14,23,0.30434782608695654,0.5,40.21739130434783,Medium,"Barnett, Bauer and Robinson",Orthopedic,Oklahoma
2439,52,1336318.1743869798,25698.42643051884,896282.1111168581,20843.770025973445,9,17,0.17307692307692307,0.3269230769230769,25.0,Medium,Scott LLC,Cardiologist,Kansas
2440,35,893307.0,25523.057142857142,619084.1190245944,22929.04144535535,8,14,0.22857142857142856,0.4,31.42857142857143,Medium,Miller-Smith,Oncologist,Nebraska
2441,44,1041160.0,23662.727272727272,739648.6806549507,21754.372960439727,10,17,0.22727272727272727,0.38636363636363635,30.68181818181818,Medium,"Rangel, Martinez and Stevenson",Cardiologist,Massachusetts
2442,47,1184687.0,25206.106382978724,685967.9011346762,22127.996810796005,16,18,0.3404255319148936,0.3829787234042553,36.170212765957444,Medium,Burton Ltd,Cardiologist,Georgia
2443,45,1271993.3197943298,28266.518217651774,574046.1463022821,19794.694700078693,16,13,0.35555555555555557,0.28888888888888886,32.22222222222222,Medium,"Simmons, Young and Foster",Cardiologist,Iowa
2444,29,767402.0291440634,26462.138936002186,507770.82251065527,22076.99228307197,6,7,0.20689655172413793,0.2413793103448276,22.413793103448278,Medium,Finley-Walker,Oncologist,Ohio
2445,37,882068.0,23839.675675675677,682565.8662128136,22752.19554042712,7,12,0.1891891891891892,0.32432432432432434,25.675675675675677,Medium,Wells LLC,Oncologist,Florida
2446,48,1277621.1466252906,26617.10722136022,728647.1229329718,23504.745901063605,17,11,0.3541666666666667,0.22916666666666666,29.166666666666668,Medium,Jones PLC,Orthopedic,Ohio
2447,30,930806.9877476229,31026.89959158743,416654.9525458238,24509.114855636697,13,9,0.43333333333333335,0.3,36.66666666666667,Medium,Anderson Inc,Cardiologist,Arkansas
2448,29,786821.0092346215,27131.75893912488,454397.88092741254,20654.449133064205,7,8,0.2413793103448276,0.27586206896551724,25.86206896551724,Medium,Hernandez Group,Oncologist,West Virginia
2449,44,1033895.0,23497.613636363636,703440.6907021557,21316.38456673199,11,21,0.25,0.4772727272727273,36.36363636363636,Medium,Matthews Inc,Orthopedic,Virginia
2450,33,864251.1931859609,26189.430096544267,611191.638201809,20373.054606726968,3,16,0.09090909090909091,0.48484848484848486,28.78787878787879,Medium,Jennings PLC,Dermatologist,South Carolina
2451,47,1109121.0,23598.31914893617,815658.0299305173,21464.68499817151,9,21,0.19148936170212766,0.44680851063829785,31.914893617021278,Medium,Owen-Allen,Orthopedic,Vermont
2452,42,1229072.5878054826,29263.63304298768,705832.6498590717,21388.86817754763,9,18,0.21428571428571427,0.42857142857142855,32.14285714285714,Medium,Anderson and Sons,Oncologist,Colorado
2453,37,1081513.4093025597,29230.092143312424,518858.27705224004,19956.08757893231,11,16,0.2972972972972973,0.43243243243243246,36.486486486486484,Medium,Crawford Ltd,Dermatologist,Nebraska
2454,32,714883.4727537482,22340.10852355463,415088.70062576805,15964.950024068003,6,12,0.1875,0.375,28.125,Medium,Avila-Baldwin,General Practitioner,Michigan
2455,30,849301.1117403739,28310.03705801246,616106.0187535698,28004.819034253174,8,9,0.26666666666666666,0.3,28.333333333333336,Medium,Davis-Lewis,Oncologist,Florida
2456,45,1171900.0,26042.222222222223,794094.4785920723,23355.71995859036,11,23,0.24444444444444444,0.5111111111111111,37.77777777777777,Medium,"Perez, Wilson and Perez",Orthopedic,Alaska
2457,40,920555.0,23013.875,517827.4621313084,19178.79489375216,13,15,0.325,0.375,35.0,Medium,"Gates, Cardenas and Arroyo",Dermatologist,California
2458,31,552830.0,17833.225806451614,376388.8066899637,18819.440334498184,11,8,0.3548387096774194,0.25806451612903225,30.64516129032258,Medium,"Todd, Smith and Rich",Cardiologist,Hawaii
2459,38,1162062.9668696297,30580.604391306046,583419.164418964,18231.848888092623,6,13,0.15789473684210525,0.34210526315789475,25.0,Medium,"Moore, Berry and Zavala",Orthopedic,Wyoming
2460,38,1053678.0,27728.36842105263,645679.9313073152,23914.071529900564,11,15,0.2894736842105263,0.39473684210526316,34.21052631578947,Medium,Figueroa Group,Oncologist,Florida
2461,41,979003.9570747507,23878.145294506114,615442.1218391577,20514.73739463859,11,13,0.2682926829268293,0.3170731707317073,29.26829268292683,Medium,"Henderson, Mason and Turner",Orthopedic,Idaho
2462,46,1181525.0,25685.32608695652,788570.6331565247,23193.253916368376,12,20,0.2608695652173913,0.43478260869565216,34.78260869565217,Medium,Lawrence-Reyes,Cardiologist,Utah
2463,28,629597.0,22485.60714285714,443277.3941360398,21108.447339811417,7,11,0.25,0.39285714285714285,32.14285714285714,Medium,Dickerson Group,General Practitioner,Nevada
2464,49,1261419.8026748144,25743.261279077844,832335.7844354997,23120.43845654166,13,18,0.2653061224489796,0.3673469387755102,31.63265306122449,Medium,Summers-Brown,Orthopedic,Michigan
2465,38,1010575.9556381489,26594.10409574076,671267.4425721946,22375.581419073154,8,16,0.21052631578947367,0.42105263157894735,31.578947368421048,Medium,"Ashley, Erickson and Edwards",Oncologist,Nebraska
2466,39,950348.0451440554,24367.898593437316,719532.3284098251,21804.00995181288,6,20,0.15384615384615385,0.5128205128205128,33.33333333333333,Medium,Sosa Group,Dermatologist,Rhode Island
2467,35,804852.5410466874,22995.786887048213,547040.3054528447,19537.153766173025,7,16,0.2,0.45714285714285713,32.85714285714286,Medium,Hansen PLC,General Practitioner,Kansas
2468,46,1145417.0,24900.369565217392,666327.5555761388,20191.744108367842,13,22,0.2826086956521739,0.4782608695652174,38.04347826086956,Medium,Davis PLC,General Practitioner,Oklahoma
2469,39,1005573.9115716922,25783.94645055621,725055.7004549217,21971.384862270355,6,18,0.15384615384615385,0.46153846153846156,30.76923076923077,Medium,"Robbins, Glover and Cobb",Cardiologist,Illinois
2470,27,783041.5686668607,29001.5395802541,507010.70306981844,23045.941048628112,5,14,0.18518518518518517,0.5185185185185185,35.18518518518518,Medium,Garcia Inc,General Practitioner,Florida
2471,37,833157.0,22517.756756756757,594821.0418392556,21243.60863711627,9,17,0.24324324324324326,0.4594594594594595,35.13513513513514,Medium,"Cannon, Johnson and Adkins",General Practitioner,Nebraska
2472,37,1115492.6547117266,30148.45012734396,636226.4092284846,22722.371758160163,9,17,0.24324324324324326,0.4594594594594595,35.13513513513514,Medium,"Bowen, Watts and Reed",General Practitioner,South Dakota
2473,37,938219.0,25357.27027027027,608417.628279938,21729.201009997785,9,17,0.24324324324324326,0.4594594594594595,35.13513513513514,Medium,Gray-Mccormick,Oncologist,North Dakota
2474,42,1251475.0,29797.02380952381,815296.6274545148,26299.891208210156,11,12,0.2619047619047619,0.2857142857142857,27.38095238095238,Medium,"Nicholson, Taylor and Warner",General Practitioner,Oklahoma
2475,34,967753.702656458,28463.344195778176,568333.1198144372,20297.611421944188,6,12,0.17647058823529413,0.35294117647058826,26.47058823529412,Medium,"Freeman, Smith and Francis",Orthopedic,Oklahoma
2476,39,967952.7456768177,24819.301171200455,621891.0207984397,23033.000770312585,12,9,0.3076923076923077,0.23076923076923078,26.923076923076923,Medium,Gardner-Green,General Practitioner,Montana
2477,40,1013521.0,25338.025,559130.6398100551,20708.542215187226,13,15,0.325,0.375,35.0,Medium,Williams-Owen,Cardiologist,South Carolina
2478,39,1044621.0,26785.153846153848,746065.8255608684,23314.557048777137,7,14,0.1794871794871795,0.358974358974359,26.923076923076923,Medium,Barton Inc,General Practitioner,Alabama
2479,47,1320426.2387321494,28094.17529217339,861727.5849967722,23936.877361021452,11,22,0.23404255319148937,0.46808510638297873,35.1063829787234,Medium,"Jones, Nolan and Hernandez",Orthopedic,Kansas
2480,46,1262992.839309625,27456.36607194837,857145.7281172425,23809.60355881229,10,21,0.21739130434782608,0.45652173913043476,33.69565217391305,Medium,Wells Ltd,Cardiologist,Arizona
2481,45,1201942.0,26709.82222222222,928342.6563973626,25090.34206479358,8,19,0.17777777777777778,0.4222222222222222,30.0,Medium,"Jones, Castro and Edwards",Oncologist,Pennsylvania
2482,34,802242.9665237085,23595.38136834437,490747.11939496006,23368.91044737905,13,10,0.38235294117647056,0.29411764705882354,33.82352941176471,Medium,Collins Ltd,Cardiologist,Delaware
2483,41,1218379.0355678496,29716.561843118285,708631.7496836537,23621.058322788456,11,16,0.2682926829268293,0.3902439024390244,32.926829268292686,Medium,Ballard Inc,Orthopedic,North Carolina
2484,54,1366603.0,25307.462962962964,1009287.0473057285,22938.341984221104,10,19,0.18518518518518517,0.35185185185185186,26.85185185185185,Medium,Zamora PLC,Cardiologist,South Carolina
2485,44,988576.0,22467.636363636364,667415.2881996643,20856.72775623951,12,18,0.2727272727272727,0.4090909090909091,34.09090909090909,Medium,Rodriguez-Torres,Dermatologist,Nevada
2486,39,987782.0,25327.74358974359,681213.3772436731,22707.112574789102,9,13,0.23076923076923078,0.3333333333333333,28.205128205128204,Medium,"Franklin, Everett and White",Orthopedic,Louisiana
2487,40,1025425.4301737269,25635.635754343173,579076.6569239413,20681.309175855047,12,12,0.3,0.3,30.0,Medium,King-Porter,Cardiologist,Hawaii
2488,29,659234.4476017449,22732.22233109465,460204.18417186843,23010.20920859342,9,9,0.3103448275862069,0.3103448275862069,31.03448275862069,Medium,Newman-Walters,General Practitioner,Georgia
2489,48,1182675.0,24639.0625,897280.4272968527,21884.888470654943,7,20,0.14583333333333334,0.4166666666666667,28.125000000000004,Medium,Arnold-Ross,Cardiologist,Wyoming
2490,40,1109348.0,27733.7,708621.642232375,26245.246008606482,13,12,0.325,0.3,31.25,Medium,"Villarreal, Aguilar and Perez",General Practitioner,Delaware
2491,36,975026.0,27084.055555555555,673736.8012338794,23232.30349082343,7,12,0.19444444444444445,0.3333333333333333,26.388888888888886,Medium,Mcbride-Chapman,Dermatologist,Arizona
2492,45,1208157.0,26847.933333333334,797256.7776787606,24159.296293295774,12,13,0.26666666666666666,0.28888888888888886,27.77777777777778,Medium,Flores PLC,Oncologist,North Carolina
2493,35,962158.0,27490.22857142857,755183.5671181343,26040.81265924601,6,14,0.17142857142857143,0.4,28.57142857142857,Medium,Cross-Gould,Orthopedic,Minnesota
2494,21,523560.0,24931.428571428572,323894.7281946388,21592.981879642586,6,10,0.2857142857142857,0.47619047619047616,38.09523809523809,Medium,Spencer-Kelly,Oncologist,Minnesota
2495,46,1174791.7487247714,25538.95105923416,752823.3363293932,21509.238180839806,11,15,0.2391304347826087,0.32608695652173914,28.26086956521739,Medium,Cook-Thomas,Cardiologist,Wyoming
2496,43,1207495.0,28081.279069767443,834710.0802116317,26084.69000661349,11,18,0.2558139534883721,0.4186046511627907,33.720930232558146,Medium,"Guzman, Wallace and Johnston",Dermatologist,Massachusetts
2497,34,910326.0,26774.29411764706,640955.0482939269,25638.201931757074,9,14,0.2647058823529412,0.4117647058823529,33.8235294117647,Medium,"Ramirez, Thompson and Castro",Cardiologist,Pennsylvania
2498,45,1328734.9195430742,29527.44265651276,759030.1211271273,25301.00403757091,15,17,0.3333333333333333,0.37777777777777777,35.55555555555556,Medium,Bush-Hatfield,Dermatologist,New Hampshire
2499,47,991975.8258593258,21105.868635304803,622997.63610038,18323.459885305292,13,21,0.2765957446808511,0.44680851063829785,36.170212765957444,Medium,Adams-Meyer,Oncologist,Montana
2500,40,1138069.9426350603,28451.748565876507,573479.0039000841,21239.96310741052,13,11,0.325,0.275,30.0,Medium,"Bush, Clements and Davis",Dermatologist,Wyoming
2501,41,941091.0,22953.439024390245,619406.5153733247,22121.661263333026,13,12,0.3170731707317073,0.2926829268292683,30.487804878048777,Medium,"Terrell, Long and Porter",Cardiologist,California
2502,39,1136830.2714549233,29149.49413986983,696792.5954634938,24027.33087805151,10,14,0.2564102564102564,0.358974358974359,30.769230769230766,Medium,"Allen, Thompson and Young",Dermatologist,California
2503,38,1033327.0,27192.815789473683,744764.3968718243,24825.479895727476,8,13,0.21052631578947367,0.34210526315789475,27.631578947368418,Medium,Hernandez and Sons,General Practitioner,Pennsylvania
2504,40,956495.9067959043,23912.397669897608,713055.1955326168,21607.733197958085,7,17,0.175,0.425,30.0,Medium,Espinoza Inc,General Practitioner,Maine
2505,35,793980.0,22685.14285714286,437850.7296803746,17514.029187214983,10,11,0.2857142857142857,0.3142857142857143,30.0,Medium,Madden PLC,Dermatologist,Washington
2506,39,878477.0,22525.05128205128,658092.5626174422,20565.39258179507,7,18,0.1794871794871795,0.46153846153846156,32.05128205128205,Medium,"Martin, Hodges and Cabrera",Dermatologist,Maine
2507,34,828376.1755982549,24364.005164654554,469251.1010546371,18048.119271332198,8,13,0.23529411764705882,0.38235294117647056,30.88235294117647,Medium,Wilcox Group,Dermatologist,Rhode Island
2508,30,706874.0,23562.466666666667,411882.158103822,21678.008321253787,11,10,0.36666666666666664,0.3333333333333333,35.0,Medium,Allen Group,Dermatologist,West Virginia
2509,39,1038697.0,26633.25641025641,672439.4590309963,25863.05611657678,13,12,0.3333333333333333,0.3076923076923077,32.05128205128205,Medium,Villegas-Davis,Dermatologist,Kentucky
2510,55,1302131.0,23675.109090909093,807598.4648543746,20707.652944983965,16,20,0.2909090909090909,0.36363636363636365,32.72727272727273,Medium,White-Cooke,General Practitioner,Idaho
2511,45,1159398.0,25764.4,757609.7063828127,22282.638423023902,11,17,0.24444444444444444,0.37777777777777777,31.11111111111111,Medium,Grant Ltd,Orthopedic,Maine
2512,33,770435.0,23346.515151515152,544345.6530687821,19440.91618102793,5,17,0.15151515151515152,0.5151515151515151,33.333333333333336,Medium,Lewis Inc,Oncologist,Maine
2513,38,918565.1295032247,24172.766565874335,616919.8448009533,21273.098096584596,9,11,0.23684210526315788,0.2894736842105263,26.315789473684212,Medium,Russell Ltd,General Practitioner,Arkansas
2514,41,914522.0,22305.414634146342,562760.5987853124,18758.68662617708,11,15,0.2682926829268293,0.36585365853658536,31.707317073170735,Medium,Richmond-Christian,Dermatologist,Montana
2515,47,1164611.0,24778.957446808512,798228.6940663401,21006.018264903687,9,15,0.19148936170212766,0.3191489361702128,25.53191489361702,Medium,Hernandez LLC,Orthopedic,Michigan
2516,34,767999.784647846,22588.228960230765,398749.1113643346,17336.917885405852,11,12,0.3235294117647059,0.35294117647058826,33.82352941176471,Medium,"Rogers, Waters and Jordan",Orthopedic,Michigan
2517,50,1228321.0,24566.42,840602.6439470412,21015.06609867603,10,20,0.2,0.4,30.0,Medium,Washington-Meza,Oncologist,South Dakota
2518,50,1409314.0,28186.28,918638.0719949742,26246.802056999262,15,19,0.3,0.38,34.0,Medium,Williams-Davis,Cardiologist,Maryland
2519,39,1076234.0,27595.74358974359,867090.7373454703,26275.47688925668,6,15,0.15384615384615385,0.38461538461538464,26.923076923076927,Medium,Mccormick PLC,Cardiologist,Delaware
2520,32,835366.0,26105.1875,546934.2529562961,23779.75012853461,9,9,0.28125,0.28125,28.125,Medium,Howe-Foster,Cardiologist,Alaska
2521,34,896721.0,26374.147058823528,581278.1729769924,22356.8528068074,8,10,0.23529411764705882,0.29411764705882354,26.470588235294116,Medium,"Miller, Rodriguez and Brown",Cardiologist,Massachusetts
2522,28,808270.0,28866.785714285714,550641.7123370909,25029.16874259504,6,13,0.21428571428571427,0.4642857142857143,33.92857142857143,Medium,Stanley-Cook,General Practitioner,Rhode Island
2523,29,671156.0,23143.310344827587,551602.1259272622,22983.421913635928,5,11,0.1724137931034483,0.3793103448275862,27.586206896551722,Medium,Gibbs and Sons,General Practitioner,New Mexico
2524,42,1100667.0,26206.35714285714,703073.2161330506,23435.773871101686,12,17,0.2857142857142857,0.40476190476190477,34.52380952380952,Medium,Armstrong-Davidson,Dermatologist,Idaho
2525,36,809415.0,22483.75,545208.5293809631,20969.558822344734,10,15,0.2777777777777778,0.4166666666666667,34.72222222222223,Medium,Vega-Johnson,Orthopedic,New Jersey
2526,48,1344186.6974966342,28003.88953117988,918985.7380239879,21880.61281009495,6,20,0.125,0.4166666666666667,27.083333333333336,Medium,Williamson Ltd,General Practitioner,Vermont
2527,44,1158179.2550721196,26322.25579709363,762271.3490806381,21779.181402303948,9,21,0.20454545454545456,0.4772727272727273,34.09090909090909,Medium,Carroll Inc,General Practitioner,Idaho
2528,37,884065.0,23893.64864864865,569774.433008133,20349.086893147607,9,15,0.24324324324324326,0.40540540540540543,32.432432432432435,Medium,Phillips Group,Oncologist,Montana
2529,35,956887.0,27339.628571428573,736270.9163685846,23750.674721567244,4,17,0.11428571428571428,0.4857142857142857,30.0,Medium,Cole-Anderson,General Practitioner,North Dakota
2530,58,1553995.0,26793.01724137931,1034994.9050027805,23522.61147733592,14,25,0.2413793103448276,0.43103448275862066,33.62068965517241,Medium,Evans-Arias,Cardiologist,New Hampshire
2531,37,1010184.0,27302.27027027027,761512.1900631756,25383.73966877252,7,16,0.1891891891891892,0.43243243243243246,31.08108108108108,Medium,"Golden, West and Shaw",General Practitioner,Idaho
2532,42,1018692.0,24254.571428571428,729279.5064632864,23525.14536978343,11,18,0.2619047619047619,0.42857142857142855,34.523809523809526,Medium,"Parks, Wagner and Hudson",Cardiologist,Montana
2533,44,1163961.0,26453.659090909092,833607.0201546478,25260.818792565085,11,19,0.25,0.4318181818181818,34.09090909090909,Medium,Harris-Becker,General Practitioner,New Jersey
2534,34,968987.4185220244,28499.62995653013,598224.6453810701,23008.640206964235,8,9,0.23529411764705882,0.2647058823529412,25.0,Medium,Farmer-Lee,Dermatologist,Delaware
2535,37,960323.0,25954.675675675677,614719.7082091738,23643.065700352836,11,11,0.2972972972972973,0.2972972972972973,29.72972972972973,Medium,Rubio and Sons,Dermatologist,Wyoming
2536,33,794391.0,24072.454545454544,529966.2099175962,24089.373178072554,11,9,0.3333333333333333,0.2727272727272727,30.303030303030297,Medium,"Johnson, Arellano and Norman",Oncologist,South Dakota
2537,42,1023808.0,24376.380952380954,810649.5065831209,23161.414473803456,7,15,0.16666666666666666,0.35714285714285715,26.19047619047619,Medium,Thompson-Lambert,Orthopedic,Texas
2538,39,1083251.0,27775.666666666668,649560.5232587954,24057.797157733163,12,14,0.3076923076923077,0.358974358974359,33.333333333333336,Medium,Gibson LLC,Oncologist,New Jersey
2539,39,922208.1070905166,23646.361720269655,544782.9161777776,20953.189083760677,13,14,0.3333333333333333,0.358974358974359,34.61538461538461,Medium,Morgan Group,General Practitioner,Connecticut
2540,49,1198877.0,24466.877551020407,845304.6882042629,22244.860215901655,11,15,0.22448979591836735,0.30612244897959184,26.53061224489796,Medium,"Hardy, White and Smith",General Practitioner,South Dakota
2541,44,1047488.0,23806.545454545456,654544.300266341,21114.33226665616,13,14,0.29545454545454547,0.3181818181818182,30.68181818181818,Medium,Evans PLC,General Practitioner,California
2542,39,949055.0,24334.74358974359,648681.4474104963,21622.71491368321,9,15,0.23076923076923078,0.38461538461538464,30.769230769230774,Medium,Jones-Johnston,General Practitioner,New York
2543,31,795859.0,25672.870967741936,605169.1867002439,22413.67358149051,4,14,0.12903225806451613,0.45161290322580644,29.032258064516128,Medium,Adkins Inc,Cardiologist,Michigan
2544,37,997591.8113103227,26961.940846224938,700683.9845972576,24161.51671025026,8,10,0.21621621621621623,0.2702702702702703,24.324324324324323,Medium,Huang-Sanchez,Orthopedic,Hawaii
2545,34,707518.0,20809.352941176472,370060.878281323,16820.94901278741,12,11,0.35294117647058826,0.3235294117647059,33.82352941176471,Medium,Williams-Howe,Dermatologist,Montana
2546,53,1353743.0,25542.32075471698,860251.706860893,23250.04613137549,16,19,0.3018867924528302,0.3584905660377358,33.0188679245283,Medium,Gutierrez and Sons,Orthopedic,Nebraska
2547,23,598235.3532886184,26010.23275167906,391506.01078064315,23029.765340037833,6,4,0.2608695652173913,0.17391304347826086,21.73913043478261,Medium,"Johnson, Jimenez and Harrell",Cardiologist,New Jersey
2548,26,639364.0,24590.923076923078,460171.5736069133,20916.88970940515,4,13,0.15384615384615385,0.5,32.69230769230769,Medium,Benson-Mcclure,General Practitioner,New York
2549,32,764441.0293177384,23888.782166179324,512833.02088305703,21368.042536794044,8,13,0.25,0.40625,32.8125,Medium,Dalton-Lawson,Cardiologist,Georgia
2550,39,995709.0,25531.0,766032.3432660818,23938.510727065055,7,10,0.1794871794871795,0.2564102564102564,21.794871794871796,Medium,"Stewart, Tanner and Walker",Dermatologist,Louisiana
2551,52,1252936.0,24094.923076923078,942247.3940820983,22981.64375809996,11,16,0.21153846153846154,0.3076923076923077,25.96153846153846,Medium,"Alexander, Brady and Burch",Orthopedic,Wisconsin
2552,38,997284.0,26244.315789473683,657375.8592716609,25283.686895063882,12,14,0.3157894736842105,0.3684210526315789,34.21052631578947,Medium,Medina and Sons,General Practitioner,Utah
2553,41,1023641.0,24966.853658536584,659332.3179213015,23547.582782903624,13,13,0.3170731707317073,0.3170731707317073,31.70731707317073,Medium,Hunt-Sullivan,Oncologist,Montana
2554,32,783340.1008123374,24479.378150385543,508623.18178304646,21192.632574293602,8,15,0.25,0.46875,35.9375,Medium,"Campbell, Livingston and Woods",Dermatologist,Illinois
2555,38,956259.0,25164.71052631579,546080.2256861134,20225.193543930123,11,15,0.2894736842105263,0.39473684210526316,34.21052631578947,Medium,"Lopez, Davis and Schultz",General Practitioner,Delaware
2556,43,1081132.0,25142.60465116279,698937.1912782638,23297.906375942126,13,13,0.3023255813953488,0.3023255813953488,30.23255813953488,Medium,Torres and Sons,Oncologist,Ohio
2557,37,772993.0,20891.702702702703,561143.8701370246,18101.41516571047,6,18,0.16216216216216217,0.4864864864864865,32.432432432432435,Medium,Wallace and Sons,Dermatologist,Kansas
2558,27,867532.2964622667,32130.825794898767,437550.0280597083,24308.334892206018,9,10,0.3333333333333333,0.37037037037037035,35.18518518518518,Medium,King-Lopez,General Practitioner,Louisiana
2559,27,646981.0,23962.25925925926,524839.9791332276,20993.599165329106,2,13,0.07407407407407407,0.48148148148148145,27.777777777777775,Medium,Kline-Pena,Oncologist,Mississippi
2560,39,1118432.0,28677.74358974359,903315.9330430011,27373.210092212154,6,15,0.15384615384615385,0.38461538461538464,26.923076923076927,Medium,Fuller Ltd,General Practitioner,Mississippi
2561,42,1179615.957987142,28086.094237789097,725131.1317223591,22660.347866323722,10,17,0.23809523809523808,0.40476190476190477,32.14285714285714,Medium,"French, Wolf and Hernandez",Orthopedic,Delaware
2562,34,911202.0408187835,26800.060024081868,680285.8179507847,25195.77103521425,7,18,0.20588235294117646,0.5294117647058824,36.76470588235294,Medium,"Blevins, Snyder and Olson",Orthopedic,Arizona
2563,33,777087.0,23548.090909090908,428150.3414145728,20388.111495932037,12,9,0.36363636363636365,0.2727272727272727,31.81818181818182,Medium,Diaz-Reed,Oncologist,Virginia
2564,37,886735.7544476185,23965.831201286986,538800.2022016142,22450.008425067255,13,12,0.35135135135135137,0.32432432432432434,33.78378378378379,Medium,"Salazar, Clark and Miller",Orthopedic,Tennessee
2565,43,1189083.0,27653.093023255813,865886.895112538,24739.625574643942,8,21,0.18604651162790697,0.4883720930232558,33.72093023255814,Medium,Taylor-Wagner,Orthopedic,Delaware
2566,34,812252.0,23889.764705882353,625913.2410711453,21583.215209349837,5,17,0.14705882352941177,0.5,32.35294117647059,Medium,Rogers-Chapman,Dermatologist,Kentucky
2567,33,778673.0,23596.151515151516,579043.3763722625,20680.12058472366,5,13,0.15151515151515152,0.3939393939393939,27.272727272727273,Medium,"Jimenez, Peters and Williams",Cardiologist,Wyoming
2568,34,973732.0,28639.176470588234,586032.3755310512,23441.295021242047,9,9,0.2647058823529412,0.2647058823529412,26.47058823529412,Medium,Martin-Moore,Orthopedic,Michigan
2569,35,727522.0,20786.342857142856,487339.0642963984,18049.594973940682,8,11,0.22857142857142856,0.3142857142857143,27.142857142857142,Medium,Wilson-Lopez,Oncologist,Georgia
2570,32,920950.0,28779.6875,606879.2714659743,27585.42143027156,10,11,0.3125,0.34375,32.8125,Medium,"Nguyen, Bryant and Kirk",Dermatologist,South Dakota
2571,48,1116843.0,23267.5625,760791.1204326401,22376.209424489414,14,19,0.2916666666666667,0.3958333333333333,34.375,Medium,Weaver and Sons,Oncologist,North Dakota
2572,45,1329366.0,29541.466666666667,984683.3124621591,26613.062498977273,8,20,0.17777777777777778,0.4444444444444444,31.11111111111111,Medium,Morales-Ross,Orthopedic,Alaska
2573,29,733056.0,25277.793103448275,472811.36562259914,20557.015896634744,6,7,0.20689655172413793,0.2413793103448276,22.413793103448278,Medium,Briggs-Butler,General Practitioner,South Carolina
2574,44,1174691.0,26697.522727272728,972265.177248199,27007.366034672195,8,23,0.18181818181818182,0.5227272727272727,35.22727272727273,Medium,"Anderson, Ellis and Williams",General Practitioner,Nebraska
2575,33,909976.7945423829,27575.05438007221,477415.7778985702,22734.084661836674,12,16,0.36363636363636365,0.48484848484848486,42.42424242424242,Medium,Smith-Macias,Orthopedic,Wisconsin
2576,39,906329.0,23239.20512820513,485715.05832555663,20238.127430231525,15,10,0.38461538461538464,0.2564102564102564,32.05128205128205,Medium,"Parrish, Reed and Brown",General Practitioner,West Virginia
2577,38,1050441.0,27643.184210526317,712627.4352197979,24573.359835165444,9,16,0.23684210526315788,0.42105263157894735,32.89473684210526,Medium,"Harris, Coleman and Rivera",Cardiologist,Massachusetts
2578,34,862855.0,25378.08823529412,580656.8945973185,22332.957484512248,8,11,0.23529411764705882,0.3235294117647059,27.941176470588232,Medium,"Morse, Ayers and Kennedy",Oncologist,Tennessee
2579,36,830897.0,23080.472222222223,604228.301893188,22378.825996044,9,12,0.25,0.3333333333333333,29.166666666666664,Medium,Turner-Henderson,Cardiologist,Oklahoma
2580,43,1051731.9663622077,24458.882938655992,699577.978082227,21199.332669158397,10,17,0.23255813953488372,0.3953488372093023,31.3953488372093,Medium,Webb LLC,Dermatologist,Arkansas
2581,38,1064572.3336853252,28015.061412771716,675300.1224566967,22510.00408188989,8,18,0.21052631578947367,0.47368421052631576,34.21052631578947,Medium,Warren-Torres,Orthopedic,Wisconsin
2582,44,1144819.0,26018.613636363636,902136.7781286971,25059.35494801936,8,15,0.18181818181818182,0.3409090909090909,26.136363636363633,Medium,Randall PLC,Oncologist,Oklahoma
2583,43,1002318.0,23309.720930232557,597508.2401302882,19274.459359041553,12,14,0.27906976744186046,0.32558139534883723,30.232558139534884,Medium,Goodman LLC,Orthopedic,North Carolina
2584,38,797194.0,20978.78947368421,491858.2132780594,18917.62358761767,12,11,0.3157894736842105,0.2894736842105263,30.263157894736842,Medium,"Fleming, Smith and Tate",Orthopedic,South Carolina
2585,38,940092.3866661458,24739.273333319627,517572.8325873391,21565.534691139128,14,14,0.3684210526315789,0.3684210526315789,36.84210526315789,Medium,"Logan, Davis and Green",Cardiologist,Hawaii
2586,50,1310801.280328683,26216.02560657366,911797.8028343155,22794.945070857888,10,19,0.2,0.38,29.0,Medium,Moore-Love,General Practitioner,Wisconsin
2587,38,989505.0,26039.605263157893,683839.0386157823,22794.634620526074,8,17,0.21052631578947367,0.4473684210526316,32.89473684210526,Medium,Fischer-Martin,General Practitioner,New Mexico
2588,35,895756.7128396619,25593.048938276053,576817.4601670834,25079.0200072645,12,13,0.34285714285714286,0.37142857142857144,35.714285714285715,Medium,Forbes-Anderson,Oncologist,Nevada
2589,41,858790.0,20946.09756097561,514130.40153045167,17728.634535532816,12,18,0.2926829268292683,0.43902439024390244,36.58536585365854,Medium,Hernandez-Greene,Oncologist,Tennessee
2590,47,1027825.0,21868.617021276597,756713.4484330049,19913.51180086855,9,23,0.19148936170212766,0.48936170212765956,34.04255319148936,Medium,"Woods, Davis and Sandoval",Oncologist,Alaska
2591,40,926223.0,23155.575,651240.3027108732,19734.554627602218,7,17,0.175,0.425,30.0,Medium,Bell PLC,Dermatologist,Alaska
2592,44,1070386.0,24326.954545454544,688452.4126736996,20862.19432344544,11,14,0.25,0.3181818181818182,28.409090909090907,Medium,Thompson Inc,General Practitioner,Maine
2593,49,1278050.0,26082.65306122449,912095.193968146,26059.86268480417,14,18,0.2857142857142857,0.3673469387755102,32.6530612244898,Medium,Cook PLC,Dermatologist,New York
2594,44,1191848.7908437974,27087.472519177212,797973.6955477477,22799.24844422136,9,14,0.20454545454545456,0.3181818181818182,26.136363636363637,Medium,Hamilton-Park,Oncologist,New Mexico
2595,46,1072951.0,23325.021739130436,743111.226067994,20641.978501888723,10,20,0.21739130434782608,0.43478260869565216,32.608695652173914,Medium,Johnson-Watson,Cardiologist,Texas
2596,47,1202510.1656404212,25585.32267320045,688531.0606843504,22951.035356145014,17,13,0.3617021276595745,0.2765957446808511,31.914893617021278,Medium,Holland-Lee,Oncologist,Wisconsin
2597,42,1063020.2224302294,25310.005295957842,621663.1136212065,21436.65909038643,13,18,0.30952380952380953,0.42857142857142855,36.904761904761905,Medium,Cherry LLC,Cardiologist,Utah
2598,39,1001285.0,25673.97435897436,716711.2717070284,24714.18178300098,10,15,0.2564102564102564,0.38461538461538464,32.05128205128205,Medium,Wilson-Ryan,General Practitioner,Montana
2599,37,836000.0,22594.594594594593,603867.7807078349,22365.47335954944,10,11,0.2702702702702703,0.2972972972972973,28.37837837837838,Medium,Waller-Evans,Orthopedic,New Mexico
2600,41,949013.0,23146.658536585364,693439.3022682255,21013.312189946228,8,17,0.1951219512195122,0.4146341463414634,30.487804878048777,Medium,"Moore, Pitts and Adams",Orthopedic,Arkansas
2601,37,1198417.3055644936,32389.656907148477,731228.6799188941,27082.54370069978,10,10,0.2702702702702703,0.2702702702702703,27.027027027027028,Medium,Anthony LLC,Oncologist,Maine
2602,39,966284.0,24776.51282051282,702168.5277823315,23405.61759274438,9,17,0.23076923076923078,0.4358974358974359,33.333333333333336,Medium,Mcintyre-Reyes,General Practitioner,North Carolina
2603,44,1165027.9094890757,26477.907033842628,790135.4864357498,23239.279012816172,10,12,0.22727272727272727,0.2727272727272727,25.0,Medium,Smith-Bell,Cardiologist,Louisiana
2604,30,811448.0,27048.266666666666,550765.5360391327,25034.79709268785,8,13,0.26666666666666666,0.43333333333333335,35.0,Medium,"Lee, Taylor and Jenkins",Orthopedic,Minnesota
2605,42,963833.0,22948.404761904763,672622.1465193648,20382.4892884656,9,18,0.21428571428571427,0.42857142857142855,32.14285714285714,Medium,Allen LLC,Orthopedic,New Mexico
2606,41,1037313.0,25300.317073170732,729651.7517851505,23537.153283391952,10,17,0.24390243902439024,0.4146341463414634,32.92682926829268,Medium,Norris-Ward,General Practitioner,Pennsylvania
2607,45,1236979.0809618435,27488.4240213743,733294.4904866095,25286.01691333136,16,16,0.35555555555555557,0.35555555555555557,35.55555555555556,Medium,"Ruiz, Nguyen and Wright",Cardiologist,Illinois
2608,38,979299.0,25771.026315789473,618477.3203802949,23787.58924539596,12,11,0.3157894736842105,0.2894736842105263,30.263157894736842,Medium,"Graham, Stafford and Davidson",Orthopedic,South Dakota
2609,33,978138.0,29640.545454545456,576320.1574760192,26196.37079436451,11,9,0.3333333333333333,0.2727272727272727,30.303030303030297,Medium,"Jennings, Moore and Ramirez",General Practitioner,New Hampshire
2610,38,1021238.2284569743,26874.690222551955,634930.5548785276,24420.40595686645,12,12,0.3157894736842105,0.3157894736842105,31.57894736842105,Medium,"Bautista, Thompson and Lambert",General Practitioner,Maryland
2611,48,1081359.0,22528.3125,683808.6713327002,20112.01974507942,14,14,0.2916666666666667,0.2916666666666667,29.166666666666668,Medium,"Mitchell, Myers and Larson",Dermatologist,Minnesota
2612,35,741693.0,21191.22857142857,509150.7681269691,20366.030725078763,10,14,0.2857142857142857,0.4,34.285714285714285,Medium,Vang Group,General Practitioner,Kansas
2613,40,1100852.3956221072,27521.30989055268,701021.2524153371,23367.37508051124,10,16,0.25,0.4,32.5,Medium,Sanchez LLC,Orthopedic,Ohio
2614,40,1056353.0,26408.825,606306.0146532053,22455.778320489084,13,13,0.325,0.325,32.5,Medium,Palmer Ltd,Cardiologist,Georgia
2615,39,1018267.0,26109.410256410258,675870.2101188515,23305.869314443156,10,11,0.2564102564102564,0.28205128205128205,26.92307692307692,Medium,Mcgee Inc,General Practitioner,Hawaii
2616,33,981020.0,29727.878787878788,734854.2084781623,26244.79315993437,5,15,0.15151515151515152,0.45454545454545453,30.303030303030305,Medium,"Carney, Powers and Charles",Orthopedic,Colorado
2617,39,1112180.9384388349,28517.459959970125,669626.1311071393,23915.218968112116,11,14,0.28205128205128205,0.358974358974359,32.05128205128205,Medium,"Hamilton, Blair and Becker",Dermatologist,Delaware
2618,46,1187377.0,25812.543478260868,737369.2834559664,21687.331866351953,12,15,0.2608695652173913,0.32608695652173914,29.347826086956523,Medium,Barry and Sons,Cardiologist,Texas
2619,34,894251.0,26301.5,656272.9700866727,26250.918803466906,9,11,0.2647058823529412,0.3235294117647059,29.411764705882355,Medium,Evans-Harrington,Oncologist,Colorado
2620,37,1018867.0,27536.945945945947,720816.5591692668,24855.743419629893,8,14,0.21621621621621623,0.3783783783783784,29.72972972972973,Medium,Brewer Ltd,Oncologist,Idaho
2621,42,1032537.0,24584.214285714286,743458.5790337571,21866.428795110503,8,16,0.19047619047619047,0.38095238095238093,28.57142857142857,Medium,"Ford, Estrada and West",General Practitioner,Arkansas
2622,41,1158581.0,28258.073170731706,873251.1112194901,26462.154885439093,8,20,0.1951219512195122,0.4878048780487805,34.146341463414636,Medium,"Lee, Welch and Alvarez",Oncologist,Utah
2623,35,895890.0,25596.85714285714,606131.1022175865,23312.734700676403,9,15,0.2571428571428571,0.42857142857142855,34.285714285714285,Medium,"Jones, Frey and Howard",Cardiologist,Mississippi
2624,29,682956.0,23550.206896551725,555067.2397787576,22202.6895911503,4,12,0.13793103448275862,0.41379310344827586,27.586206896551722,Medium,Benton and Sons,Cardiologist,Rhode Island
2625,36,803540.0,22320.555555555555,614216.9444137093,20473.898147123644,6,15,0.16666666666666666,0.4166666666666667,29.166666666666668,Medium,Villanueva LLC,Orthopedic,Kentucky
2626,47,1220731.2637292354,25973.005611260327,783127.4983190864,22375.071380545327,12,19,0.2553191489361702,0.40425531914893614,32.97872340425532,Medium,"Best, Brooks and White",Oncologist,Michigan
2627,28,662175.0,23649.10714285714,359733.4415251152,19985.191195839736,10,10,0.35714285714285715,0.35714285714285715,35.714285714285715,Medium,Shepherd-Reilly,Oncologist,Colorado
2628,52,1418697.8970287207,27282.651865936936,820569.6754030089,22177.55879467592,15,14,0.28846153846153844,0.2692307692307692,27.884615384615383,Medium,Mills LLC,Orthopedic,Montana
2629,36,902630.0,25073.055555555555,593561.7449053177,23742.469796212707,11,15,0.3055555555555556,0.4166666666666667,36.111111111111114,Medium,Wells Ltd,Oncologist,Indiana
2630,35,891672.0,25476.342857142856,750555.9433814207,23454.873230669396,3,16,0.08571428571428572,0.45714285714285713,27.142857142857142,Medium,"Johnson, Abbott and Richardson",Oncologist,Virginia
2631,46,1161761.2662169307,25255.67970036806,687243.5188421631,23698.052373867693,17,12,0.3695652173913043,0.2608695652173913,31.52173913043478,Medium,Craig-Oconnor,Cardiologist,Maine
2632,40,980934.0,24523.35,758280.4104300147,26147.60035965568,11,16,0.275,0.4,33.75,Medium,Ward Inc,Oncologist,South Dakota
2633,38,882317.0,23218.86842105263,439713.4670004272,16912.056423093352,12,6,0.3157894736842105,0.15789473684210525,23.684210526315788,Medium,Howard-Young,Oncologist,Vermont
2634,45,1211314.0721590454,26918.09049242323,704445.9866114695,23481.532887048983,15,9,0.3333333333333333,0.2,26.666666666666664,Medium,"Williams, Manning and Nguyen",Oncologist,Virginia
2635,43,1063655.0,24736.162790697676,747665.4514716489,24922.18171572163,13,14,0.3023255813953488,0.32558139534883723,31.3953488372093,Medium,Smith-Carroll,Dermatologist,Louisiana
2636,36,942902.9211135434,26191.74780870954,589763.4785305728,23590.539141222915,11,10,0.3055555555555556,0.2777777777777778,29.166666666666668,Medium,Long-Hodge,Oncologist,Texas
2637,39,1098467.2336145616,28165.826502937478,714827.2338943945,24649.21496187567,10,13,0.2564102564102564,0.3333333333333333,29.487179487179482,Medium,Haynes-Carr,Dermatologist,Montana
2638,30,633564.0,21118.8,444176.1366189105,20189.82439176866,8,11,0.26666666666666666,0.36666666666666664,31.666666666666664,Medium,"Nelson, Hernandez and Landry",Dermatologist,Washington
2639,38,1035763.0,27256.92105263158,664806.9297252874,23743.104633045976,10,18,0.2631578947368421,0.47368421052631576,36.84210526315789,Medium,"James, Davis and Johnson",Oncologist,Florida
2640,51,1422133.9290131356,27884.97900025756,763079.7480925488,22443.522002722024,17,18,0.3333333333333333,0.35294117647058826,34.31372549019608,Medium,Martin and Sons,Orthopedic,Alabama
2641,40,1153760.1202489338,28844.003006223345,783021.4288293071,24469.419650915846,8,15,0.2,0.375,28.75,Medium,Martin-Wilcox,Oncologist,Oklahoma
2642,39,1021211.0,26184.897435897437,753582.6882593372,22835.839038161736,6,19,0.15384615384615385,0.48717948717948717,32.05128205128205,Medium,Cobb-Johnson,Dermatologist,New Mexico
2643,41,1146070.533181457,27952.939833694076,755134.1679542699,26039.109239802412,12,19,0.2926829268292683,0.4634146341463415,37.80487804878049,Medium,Hanna Inc,Oncologist,Idaho
2644,36,783826.0,21772.944444444445,407111.14832168113,19386.24515817529,15,9,0.4166666666666667,0.25,33.333333333333336,Medium,"Wise, Henry and Torres",Orthopedic,Delaware
2645,43,1102523.0957210292,25640.07199351231,731278.5285427303,21508.192015962653,9,18,0.20930232558139536,0.4186046511627907,31.395348837209305,Medium,Williams-Nguyen,Orthopedic,Alaska
2646,39,1086258.0,27852.76923076923,773394.6786239512,25779.82262079837,9,24,0.23076923076923078,0.6153846153846154,42.30769230769231,Medium,Lloyd Group,General Practitioner,Vermont
2647,34,901320.0,26509.41176470588,728077.0394947295,23486.35611273321,3,15,0.08823529411764706,0.4411764705882353,26.470588235294116,Medium,"Thomas, Sexton and Gilmore",Cardiologist,New Hampshire
2648,47,1113439.0,23690.191489361703,765048.9810623312,20676.999488171114,10,17,0.2127659574468085,0.3617021276595745,28.723404255319153,Medium,Scott-Meyer,Oncologist,Massachusetts
2649,33,762393.0,23102.81818181818,660029.1014068484,22759.62418644305,4,17,0.12121212121212122,0.5151515151515151,31.81818181818182,Medium,Ramirez-Miller,General Practitioner,Pennsylvania
2650,47,1404111.9907814835,29874.72320811667,975273.0206613994,25665.07949108946,9,19,0.19148936170212766,0.40425531914893614,29.787234042553187,Medium,Garcia Group,General Practitioner,Vermont
2651,50,1176656.7060692841,23533.134121385683,805447.9134302124,19645.071059273472,9,21,0.18,0.42,30.0,Medium,"Rowe, Patterson and Howard",General Practitioner,Oklahoma
2652,38,1218902.17620661,32076.373058068682,761279.5708593349,27188.556102119102,10,12,0.2631578947368421,0.3157894736842105,28.94736842105263,Medium,Carr-Baker,Orthopedic,Kansas
2653,45,890881.0,19797.355555555554,643748.6804120254,17398.612984108797,8,16,0.17777777777777778,0.35555555555555557,26.666666666666668,Medium,"Valdez, Ware and Scott",Oncologist,Minnesota
2654,47,1418974.7630305304,30190.952404904903,830156.456957918,23059.901582164388,11,18,0.23404255319148937,0.3829787234042553,30.851063829787236,Medium,Doyle LLC,Oncologist,Wisconsin
2655,44,1084893.0,24656.659090909092,747269.2988906781,23352.16559033369,12,16,0.2727272727272727,0.36363636363636365,31.81818181818182,Medium,Burgess Inc,Oncologist,Illinois
2656,35,827910.0,23654.571428571428,541102.9351585711,21644.117406342844,10,14,0.2857142857142857,0.4,34.285714285714285,Medium,"Freeman, Parker and Fowler",Dermatologist,Tennessee
2657,43,1031129.0,23979.74418604651,607685.5410074554,21703.055035980553,15,10,0.3488372093023256,0.23255813953488372,29.069767441860463,Medium,Ortiz-Hicks,Cardiologist,Rhode Island
2658,31,768549.0665196872,24791.905371602814,466809.79299873346,21218.626954487885,9,9,0.2903225806451613,0.2903225806451613,29.03225806451613,Medium,"Bradley, King and Kidd",Dermatologist,Texas
2659,45,1254330.7293330003,27874.016207400007,924275.5063206262,23699.371956939136,6,22,0.13333333333333333,0.4888888888888889,31.11111111111111,Medium,"Green, Weaver and Jordan",Orthopedic,Wyoming
2660,39,937956.0,24050.153846153848,542699.8122763743,18713.786630219805,10,21,0.2564102564102564,0.5384615384615384,39.743589743589745,Medium,Taylor and Sons,General Practitioner,Pennsylvania
2661,39,1115873.0,28612.128205128207,802310.6244484523,25072.207014014133,7,15,0.1794871794871795,0.38461538461538464,28.205128205128208,Medium,Mcdowell-Warren,General Practitioner,Michigan
2662,52,1319068.1117806323,25366.694457319853,830776.9007911409,21301.971815157456,13,14,0.25,0.2692307692307692,25.96153846153846,Medium,Monroe-Boyd,Dermatologist,West Virginia
2663,37,927270.0,25061.35135135135,669356.8527918332,25744.494338147433,11,10,0.2972972972972973,0.2702702702702703,28.37837837837838,Medium,Thompson-Johnson,Orthopedic,Nebraska
2664,32,839846.0,26245.1875,654978.709371037,25191.48882196296,6,10,0.1875,0.3125,25.0,Medium,"Webb, Pope and Chan",Cardiologist,Oklahoma
2665,46,1285920.0,27954.782608695652,983686.1880151911,25222.722769620286,7,18,0.15217391304347827,0.391304347826087,27.17391304347826,Medium,Howard Inc,Cardiologist,Oregon
2666,39,1335332.439844956,34239.293329357846,716201.112636467,26525.96713468396,12,14,0.3076923076923077,0.358974358974359,33.333333333333336,Medium,Fernandez Group,General Practitioner,Tennessee
2667,47,1241739.0,26419.978723404256,807647.6288279142,23754.34202435042,13,14,0.2765957446808511,0.2978723404255319,28.72340425531915,Medium,Chase-Gamble,General Practitioner,Pennsylvania
2668,36,949446.0,26373.5,662073.0215650595,23645.465055894983,8,17,0.2222222222222222,0.4722222222222222,34.72222222222222,Medium,Bridges-Jones,Oncologist,Vermont
2669,37,861952.0,23296.0,670116.7118366791,21616.668123763844,6,16,0.16216216216216217,0.43243243243243246,29.72972972972973,Medium,Frazier-Gonzalez,Dermatologist,Alabama
2670,27,842160.0,31191.11111111111,608445.8012269007,27656.627328495484,5,13,0.18518518518518517,0.48148148148148145,33.33333333333333,Medium,Reyes PLC,General Practitioner,California
2671,40,1163208.0,29080.2,780808.196222673,25187.361168473326,9,16,0.225,0.4,31.25,Medium,Gillespie Ltd,Orthopedic,Wisconsin
2672,30,768781.0,25626.033333333333,580817.3902232432,24200.72459263513,6,11,0.2,0.36666666666666664,28.333333333333332,Medium,Harrison Ltd,Cardiologist,South Carolina
2673,45,1266669.9745269131,28148.221656153626,905609.3176137626,25155.81437816007,9,19,0.2,0.4222222222222222,31.11111111111111,Medium,Fuller-Sanchez,Cardiologist,Kansas
2674,25,668188.7670016226,26727.550680064902,313778.4450546112,20918.563003640746,10,4,0.4,0.16,28.0,Medium,"Cook, Meyer and Brooks",Orthopedic,Arizona
2675,27,703641.0,26060.777777777777,452700.5383940939,23826.344126004944,8,10,0.2962962962962963,0.37037037037037035,33.33333333333333,Medium,Ramirez Inc,Cardiologist,South Dakota
2676,48,1005828.0,20954.75,532838.4842112372,17188.33820036249,17,18,0.3541666666666667,0.375,36.458333333333336,Medium,Perez-Branch,Dermatologist,Alaska
2677,29,819934.0,28273.58620689655,593290.7071030512,24720.446129293803,5,9,0.1724137931034483,0.3103448275862069,24.13793103448276,Medium,"May, Brown and Logan",Orthopedic,North Dakota
2678,44,1359178.0121626866,30890.409367333785,707510.5909652225,22109.7059676632,12,19,0.2727272727272727,0.4318181818181818,35.22727272727273,Medium,Fischer Group,Oncologist,New Mexico
2679,38,1060365.865655632,27904.364885674528,682833.9107235611,24386.925382984326,10,16,0.2631578947368421,0.42105263157894735,34.21052631578947,Medium,Suarez-Ball,Cardiologist,Arkansas
2680,31,788641.0,25440.032258064515,553881.6655462744,27694.08327731372,11,11,0.3548387096774194,0.3548387096774194,35.483870967741936,Medium,Yates-Hill,Dermatologist,Indiana
2681,42,1077333.107465866,25650.78827299681,723545.5215149719,21280.75063279329,8,22,0.19047619047619047,0.5238095238095238,35.714285714285715,Medium,"Cobb, White and Luna",General Practitioner,Massachusetts
2682,41,1043385.0,25448.414634146342,782099.6259727208,23002.930175668258,7,14,0.17073170731707318,0.34146341463414637,25.609756097560975,Medium,Gordon LLC,Orthopedic,Florida
2683,32,910201.0,28443.78125,582536.6255813601,24272.359399223336,8,8,0.25,0.25,25.0,Medium,Pratt-Smith,General Practitioner,Maryland
2684,45,1259153.5588661549,27981.190197025662,700549.188780399,22598.36092839997,14,16,0.3111111111111111,0.35555555555555557,33.333333333333336,Medium,Rodriguez-Vasquez,Oncologist,Hawaii
2685,38,860105.1613381422,22634.346351003744,546290.6172633584,20232.98582456883,11,14,0.2894736842105263,0.3684210526315789,32.89473684210526,Medium,Chase-Brandt,General Practitioner,Tennessee
2686,46,1110986.0,24151.869565217392,829126.3651969197,21259.650389664606,7,16,0.15217391304347827,0.34782608695652173,25.0,Medium,Taylor-Tran,Cardiologist,Kansas
2687,46,1202971.176449277,26151.547314114716,731217.3025053099,21506.391250156175,12,14,0.2608695652173913,0.30434782608695654,28.26086956521739,Medium,Mendoza and Sons,Cardiologist,Wisconsin
2688,39,1104946.0,28331.94871794872,843030.8859146894,27194.544706925466,8,18,0.20512820512820512,0.46153846153846156,33.33333333333333,Medium,Hernandez-Klein,Cardiologist,West Virginia
2689,45,1273125.0,28291.666666666668,979073.8201145931,26461.454597691707,8,14,0.17777777777777778,0.3111111111111111,24.444444444444443,Medium,Hodge-Brown,Cardiologist,Utah
2690,48,1249632.1234498715,26034.002571872323,702243.2935545025,19506.758154291736,12,20,0.25,0.4166666666666667,33.333333333333336,Medium,"Parsons, Solis and Barnes",Orthopedic,New York
2691,33,784346.0,23768.060606060608,569624.9858499323,22784.99943399729,8,14,0.24242424242424243,0.42424242424242425,33.33333333333333,Medium,"Rodriguez, Fuller and Anderson",Dermatologist,Pennsylvania
2692,44,1350724.2425034607,30698.27823871502,890739.1065649786,26992.094138332686,11,20,0.25,0.45454545454545453,35.22727272727273,Medium,Gonzalez-Jones,Cardiologist,Oregon
2693,43,961316.0,22356.18604651163,644018.6295696443,20774.79450224659,12,19,0.27906976744186046,0.4418604651162791,36.04651162790698,Medium,Bass-Martinez,Oncologist,Montana
2694,36,902747.0,25076.305555555555,647585.3919243412,23984.64414534597,9,11,0.25,0.3055555555555556,27.77777777777778,Medium,"Ward, Aguirre and Perkins",Oncologist,Nebraska
2695,39,875251.0,22442.333333333332,502149.19500397297,19313.430577075884,13,15,0.3333333333333333,0.38461538461538464,35.8974358974359,Medium,Evans-Carpenter,Cardiologist,Texas
2696,41,1182010.0,28829.51219512195,795806.7204501011,27441.611050003485,12,17,0.2926829268292683,0.4146341463414634,35.36585365853658,Medium,Mora-Johnson,Dermatologist,Maryland
2697,43,1254050.8336416204,29163.97287538652,783952.2755932612,23057.419870390037,9,15,0.20930232558139536,0.3488372093023256,27.906976744186046,Medium,Cuevas Ltd,Oncologist,Utah
2698,42,1116159.0,26575.214285714286,800778.9005573994,25024.34064241873,10,10,0.23809523809523808,0.23809523809523808,23.809523809523807,Medium,Thomas Ltd,Orthopedic,New Jersey
2699,36,872149.0,24226.36111111111,518731.6490839817,20749.265963359267,11,10,0.3055555555555556,0.2777777777777778,29.166666666666668,Medium,Riggs-Gonzalez,Dermatologist,Missouri
2700,39,1046056.0,26821.94871794872,490421.34804266924,23353.397525841392,18,9,0.46153846153846156,0.23076923076923078,34.61538461538461,Medium,Scott-Gomez,Dermatologist,Alabama
2701,32,877119.0,27409.96875,604921.2915202598,25205.05381334416,8,15,0.25,0.46875,35.9375,Medium,"Morrison, Decker and Brown",Dermatologist,Alaska
2702,46,1149715.0,24993.804347826088,637125.2228647758,21237.50742882586,16,14,0.34782608695652173,0.30434782608695654,32.608695652173914,Medium,"Lewis, Caldwell and Smith",Oncologist,North Dakota
2703,26,741307.0,28511.80769230769,568333.683815896,27063.508753137907,5,12,0.19230769230769232,0.46153846153846156,32.69230769230769,Medium,Norris and Sons,Orthopedic,Tennessee
2704,32,675426.0,21107.0625,468580.7337520101,19524.197239667086,8,9,0.25,0.28125,26.5625,Medium,Welch-Brown,Cardiologist,Missouri
2705,40,982398.0,24559.95,736759.0498876644,21669.383820225423,6,14,0.15,0.35,25.0,Medium,Kelly-Barnett,Oncologist,Vermont
2706,36,1039369.0,28871.36111111111,771281.488873754,26595.913409439796,7,11,0.19444444444444445,0.3055555555555556,25.0,Medium,Brennan-Frazier,Dermatologist,Alabama
2707,27,712495.0,26388.703703703704,437671.41468501714,21883.570734250858,7,7,0.25925925925925924,0.25925925925925924,25.925925925925924,Medium,"Barrett, Howard and Wall",Dermatologist,Florida
2708,28,701206.0,25043.071428571428,501177.27941698045,21790.316496390453,5,12,0.17857142857142858,0.42857142857142855,30.357142857142854,Medium,Griffin-Lutz,Dermatologist,Maine
2709,32,857761.0,26805.03125,485328.2519910905,22060.375090504112,10,10,0.3125,0.3125,31.25,Medium,Hudson-Allen,Dermatologist,Arkansas
2710,31,763198.0,24619.290322580644,550014.1030493623,20370.892705531936,4,15,0.12903225806451613,0.4838709677419355,30.645161290322584,Medium,"Russell, Cummings and Lawrence",Oncologist,Wisconsin
2711,34,729705.0,21461.91176470588,537891.9170997144,18547.997141369462,5,14,0.14705882352941177,0.4117647058823529,27.941176470588232,Medium,Benjamin LLC,General Practitioner,Wyoming
2712,33,819127.0,24822.030303030304,659103.2485152688,25350.124942894952,7,11,0.21212121212121213,0.3333333333333333,27.27272727272727,Medium,Castro Group,General Practitioner,Vermont
2713,37,886638.3524927528,23963.198716020346,598523.9605186352,19950.79868395451,7,12,0.1891891891891892,0.32432432432432434,25.675675675675677,Medium,Phillips and Sons,Oncologist,Maryland
2714,40,1248819.3978306667,31220.484945766668,707652.459174727,26209.350339804703,13,18,0.325,0.45,38.75,Medium,Gregory-Stevens,General Practitioner,Missouri
2715,40,1031372.0,25784.3,644476.8648631155,23017.03088796841,12,14,0.3,0.35,32.5,Medium,Melendez and Sons,Oncologist,Montana
2716,40,993051.0,24826.275,787019.495050357,22486.271287153057,5,15,0.125,0.375,25.0,Medium,Smith Ltd,Oncologist,North Dakota
2717,40,1120989.1230378991,28024.728075947478,824756.9620861677,26605.063293102183,9,14,0.225,0.35,28.75,Medium,"Wilkins, Carter and Cannon",Oncologist,Massachusetts
2718,40,1112761.0,27819.025,623198.2944913895,24927.93177965558,15,8,0.375,0.2,28.75,Medium,Pitts-Medina,Dermatologist,Alaska
2719,41,936531.0,22842.219512195123,616247.213290803,19257.725415337594,9,17,0.21951219512195122,0.4146341463414634,31.70731707317073,Medium,Jacobson PLC,Cardiologist,Michigan
2720,42,1021604.0,24323.904761904763,661764.0964611069,21347.228918100223,11,17,0.2619047619047619,0.40476190476190477,33.333333333333336,Medium,Smith and Sons,General Practitioner,Montana
2721,41,891745.0,21749.878048780487,676483.1619159532,18791.19894210981,5,14,0.12195121951219512,0.34146341463414637,23.170731707317074,Medium,Salas LLC,Oncologist,New Mexico
2722,33,871528.0,26409.939393939392,515195.54277227883,20607.821710891152,8,12,0.24242424242424243,0.36363636363636365,30.303030303030305,Medium,Price-Clark,Orthopedic,South Dakota
2723,40,1266645.5531234122,31666.138828085306,884209.7613120043,26006.169450353067,6,19,0.15,0.475,31.25,Medium,Nixon Inc,Dermatologist,North Carolina
2724,43,991257.0,23052.488372093023,703646.1260059889,20104.175028742542,8,19,0.18604651162790697,0.4418604651162791,31.395348837209305,Medium,Long-Ramos,Orthopedic,North Carolina
2725,39,1013296.2010038884,25981.953871894573,679653.5215864963,22655.11738621654,9,14,0.23076923076923078,0.358974358974359,29.48717948717949,Medium,Webb-Rowland,General Practitioner,Washington
2726,36,853209.6696782055,23700.268602172375,608109.0876785028,20270.30292261676,6,20,0.16666666666666666,0.5555555555555556,36.111111111111114,Medium,Williams Inc,General Practitioner,Illinois
2727,35,1000723.5156054116,28592.100445868902,683261.4073852043,25305.978051303864,8,14,0.22857142857142856,0.4,31.42857142857143,Medium,Wright LLC,Orthopedic,North Carolina
2728,37,1014520.0,27419.45945945946,804176.9268946126,24368.99778468523,4,12,0.10810810810810811,0.32432432432432434,21.62162162162162,Medium,"Bailey, Monroe and Russo",Oncologist,Washington
2729,34,948808.9947684075,27906.146904953162,666141.9881798053,24671.92548814094,7,12,0.20588235294117646,0.35294117647058826,27.941176470588236,Medium,"Gomez, Moody and Henderson",Orthopedic,Connecticut
2730,34,988313.0,29068.029411764706,577305.4551845241,26241.157053842002,12,7,0.35294117647058826,0.20588235294117646,27.941176470588236,Medium,"Duffy, Lopez and Brown",Oncologist,Missouri
2731,26,656306.0,25242.53846153846,341587.8727652961,18977.10404251645,8,10,0.3076923076923077,0.38461538461538464,34.61538461538462,Medium,Keller and Sons,Dermatologist,Kentucky
2732,38,950356.3317225417,25009.3771505932,617789.2997673288,20592.97665891096,8,13,0.21052631578947367,0.34210526315789475,27.631578947368418,Medium,Ward-Blair,Oncologist,Oklahoma
2733,42,998514.0,23774.14285714286,744199.6606134776,21262.84744609936,7,23,0.16666666666666666,0.5476190476190477,35.714285714285715,Medium,"Davila, Jackson and Edwards",Orthopedic,Virginia
2734,50,1140427.0,22808.54,796351.39626347,22120.87211842972,14,19,0.28,0.38,33.0,Medium,"Lane, Byrd and Miller",Cardiologist,Arkansas
2735,34,826806.0,24317.823529411766,582787.0021617309,21584.70378376781,7,15,0.20588235294117646,0.4411764705882353,32.35294117647059,Medium,George Group,Dermatologist,North Dakota
2736,33,796770.0,24144.545454545456,640553.6969728078,22088.058516303714,4,19,0.12121212121212122,0.5757575757575758,34.84848484848485,Medium,Haas Ltd,Dermatologist,Indiana
2737,32,685726.0,21428.9375,448821.2718372663,19513.968340750707,9,9,0.28125,0.28125,28.125,Medium,Mclaughlin-Smith,Orthopedic,South Dakota
2738,44,1189956.0,27044.454545454544,664576.8165184424,23734.886304230084,16,17,0.36363636363636365,0.38636363636363635,37.5,Medium,Daugherty-Walker,Cardiologist,New York
2739,48,1181657.1367363776,24617.8570153412,744593.0101618208,22563.424550358206,15,16,0.3125,0.3333333333333333,32.291666666666664,Medium,Moss-Reese,Cardiologist,Arizona
2740,42,1111381.8953991453,26461.47369997965,741864.2991792838,22480.736338766175,9,18,0.21428571428571427,0.42857142857142855,32.14285714285714,Medium,Camacho Ltd,General Practitioner,Illinois
2741,42,1119401.0,26652.404761904763,906960.328543363,25193.34245953786,6,13,0.14285714285714285,0.30952380952380953,22.61904761904762,Medium,"Miller, Burke and Williams",Cardiologist,New Mexico
2742,44,1007961.0,22908.204545454544,801257.1202683656,20031.42800670914,4,16,0.09090909090909091,0.36363636363636365,22.72727272727273,Medium,Robinson-Clay,General Practitioner,Maine
2743,35,931265.0,26607.571428571428,645665.1142488146,23913.522749956097,8,10,0.22857142857142856,0.2857142857142857,25.714285714285715,Medium,Fowler LLC,Oncologist,New Hampshire
2744,49,1310063.803303668,26735.995985789144,955243.9523348301,23298.632983776344,8,22,0.16326530612244897,0.4489795918367347,30.612244897959187,Medium,Hudson-Martin,Oncologist,Nevada
2745,33,742746.0,22507.454545454544,573776.5595716101,20492.01998470036,5,12,0.15151515151515152,0.36363636363636365,25.757575757575758,Medium,Richard Group,Oncologist,Nebraska
2746,36,982396.0,27288.777777777777,669482.2187595458,24795.63773183503,9,13,0.25,0.3611111111111111,30.555555555555554,Medium,"Bryan, Armstrong and Bryant",General Practitioner,Oregon
2747,46,1146949.994688237,24933.695536700805,717184.9434055047,21093.674806044255,12,14,0.2608695652173913,0.30434782608695654,28.26086956521739,Medium,"Gray, Caldwell and Brock",Cardiologist,California
2748,40,1091903.0,27297.575,580334.8972024185,23213.39588809674,15,10,0.375,0.25,31.25,Medium,Davis-Payne,Orthopedic,Georgia
2749,29,786154.0,27108.758620689656,540487.5690715817,23499.45952485138,6,8,0.20689655172413793,0.27586206896551724,24.137931034482758,Medium,"White, Savage and Goodman",Dermatologist,Arkansas
2750,33,866212.0,26248.848484848484,546265.6172011276,26012.64843814893,12,12,0.36363636363636365,0.36363636363636365,36.36363636363637,Medium,Wilson PLC,Cardiologist,Arkansas
2751,34,1117233.810896064,32859.81796753129,748845.9529295624,24961.531764318748,4,13,0.11764705882352941,0.38235294117647056,25.0,Medium,"Briggs, Watson and Tran",General Practitioner,Texas
2752,46,1272580.8099499373,27664.800216302985,670244.6630098282,20945.14571905713,14,20,0.30434782608695654,0.43478260869565216,36.95652173913044,Medium,Cox LLC,Orthopedic,Kentucky
2753,47,1322733.2414212117,28143.26045577046,891952.3818302834,24106.8211305482,10,18,0.2127659574468085,0.3829787234042553,29.787234042553195,Medium,Small and Sons,General Practitioner,Montana
2754,34,823809.6554116916,24229.695747402697,619776.0876580401,22954.669913260746,7,13,0.20588235294117646,0.38235294117647056,29.41176470588235,Medium,Lamb-Bailey,General Practitioner,Indiana
2755,44,1201723.0,27311.886363636364,847272.2290405955,23535.339695572096,8,18,0.18181818181818182,0.4090909090909091,29.545454545454547,Medium,"Lewis, Phillips and Richardson",Dermatologist,Tennessee
2756,38,995609.0,26200.236842105263,679679.3612019814,22655.978706732716,8,12,0.21052631578947367,0.3157894736842105,26.31578947368421,Medium,Villarreal-Simon,Orthopedic,California
2757,46,1212658.0,26362.130434782608,948906.2351157925,24330.92910553314,7,21,0.15217391304347827,0.45652173913043476,30.434782608695652,Medium,"Thomas, Ramos and Harper",Oncologist,Nevada
2758,32,791956.3496807402,24748.63592752313,534831.0105697307,24310.500480442304,10,9,0.3125,0.28125,29.6875,Medium,Murray and Sons,Cardiologist,New Jersey
2759,39,1176466.8478343266,30165.81661113658,768493.0375958397,24015.40742486999,7,23,0.1794871794871795,0.5897435897435898,38.46153846153847,Medium,Holloway-Thomas,Oncologist,Utah
2760,35,921660.0,26333.14285714286,553323.6292820561,22132.945171282245,10,12,0.2857142857142857,0.34285714285714286,31.428571428571427,Medium,Hayden and Sons,General Practitioner,Washington
2761,47,1200500.228267644,25542.558048247745,824387.2355024023,23553.92101435435,12,14,0.2553191489361702,0.2978723404255319,27.659574468085104,Medium,Wise LLC,Dermatologist,Montana
2762,44,994571.0,22603.886363636364,667279.8382570064,19625.877595794303,10,19,0.22727272727272727,0.4318181818181818,32.95454545454545,Medium,Holt-Knight,Orthopedic,North Carolina
2763,38,1074125.0,28266.447368421053,790655.0640077507,25505.00206476615,7,18,0.18421052631578946,0.47368421052631576,32.89473684210526,Medium,Bennett-Garcia,Dermatologist,Wyoming
2764,45,1185441.3514450255,26343.14114322279,849770.0725562869,23604.724237674636,9,19,0.2,0.4222222222222222,31.11111111111111,Medium,Jordan and Sons,Dermatologist,Arkansas
2765,47,1301777.0,27697.382978723403,1008911.4529983269,24021.701261864924,5,19,0.10638297872340426,0.40425531914893614,25.531914893617017,Medium,Young-Mcbride,Orthopedic,Arkansas
2766,40,1123718.9996488616,28092.97499122154,725283.1141169668,21331.85629755785,6,20,0.15,0.5,32.5,Medium,Maxwell Inc,Orthopedic,North Carolina
2767,30,711173.0,23705.766666666666,443453.9221345073,22172.696106725365,10,9,0.3333333333333333,0.3,31.666666666666664,Medium,Martinez-Martin,Orthopedic,Alabama
2768,42,1114994.846759237,26547.49635141041,545581.7572734307,20983.913741285796,16,11,0.38095238095238093,0.2619047619047619,32.142857142857146,Medium,Shepard-Higgins,Dermatologist,Arizona
2769,40,1229352.3775816818,30733.809439542045,714993.2551112968,24654.939831424028,11,15,0.275,0.375,32.5,Medium,Campbell Group,General Practitioner,Illinois
2770,33,825599.0,25018.151515151516,651455.9278794251,25055.997226131734,7,11,0.21212121212121213,0.3333333333333333,27.27272727272727,Medium,Williams Group,Dermatologist,Washington
2771,37,916333.0,24765.756756756757,699135.1271525484,24969.111684019586,9,15,0.24324324324324326,0.40540540540540543,32.432432432432435,Medium,Archer-Dunn,General Practitioner,Kentucky
2772,47,1169730.0,24887.872340425532,778646.832584076,22901.37742894341,13,18,0.2765957446808511,0.3829787234042553,32.97872340425532,Medium,Pearson and Sons,Cardiologist,Maine
2773,46,1206028.0743217487,26218.001615690187,760616.9300647592,23048.997880750278,13,18,0.2826086956521739,0.391304347826087,33.69565217391305,Medium,Rodriguez-Schultz,General Practitioner,North Dakota
2774,43,1384577.2869093197,32199.47178858883,816209.3809772036,24733.617605369807,10,20,0.23255813953488372,0.46511627906976744,34.883720930232556,Medium,Baker-Duran,Cardiologist,New Hampshire
2775,41,1035761.0,25262.463414634145,751007.19255925,23468.974767476564,9,12,0.21951219512195122,0.2926829268292683,25.609756097560975,Medium,Mcmillan-Gonzalez,Oncologist,Colorado
2776,30,799384.0,26646.133333333335,435221.31331099843,21761.065665549922,10,10,0.3333333333333333,0.3333333333333333,33.33333333333333,Medium,"Heath, Elliott and Rivera",Cardiologist,New Hampshire
2777,47,1295924.0,27572.85106382979,866914.1845134154,27091.068266044233,15,16,0.3191489361702128,0.3404255319148936,32.97872340425532,Medium,Phillips-Zamora,Dermatologist,Wyoming
2778,42,1225034.0,29167.47619047619,866681.1553831871,26263.065314642034,9,16,0.21428571428571427,0.38095238095238093,29.76190476190476,Medium,Ross-Perez,Oncologist,Texas
2779,37,862499.0,23310.783783783783,501273.58884033054,21794.503862623067,14,15,0.3783783783783784,0.40540540540540543,39.18918918918919,Medium,Foley-Watson,Dermatologist,Montana
2780,39,1097502.013385207,28141.077266287357,537615.7829362557,21504.63131745023,14,14,0.358974358974359,0.358974358974359,35.8974358974359,Medium,"Reyes, Strong and Smith",Dermatologist,Michigan
2781,44,948950.0,21567.045454545456,766352.6957492362,20712.235020249627,7,13,0.1590909090909091,0.29545454545454547,22.727272727272727,Medium,Mosley Inc,Cardiologist,Alabama
2782,60,1333411.0,22223.516666666666,840145.1289077784,19094.207475176783,16,25,0.26666666666666666,0.4166666666666667,34.16666666666667,Medium,Morris-Daniel,Orthopedic,Georgia
2783,33,769847.0,23328.696969696968,477404.33066456916,20756.71002889431,10,13,0.30303030303030304,0.3939393939393939,34.848484848484844,Medium,Bryant LLC,Dermatologist,Florida
2784,45,1013374.0,22519.422222222223,736201.4348889337,19897.33607807929,8,19,0.17777777777777778,0.4222222222222222,30.0,Medium,Reyes-Adams,Oncologist,Louisiana
2785,46,1013627.0,22035.369565217392,756793.3087991555,19915.61338945146,8,19,0.17391304347826086,0.41304347826086957,29.34782608695652,Medium,Salazar PLC,Dermatologist,Oregon
2786,37,738309.0,19954.297297297297,394855.8267822995,15794.23307129198,12,10,0.32432432432432434,0.2702702702702703,29.729729729729733,Medium,James LLC,Orthopedic,New Mexico
2787,34,836219.469661445,24594.690284160148,421168.45894514007,18311.67212804957,11,12,0.3235294117647059,0.35294117647058826,33.82352941176471,Medium,"Carter, Cardenas and Campbell",Orthopedic,Nevada
2788,56,1379120.0,24627.14285714286,978079.3115497087,22229.07526249338,12,24,0.21428571428571427,0.42857142857142855,32.14285714285714,Medium,Ellis-Stanley,Dermatologist,Oklahoma
2789,43,1084875.2088648402,25229.656020112565,649981.2039167307,20311.912622397835,11,18,0.2558139534883721,0.4186046511627907,33.720930232558146,Medium,Scott Group,Orthopedic,Utah
2790,37,908419.0,24551.864864864863,620707.1513935619,20022.81133527619,6,14,0.16216216216216217,0.3783783783783784,27.027027027027028,Medium,"Rios, Davis and Perry",Cardiologist,Illinois
2791,42,1130046.6462765164,26905.872530393248,766740.6140264933,23960.644188327915,10,21,0.23809523809523808,0.5,36.904761904761905,Medium,Bass-Wagner,General Practitioner,Alabama
2792,38,851460.0,22406.842105263157,618520.7449746553,22090.02660623769,10,13,0.2631578947368421,0.34210526315789475,30.263157894736842,Medium,Grant Group,Orthopedic,Washington
2793,46,1328822.2971543584,28887.441242486053,888190.9659299406,25376.884740855447,11,13,0.2391304347826087,0.2826086956521739,26.086956521739133,Medium,"Malone, Price and Walters",Dermatologist,South Dakota
2794,33,1004974.2800408143,30453.766061842856,510291.23863652704,22186.57559289248,10,10,0.30303030303030304,0.30303030303030304,30.303030303030305,Medium,Reese-Romero,Orthopedic,New Jersey
2795,42,1138456.0,27106.095238095237,837712.385963448,26178.51206135775,10,14,0.23809523809523808,0.3333333333333333,28.57142857142857,Medium,"Johnson, Harrison and Tran",Dermatologist,Virginia
2796,38,967417.96764159,25458.36756951553,710236.4411975053,25365.58718562519,10,15,0.2631578947368421,0.39473684210526316,32.89473684210526,Medium,"Rasmussen, Morgan and Roberts",Oncologist,New Hampshire
2797,49,1299573.137923644,26521.90077395192,1000190.6196026332,23260.2469675031,6,22,0.12244897959183673,0.4489795918367347,28.571428571428573,Medium,Fowler-Pena,Dermatologist,Florida
2798,43,1006197.0,23399.93023255814,660648.1879613132,20645.255873791037,11,22,0.2558139534883721,0.5116279069767442,38.372093023255815,Medium,Miller-Wade,Oncologist,Tennessee
2799,47,1305438.0708601654,27775.278103407774,790564.6393140396,21366.611873352424,10,16,0.2127659574468085,0.3404255319148936,27.659574468085104,Medium,Mendez PLC,General Practitioner,Delaware
2800,51,1468698.0,28798.0,982700.5539253433,25860.54089277219,13,14,0.2549019607843137,0.27450980392156865,26.470588235294116,Medium,Davies-Campbell,Cardiologist,Arkansas
2801,36,973242.0,27034.5,523657.6440888975,22767.723656039023,13,12,0.3611111111111111,0.3333333333333333,34.722222222222214,Medium,Powers-Reyes,General Practitioner,Arkansas
2802,50,1510832.1790385891,30216.643580771783,980937.4580915353,25152.24251516757,11,21,0.22,0.42,32.0,Medium,Walker Group,Dermatologist,Missouri
2803,32,1012906.0,31653.3125,663872.9263617079,28864.040276595995,9,14,0.28125,0.4375,35.9375,Medium,"Turner, Christian and Taylor",General Practitioner,Minnesota
2804,50,1114906.0,22298.12,759079.3318322618,19975.771890322678,12,16,0.24,0.32,28.0,Medium,Thomas-Lane,Oncologist,Hawaii
2805,37,1009184.0,27275.243243243243,527797.6906018292,21991.570441742882,13,10,0.35135135135135137,0.2702702702702703,31.08108108108108,Medium,Oconnor LLC,General Practitioner,Utah
2806,43,1403273.827994788,32634.275069646235,801481.2130044383,22899.463228698238,8,17,0.18604651162790697,0.3953488372093023,29.069767441860463,Medium,"Charles, Riley and Hansen",Cardiologist,Oklahoma
2807,37,833591.6849859483,22529.50499962022,461131.8200975667,18445.27280390267,12,10,0.32432432432432434,0.2702702702702703,29.729729729729733,Medium,Thompson Group,Orthopedic,Montana
2808,50,1438671.1230405057,28773.422460810114,892738.0595679118,27052.668471754903,17,24,0.34,0.48,41.0,Medium,Smith PLC,Oncologist,Indiana
2809,39,1282158.0,32875.846153846156,938417.2846416186,29325.54014505058,7,18,0.1794871794871795,0.46153846153846156,32.05128205128205,Medium,Fowler LLC,General Practitioner,Hawaii
2810,27,784133.0,29041.962962962964,409537.57965547213,24090.445862086595,10,11,0.37037037037037035,0.4074074074074074,38.888888888888886,Medium,Ortiz-Hunt,General Practitioner,Arkansas
2811,42,1164752.2023470164,27732.195293976583,859391.6550706471,25276.22514913668,8,16,0.19047619047619047,0.38095238095238093,28.57142857142857,Medium,Jensen-Peterson,General Practitioner,Georgia
2812,35,797577.0,22787.914285714287,560793.8078509481,20028.350280391,7,12,0.2,0.34285714285714286,27.142857142857142,Medium,"Hart, Day and Bishop",Oncologist,Utah
2813,45,1236741.0,27483.133333333335,894906.9287598679,24186.673750266702,8,23,0.17777777777777778,0.5111111111111111,34.44444444444444,Medium,Wright Ltd,General Practitioner,Tennessee
2814,49,1157125.0,23614.79591836735,864109.0849597375,20095.56011534273,6,18,0.12244897959183673,0.3673469387755102,24.48979591836735,Medium,Rodriguez-Randall,Orthopedic,Arkansas
2815,46,1213739.724850564,26385.646192403565,809596.5978424249,23131.331366926424,11,18,0.2391304347826087,0.391304347826087,31.52173913043478,Medium,"Reeves, Beltran and Hicks",Dermatologist,Florida
2816,42,854039.0,20334.261904761905,636519.0358162622,18186.258166178923,7,13,0.16666666666666666,0.30952380952380953,23.80952380952381,Medium,Hall-Gregory,General Practitioner,West Virginia
2817,38,969581.0,25515.28947368421,554294.676766372,20529.432472828594,11,14,0.2894736842105263,0.3684210526315789,32.89473684210526,Medium,"Howard, Santiago and Stevens",Orthopedic,New Mexico
2818,38,906460.0,23854.21052631579,450161.0195079865,17313.88536569179,12,15,0.3157894736842105,0.39473684210526316,35.526315789473685,Medium,Myers Group,Oncologist,Indiana
2819,28,756518.0,27018.5,605633.609320997,24225.34437283988,3,12,0.10714285714285714,0.42857142857142855,26.785714285714285,Medium,"Bradley, Stephens and Walker",Dermatologist,Wisconsin
2820,26,688901.0,26496.19230769231,529565.3060831807,23024.578525355682,3,14,0.11538461538461539,0.5384615384615384,32.69230769230769,Medium,Jones and Sons,Oncologist,Delaware
2821,37,942015.0,25459.864864864863,490476.3203043567,21325.05740453725,14,14,0.3783783783783784,0.3783783783783784,37.83783783783784,Medium,Smith-Clay,Dermatologist,Texas
2822,56,1404183.3503434777,25074.70268470496,1064579.596781067,21726.114220021776,7,21,0.125,0.375,25.0,Medium,Daugherty-Perry,Orthopedic,Arizona
2823,46,1152462.0,25053.521739130436,805258.5696953823,22368.293602649508,10,18,0.21739130434782608,0.391304347826087,30.434782608695652,Medium,Lyons Inc,Orthopedic,Idaho
2824,32,933880.6634210402,29183.770731907505,616159.3638521268,24646.37455408507,7,14,0.21875,0.4375,32.8125,Medium,Ochoa-Fernandez,Dermatologist,Oregon
2825,37,910526.0,24608.81081081081,627831.3250950617,20252.62339016328,6,13,0.16216216216216217,0.35135135135135137,25.675675675675677,Medium,Barajas PLC,Orthopedic,Indiana
2826,47,1163860.0,24762.978723404256,841544.7654329577,23376.243484248826,11,18,0.23404255319148937,0.3829787234042553,30.851063829787236,Medium,Nelson-Hess,Cardiologist,Alaska
2827,37,925234.0,25006.324324324323,679767.4651987726,22658.915506625755,7,17,0.1891891891891892,0.4594594594594595,32.432432432432435,Medium,"Johnson, Wright and Hill",Dermatologist,Georgia
2828,40,815150.0,20378.75,476409.1695024852,16427.90239663742,11,13,0.275,0.325,30.0,Medium,"Brown, Diaz and Miller",General Practitioner,Ohio
2829,45,1353917.0,30087.044444444444,829335.5113439563,25916.734729498636,13,7,0.28888888888888886,0.15555555555555556,22.22222222222222,Medium,Anderson LLC,General Practitioner,California
2830,39,886646.0,22734.51282051282,651828.3376441856,22476.83922910985,10,16,0.2564102564102564,0.41025641025641024,33.33333333333333,Medium,Wilson PLC,General Practitioner,Wisconsin
2831,35,874011.0,24971.742857142857,558728.2073623007,23280.341973429197,11,15,0.3142857142857143,0.42857142857142855,37.14285714285714,Medium,"Mccormick, Peterson and Rivers",General Practitioner,Florida
2832,35,910064.0,26001.82857142857,643426.4181160396,25737.056724641585,10,16,0.2857142857142857,0.45714285714285713,37.14285714285714,Medium,Ellison-Robinson,General Practitioner,Oregon
2833,37,954678.0,25802.108108108107,682235.2673135868,22741.17557711956,7,15,0.1891891891891892,0.40540540540540543,29.72972972972973,Medium,Francis Inc,Cardiologist,South Dakota
2834,40,1155508.0,28887.7,798588.3355340916,24955.88548544036,8,17,0.2,0.425,31.25,Medium,Ross Ltd,General Practitioner,Pennsylvania
2835,40,967953.401262481,24198.835031562026,585294.4132537073,19509.813775123577,10,15,0.25,0.375,31.25,Medium,Blake-Powell,Orthopedic,Texas
2836,48,1152059.0,24001.229166666668,800067.9588831925,22224.10996897757,12,23,0.25,0.4791666666666667,36.458333333333336,Medium,Cobb-Whitaker,Oncologist,Mississippi
2837,46,1404060.2748899648,30523.049454129672,1003099.5270271457,25720.500693003738,7,17,0.15217391304347827,0.3695652173913043,26.08695652173913,Medium,Morris-Ellison,Orthopedic,South Carolina
2838,53,1513556.0,28557.66037735849,1035609.2416489652,24657.36289640393,11,22,0.20754716981132076,0.41509433962264153,31.132075471698116,Medium,Velasquez Inc,Orthopedic,Wisconsin
2839,48,1024852.0,21351.083333333332,768306.4959041385,20218.59199747733,10,17,0.20833333333333334,0.3541666666666667,28.125000000000004,Medium,Bender Inc,Cardiologist,Vermont
2840,50,1274650.0,25493.0,797134.3194359863,22142.619984332952,14,17,0.28,0.34,31.0,Medium,Murphy Group,Cardiologist,Oklahoma
2841,31,699803.0,22574.290322580644,511415.3928782083,20456.615715128333,6,9,0.1935483870967742,0.2903225806451613,24.193548387096776,Medium,"Crawford, Wood and Armstrong",Orthopedic,Ohio
2842,40,1023022.7025848614,25575.567564621535,661644.3705264835,22054.812350882785,10,10,0.25,0.25,25.0,Medium,"Neal, Bates and Carson",Orthopedic,Minnesota
2843,44,1262714.0,28698.045454545456,968830.4055113837,25495.536987141677,6,16,0.13636363636363635,0.36363636363636365,25.0,Medium,"Wheeler, Rojas and Dixon",General Practitioner,Missouri
2844,29,774811.0,26717.620689655174,487781.44459547073,22171.88384524867,7,12,0.2413793103448276,0.41379310344827586,32.758620689655174,Medium,Dunn LLC,Oncologist,Illinois
2845,46,1184911.0,25758.934782608696,649889.6454188558,23210.34447924485,18,14,0.391304347826087,0.30434782608695654,34.78260869565217,Medium,"Wells, Perez and Huber",Cardiologist,Oregon
2846,40,1103970.7980308766,27599.269950771915,727207.9641972602,22036.604975674552,7,11,0.175,0.275,22.5,Medium,"Wiggins, Wade and Reed",Oncologist,Wisconsin
2847,30,674694.0,22489.8,476748.9242473002,20728.214097708704,7,11,0.23333333333333334,0.36666666666666664,30.0,Medium,Payne Ltd,Oncologist,Montana
2848,41,904333.0,22056.90243902439,581392.3366065071,18168.510518953346,9,14,0.21951219512195122,0.34146341463414637,28.04878048780488,Medium,Williams-Henderson,Cardiologist,Indiana
2849,37,939729.0,25398.08108108108,712667.3753849987,22270.85548078121,5,16,0.13513513513513514,0.43243243243243246,28.37837837837838,Medium,Ruiz PLC,Oncologist,Illinois
2850,30,720505.0,24016.833333333332,511239.8379400408,21301.659914168366,6,17,0.2,0.5666666666666667,38.33333333333333,Medium,"Harrell, Shelton and Jones",General Practitioner,Alabama
2851,39,1139326.1456059148,29213.490912972175,792182.1558171727,24005.519873247657,6,18,0.15384615384615385,0.46153846153846156,30.76923076923077,Medium,Mccarty-Richard,Cardiologist,South Carolina
2852,36,934885.0,25969.027777777777,587632.9503254548,22601.2673202098,10,11,0.2777777777777778,0.3055555555555556,29.166666666666668,Medium,Lewis-Jones,Orthopedic,New Mexico
2853,38,981414.0,25826.684210526317,595036.2314404111,22886.008901554273,12,12,0.3157894736842105,0.3157894736842105,31.57894736842105,Medium,"Kim, Hernandez and Brown",Dermatologist,Illinois
2854,43,1126005.0,26186.162790697676,785694.7384344892,23108.668777484978,9,17,0.20930232558139536,0.3953488372093023,30.232558139534884,Medium,Adams-Wilson,General Practitioner,Massachusetts
2855,34,768887.0,22614.323529411766,379207.3777274897,18960.368886374483,14,10,0.4117647058823529,0.29411764705882354,35.294117647058826,Medium,Parker Ltd,Cardiologist,California
2856,47,1244874.6626729222,26486.69495048771,773357.2941772203,22745.802769918246,13,18,0.2765957446808511,0.3829787234042553,32.97872340425532,Medium,"Salazar, Stephenson and Adams",Oncologist,Connecticut
2857,42,1182637.510268203,28158.035958766737,806426.8624294834,24437.177649378285,9,18,0.21428571428571427,0.42857142857142855,32.14285714285714,Medium,Schmidt Inc,Orthopedic,North Dakota
2858,38,882306.0,23218.57894736842,656909.363275626,21896.9787758542,8,12,0.21052631578947367,0.3157894736842105,26.31578947368421,Medium,Johnson-Farley,Dermatologist,Illinois
2859,47,1343228.691280898,28579.333857040383,909689.0749401904,26755.56102765266,13,16,0.2765957446808511,0.3404255319148936,30.851063829787236,Medium,"Hayden, Reed and Meyer",Cardiologist,Washington
2860,36,1025895.0,28497.083333333332,674896.3564887417,24103.441303169348,8,12,0.2222222222222222,0.3333333333333333,27.777777777777775,Medium,Mccoy-Rangel,General Practitioner,Hawaii
2861,42,847990.0,20190.238095238095,557726.9593719892,17991.192237806106,11,20,0.2619047619047619,0.47619047619047616,36.904761904761905,Medium,"Wright, Williams and Cross",General Practitioner,Alaska
2862,44,1330123.1703455064,30230.072053306965,910436.8504942274,26012.48144269221,9,18,0.20454545454545456,0.4090909090909091,30.681818181818187,Medium,Lewis LLC,Orthopedic,Kansas
2863,32,753339.0,23541.84375,478603.1864618163,19941.79943590901,8,10,0.25,0.3125,28.125,Medium,Norris Group,General Practitioner,Alabama
2864,34,1001277.0,29449.323529411766,689854.4786927225,27594.1791477089,9,11,0.2647058823529412,0.3235294117647059,29.411764705882355,Medium,Romero-Butler,Cardiologist,Wyoming
2865,40,1180152.6436384292,29503.816090960732,676105.0716092881,21809.841019654454,9,14,0.225,0.35,28.75,Medium,"Miles, Moore and Garza",Orthopedic,Idaho
2866,33,823156.0,24944.121212121212,507138.609598536,22049.50476515374,10,13,0.30303030303030304,0.3939393939393939,34.848484848484844,Medium,Jackson LLC,Dermatologist,Idaho
2867,40,1172406.0,29310.15,808039.8364017912,27863.442634544524,11,15,0.275,0.375,32.5,Medium,Li Inc,Cardiologist,New Jersey
2868,42,1085179.0,25837.595238095237,662149.1692887901,21359.650622219036,11,15,0.2619047619047619,0.35714285714285715,30.952380952380956,Medium,"Powell, Richardson and Green",General Practitioner,Kentucky
2869,40,1162667.0593543316,29066.67648385829,660780.926742676,23599.318812238427,12,12,0.3,0.3,30.0,Medium,George-Buck,Dermatologist,Washington
2870,41,1131924.94722549,27607.92554208512,747154.7212651917,21975.13886074093,7,19,0.17073170731707318,0.4634146341463415,31.707317073170735,Medium,Ellis-Bartlett,Dermatologist,Idaho
2871,46,1318267.200867826,28657.982627561432,821928.7156743839,22831.35321317733,10,23,0.21739130434782608,0.5,35.869565217391305,Medium,"Navarro, Davila and Moses",Orthopedic,Texas
2872,49,1078059.0,22001.20408163265,787207.043185357,20184.795979111717,10,21,0.20408163265306123,0.42857142857142855,31.632653061224488,Medium,Edwards Group,General Practitioner,Rhode Island
2873,40,1048385.0,26209.625,658768.2483503992,22716.146494841352,11,13,0.275,0.325,30.0,Medium,Cunningham-Medina,Oncologist,Oklahoma
2874,43,1287286.3178925682,29936.891113780657,698163.4472221906,24934.408829363947,15,13,0.3488372093023256,0.3023255813953488,32.55813953488372,Medium,"Smith, Gray and Solomon",Dermatologist,South Dakota
2875,39,1042231.5788603721,26723.886637445437,534231.0840811005,21369.243363244022,14,13,0.358974358974359,0.3333333333333333,34.61538461538461,Medium,Gregory-Gardner,Dermatologist,Connecticut
2876,37,997076.0,26948.0,759988.0495780845,26206.484468209812,8,11,0.21621621621621623,0.2972972972972973,25.675675675675677,Medium,Hanson-Walters,Cardiologist,Nebraska
2877,41,990658.0,24162.39024390244,495449.01453586086,19817.960581434436,16,16,0.3902439024390244,0.3902439024390244,39.02439024390244,Medium,Carson-Short,Orthopedic,Nebraska
2878,36,812370.0,22565.833333333332,579757.3124903659,20705.618303227355,8,11,0.2222222222222222,0.3055555555555556,26.38888888888889,Medium,"Hobbs, Foley and Gates",Oncologist,Texas
2879,33,808062.0,24486.727272727272,537228.9288260521,23357.779514176178,10,9,0.30303030303030304,0.2727272727272727,28.78787878787879,Medium,"Andrews, Wilcox and Short",General Practitioner,Wyoming
2880,43,1119547.1516032764,26035.980269843636,669192.4485853262,23075.601675356076,14,15,0.32558139534883723,0.3488372093023256,33.72093023255814,Medium,Smith and Sons,General Practitioner,Utah
2881,43,943887.0,21950.86046511628,581217.4471930448,17612.649914940754,10,16,0.23255813953488372,0.37209302325581395,30.232558139534884,Medium,Hawkins-Lopez,Cardiologist,Florida
2882,38,1057380.0,27825.78947368421,767094.2590670574,24744.976098937335,7,17,0.18421052631578946,0.4473684210526316,31.57894736842105,Medium,"Howard, Vega and Mcgee",Oncologist,Minnesota
2883,33,885232.0,26825.21212121212,582860.9684488501,24285.873685368755,9,14,0.2727272727272727,0.42424242424242425,34.848484848484844,Medium,Wyatt and Sons,General Practitioner,Massachusetts
2884,45,1165722.1034206634,25904.935631570297,663443.4335383407,25517.055136090028,19,12,0.4222222222222222,0.26666666666666666,34.44444444444444,Medium,"Curtis, Porter and Nash",Dermatologist,New York
2885,39,1012153.4917705364,25952.65363514196,668824.1355470903,22294.137851569678,9,19,0.23076923076923078,0.48717948717948717,35.8974358974359,Medium,Schmidt-Cruz,Dermatologist,Missouri
2886,36,913406.0,25372.38888888889,574067.8348816072,24959.47108180901,13,12,0.3611111111111111,0.3333333333333333,34.722222222222214,Medium,Ortiz LLC,Cardiologist,Maryland
2887,27,624871.0,23143.37037037037,438421.6840617904,20877.22305056145,6,11,0.2222222222222222,0.4074074074074074,31.48148148148148,Medium,Cook-Davis,General Practitioner,Missouri
2888,47,1066615.0,22693.936170212764,799862.6324078108,22218.40645577252,11,12,0.23404255319148937,0.2553191489361702,24.46808510638298,Medium,Robertson Inc,Cardiologist,Mississippi
2889,50,1127976.0,22559.52,840366.1194423236,20496.734620544477,9,24,0.18,0.48,33.0,Medium,Gay-Krause,Cardiologist,Alaska
2890,42,1058614.0,25205.095238095237,826131.5781261122,22327.880489894924,5,18,0.11904761904761904,0.42857142857142855,27.38095238095238,Medium,Miranda-Williamson,Orthopedic,Wyoming
2891,48,1150493.0,23968.604166666668,749664.2895887725,21418.979702536355,13,15,0.2708333333333333,0.3125,29.166666666666664,Medium,"Grant, Estrada and Sandoval",General Practitioner,Alaska
2892,45,1291656.0,28703.466666666667,926162.111709125,24372.68715024013,7,19,0.15555555555555556,0.4222222222222222,28.88888888888889,Medium,Cooley-White,General Practitioner,Michigan
2893,39,1061428.0,27216.102564102563,756015.88961055,25200.529653685,9,19,0.23076923076923078,0.48717948717948717,35.8974358974359,Medium,Terrell-Turner,Cardiologist,Rhode Island
2894,41,1052356.7033484252,25667.236667034762,615122.7881801798,18640.08449030848,8,18,0.1951219512195122,0.43902439024390244,31.707317073170735,Medium,Anthony Ltd,Cardiologist,Louisiana
2895,44,990774.0,22517.590909090908,697648.364828696,20519.069553785175,10,15,0.22727272727272727,0.3409090909090909,28.409090909090907,Medium,"Fleming, Butler and Mcclain",Dermatologist,Oklahoma
2896,47,1028937.2006030764,21892.28086389524,622750.5801852961,18316.19353486165,13,17,0.2765957446808511,0.3617021276595745,31.914893617021278,Medium,"Allen, Campos and Jordan",Orthopedic,Virginia
2897,41,1102160.0,26881.951219512193,794949.2054147488,24842.1626692109,9,20,0.21951219512195122,0.4878048780487805,35.36585365853659,Medium,Koch Inc,Cardiologist,Mississippi
2898,47,1082593.0,23033.893617021276,871045.1685879646,22922.24127863065,9,19,0.19148936170212766,0.40425531914893614,29.787234042553187,Medium,Hughes and Sons,General Practitioner,Rhode Island
2899,46,1256375.5219475315,27312.511346685467,859357.9996442201,23225.89188227622,9,23,0.1956521739130435,0.5,34.78260869565217,Medium,Moore-Gibson,Orthopedic,Illinois
2900,34,664521.0,19544.735294117647,437491.0503516186,16826.57885967764,8,12,0.23529411764705882,0.35294117647058826,29.411764705882355,Medium,Turner LLC,General Practitioner,Idaho
2901,39,1041704.0,26710.358974358973,834292.479267575,25281.590280835604,6,13,0.15384615384615385,0.3333333333333333,24.358974358974358,Medium,"Robles, Gilbert and Scott",Orthopedic,Indiana
2902,49,1437828.8914128353,29343.446763527252,963097.5310385614,24694.80848816824,10,21,0.20408163265306123,0.42857142857142855,31.632653061224488,Medium,Brown Inc,Dermatologist,Utah
2903,38,867282.0,22823.21052631579,600738.6279444293,21454.95099801533,10,10,0.2631578947368421,0.2631578947368421,26.31578947368421,Medium,Perez-Hernandez,Oncologist,Louisiana
2904,41,1043645.0,25454.756097560974,676535.1135166622,22551.170450555404,11,17,0.2682926829268293,0.4146341463414634,34.146341463414636,Medium,"Blair, Johnson and Fisher",Oncologist,New York
2905,34,898778.0,26434.647058823528,534269.8728284838,23229.124905586254,11,9,0.3235294117647059,0.2647058823529412,29.411764705882355,Medium,Beard-Perez,Cardiologist,Montana
2906,42,1260056.0,30001.333333333332,848134.5870078363,26504.205843994885,10,11,0.23809523809523808,0.2619047619047619,25.0,Medium,"Johnson, Ibarra and Rios",Oncologist,South Dakota
2907,32,685038.0,21407.4375,433874.4571291123,18864.106831700537,9,10,0.28125,0.3125,29.6875,Medium,Hamilton Group,General Practitioner,Connecticut
2908,40,1065977.0,26649.425,663876.7599338582,24588.028145698452,13,14,0.325,0.35,33.75,Medium,Stewart-Silva,General Practitioner,Montana
2909,33,721896.0,21875.636363636364,532229.3002840905,21289.17201136362,8,15,0.24242424242424243,0.45454545454545453,34.848484848484844,Medium,Kim and Sons,Orthopedic,New Hampshire
2910,54,1230167.0,22780.87037037037,846488.9224612913,21162.223061532284,14,20,0.25925925925925924,0.37037037037037035,31.48148148148148,Medium,Wallace and Sons,Dermatologist,New Hampshire
2911,37,879644.0,23774.162162162163,546437.859479893,21016.840749226652,11,16,0.2972972972972973,0.43243243243243246,36.486486486486484,Medium,Jones Inc,Cardiologist,Arkansas
2912,34,868683.6724227497,25549.519777139696,475985.96936032537,21635.72588001479,12,9,0.35294117647058826,0.2647058823529412,30.88235294117647,Medium,Smith-Fisher,Cardiologist,Colorado
2913,50,1110629.0,22212.58,749619.7710477218,19221.019770454408,11,20,0.22,0.4,31.0,Medium,"Nelson, King and Hill",General Practitioner,South Carolina
2914,42,1081985.3315934092,25761.55551412879,765850.610660224,23207.59426243103,9,15,0.21428571428571427,0.35714285714285715,28.57142857142857,Medium,"Simon, Davis and Smith",General Practitioner,Kentucky
2915,43,1021041.5534579707,23745.15240599932,592394.6117377207,19746.487057924023,13,15,0.3023255813953488,0.3488372093023256,32.55813953488372,Medium,Gonzalez-Woodard,Oncologist,Ohio
2916,37,833478.0,22526.432432432433,532266.3220504449,20471.781617324803,11,16,0.2972972972972973,0.43243243243243246,36.486486486486484,Medium,"Washington, Wilson and Gray",Cardiologist,Arkansas
2917,40,1050856.0,26271.4,796047.5611105758,23413.16356207576,6,17,0.15,0.425,28.75,Medium,Williams-Peterson,Orthopedic,Washington
2918,26,613350.0,23590.384615384617,395984.7095980824,19799.23547990412,6,12,0.23076923076923078,0.46153846153846156,34.61538461538461,Medium,"Austin, Payne and Barnett",Dermatologist,New Hampshire
2919,34,841621.0,24753.558823529413,623931.4957474495,22283.26770526605,6,13,0.17647058823529413,0.38235294117647056,27.941176470588236,Medium,"Garcia, Webster and Nguyen",Cardiologist,Hawaii
2920,38,1181122.1767523454,31082.162546114352,781970.0207946841,24436.563149833877,6,19,0.15789473684210525,0.5,32.89473684210526,Medium,Daugherty Inc,Orthopedic,Indiana
2921,40,1034599.6997947239,25864.992494868096,761163.6672728667,22387.16668449608,6,19,0.15,0.475,31.25,Medium,Sanchez-Swanson,General Practitioner,Louisiana
2922,44,1010560.0,22967.272727272728,707149.1252689633,22098.410164655103,12,13,0.2727272727272727,0.29545454545454547,28.409090909090907,Medium,"Johnson, Frederick and Davidson",Orthopedic,North Dakota
2923,34,959810.3300280914,28229.715589061514,584813.1985683446,20886.185663155164,6,11,0.17647058823529413,0.3235294117647059,25.0,Medium,"Smith, Brown and Cook",Orthopedic,Nevada
2924,33,868174.0,26308.303030303032,478325.32500184886,25175.017105360468,14,7,0.42424242424242425,0.21212121212121213,31.818181818181817,Medium,Rogers-Bennett,Cardiologist,New Mexico
2925,31,619862.0,19995.548387096773,462159.11673780414,20093.874640774095,8,12,0.25806451612903225,0.3870967741935484,32.25806451612903,Medium,Randall Inc,Orthopedic,Pennsylvania
2926,31,1048960.5973141096,33837.43862303579,547124.0579274693,24869.27536033951,9,10,0.2903225806451613,0.3225806451612903,30.645161290322584,Medium,Butler-Conley,Cardiologist,Kansas
2927,46,1315811.0,28604.58695652174,764092.9967963464,26348.034372287806,17,10,0.3695652173913043,0.21739130434782608,29.34782608695652,Medium,"Riggs, Allison and Schultz",Oncologist,South Carolina
2928,35,1047808.5049068474,29937.385854481352,574566.587577687,24981.155981638563,12,10,0.34285714285714286,0.2857142857142857,31.428571428571427,Medium,"Hendrix, Edwards and Owens",Oncologist,Alaska
2929,32,686241.0,21445.03125,551614.9336081374,19021.20460717715,3,17,0.09375,0.53125,31.25,Medium,Williams LLC,Orthopedic,Illinois
2930,33,1085433.2393060266,32891.91634260687,554263.0385361634,25193.77447891652,11,13,0.3333333333333333,0.3939393939393939,36.36363636363636,Medium,"Reilly, Jimenez and Johnson",Orthopedic,Tennessee
2931,38,883681.0,23254.763157894737,709310.6008723176,20266.0171677805,3,15,0.07894736842105263,0.39473684210526316,23.684210526315788,Medium,"Dixon, Jefferson and Cunningham",Dermatologist,Wyoming
2932,53,1426089.0,26907.33962264151,1066687.818310896,23704.17374024213,8,18,0.1509433962264151,0.33962264150943394,24.528301886792455,Medium,Campbell-Washington,General Practitioner,Kentucky
2933,36,864847.0,24023.527777777777,454476.2663565555,18936.511098189814,12,16,0.3333333333333333,0.4444444444444444,38.888888888888886,Medium,"Camacho, Kelley and Wilcox",Oncologist,Nevada
2934,48,1203154.0,25065.708333333332,803624.8346872806,21148.02196545475,10,20,0.20833333333333334,0.4166666666666667,31.250000000000004,Medium,Robinson Ltd,Orthopedic,Montana
2935,38,1013436.0,26669.36842105263,644452.2371239199,23868.601374959995,11,12,0.2894736842105263,0.3157894736842105,30.263157894736842,Medium,Castillo-Ross,Orthopedic,Rhode Island
2936,24,576999.0,24041.625,447490.1568875161,21309.05508988172,3,9,0.125,0.375,25.0,Medium,Vasquez-Cummings,Orthopedic,New Jersey
2937,40,1052361.0,26309.025,669674.4379441892,24802.756960895895,13,18,0.325,0.45,38.75,Medium,"Munoz, Gonzales and Wallace",Orthopedic,Virginia
2938,35,994811.4775302311,28423.18507229232,520153.647884638,22615.37599498426,12,14,0.34285714285714286,0.4,37.14285714285714,Medium,"Wu, Williams and Nash",Orthopedic,New Mexico
2939,38,893005.0,23500.13157894737,623740.4965336714,23101.49987161746,11,16,0.2894736842105263,0.42105263157894735,35.526315789473685,Medium,Jordan Inc,Dermatologist,Rhode Island
2940,35,924714.5189603175,26420.414827437642,500768.5124096178,18546.981941096954,8,15,0.22857142857142856,0.42857142857142855,32.857142857142854,Medium,Pierce Group,General Practitioner,Wisconsin
2941,29,639940.0,22066.896551724138,441687.9821753687,21032.76105596994,8,9,0.27586206896551724,0.3103448275862069,29.310344827586206,Medium,"Patterson, Perez and Castillo",Dermatologist,Kansas
2942,40,1071801.0,26795.025,772783.3450183306,23417.677121767596,7,15,0.175,0.375,27.5,Medium,Byrd-Hall,Cardiologist,Alabama
2943,45,1110113.4800016878,24669.18844448195,771948.1330679733,20314.42455442035,7,19,0.15555555555555556,0.4222222222222222,28.88888888888889,Medium,Gonzales Group,Dermatologist,Georgia
2944,49,1386101.0,28287.775510204083,950637.5830460307,25692.90764989272,12,21,0.24489795918367346,0.42857142857142855,33.6734693877551,Medium,"Gonzales, Miller and Palmer",General Practitioner,Tennessee
2945,35,1174914.8980146497,33568.99708613285,615461.4861492299,22794.869857378886,8,13,0.22857142857142856,0.37142857142857144,30.0,Medium,Phillips and Sons,General Practitioner,Arkansas
2946,32,784351.0,24510.96875,583336.3019169217,21605.04821914525,5,17,0.15625,0.53125,34.375,Medium,Davis-Hughes,Cardiologist,Idaho
2947,33,982760.0,29780.60606060606,752215.6256489315,27859.837986997463,6,12,0.18181818181818182,0.36363636363636365,27.272727272727273,Medium,Montgomery-Alexander,Cardiologist,Florida
2948,35,1023759.4817072677,29250.270905921934,618528.6356698053,22908.467987770568,8,12,0.22857142857142856,0.34285714285714286,28.57142857142857,Medium,"Roberson, Thompson and Parks",General Practitioner,Georgia
2949,53,1147774.0,21656.11320754717,807259.718555326,20181.49296388315,13,19,0.24528301886792453,0.3584905660377358,30.18867924528302,Medium,Dixon-Holmes,Oncologist,Oregon
2950,30,855715.7830788784,28523.859435962615,464376.17214327963,22113.15105444189,9,12,0.3,0.4,35.0,Medium,Flores LLC,General Practitioner,Iowa
2951,33,777160.4532837763,23550.316766175038,534166.7642865098,21366.670571460392,8,8,0.24242424242424243,0.24242424242424243,24.242424242424242,Medium,Ross-Kline,Cardiologist,Washington
2952,42,1050490.3025644326,25011.67387058173,744811.2439230449,21906.213056560144,8,16,0.19047619047619047,0.38095238095238093,28.57142857142857,Medium,Bender-Garcia,Oncologist,New York
2953,35,921122.0,26317.77142857143,701283.5757973805,23376.119193246017,5,14,0.14285714285714285,0.4,27.142857142857142,Medium,Rodriguez-Bates,Cardiologist,Utah
2954,34,880908.0,25909.058823529413,629998.708521381,24230.719558514655,8,9,0.23529411764705882,0.2647058823529412,25.0,Medium,"Hamilton, Ortiz and Brown",Dermatologist,Texas
2955,50,1402098.0,28041.96,971733.7564893337,25571.940960245625,12,23,0.24,0.46,35.0,Medium,"Cox, Johnson and Cooper",General Practitioner,Indiana
2956,37,836830.0,22617.027027027027,515905.60291477223,20636.22411659089,12,9,0.32432432432432434,0.24324324324324326,28.37837837837838,Medium,Perry and Sons,Dermatologist,Michigan
2957,31,752964.0,24289.16129032258,569174.5769445803,23715.607372690847,7,12,0.22580645161290322,0.3870967741935484,30.64516129032258,Medium,Owens Ltd,Orthopedic,Mississippi
2958,40,885135.0,22128.375,650152.6637583164,21671.755458610547,10,16,0.25,0.4,32.5,Medium,Pope LLC,Dermatologist,Wyoming
2959,44,1141214.0,25936.68181818182,729638.0542968285,23536.71142892995,13,20,0.29545454545454547,0.45454545454545453,37.5,Medium,Gomez Ltd,Orthopedic,Missouri
2960,36,917413.0,25483.694444444445,611547.5604736393,22649.909647171826,9,16,0.25,0.4444444444444444,34.72222222222222,Medium,Gomez-Harrison,General Practitioner,Michigan
2961,47,1236405.0,26306.489361702126,841779.9173350738,22152.1030877651,9,24,0.19148936170212766,0.5106382978723404,35.1063829787234,Medium,Jennings-Young,Cardiologist,Maine
2962,29,681884.1167490972,23513.245405141286,450387.44025911676,19582.062619961598,6,14,0.20689655172413793,0.4827586206896552,34.48275862068965,Medium,"Herman, Bryan and Baxter",Oncologist,Texas
2963,43,1047311.7892261301,24356.08812153791,705864.5662166483,22058.26769427026,11,16,0.2558139534883721,0.37209302325581395,31.395348837209305,Medium,Jones Ltd,Oncologist,North Carolina
2964,53,1450753.854486908,27372.714235602038,1048221.6993097729,24377.24882115751,10,24,0.18867924528301888,0.4528301886792453,32.07547169811321,Medium,Torres and Sons,Orthopedic,New York
2965,39,1035954.034935935,26562.923972716282,689649.1886935427,22246.748022372347,8,17,0.20512820512820512,0.4358974358974359,32.05128205128205,Medium,Bradford-Bullock,Cardiologist,Connecticut
2966,45,1237320.340990761,27496.00757757247,739521.7716523599,22409.750656132117,12,16,0.26666666666666666,0.35555555555555557,31.111111111111114,Medium,"Herrera, Nguyen and Baker",Orthopedic,Maryland
2967,48,1265111.0,26356.479166666668,778597.2080582067,25116.03896961957,17,16,0.3541666666666667,0.3333333333333333,34.375,Medium,Woods Inc,Oncologist,Oklahoma
2968,40,927055.5271848972,23176.38817962243,535677.806089894,19839.91874407015,13,14,0.325,0.35,33.75,Medium,Gordon and Sons,Oncologist,Delaware
2969,35,772463.0,22070.371428571427,513376.2661368798,19013.9357828474,8,11,0.22857142857142856,0.3142857142857143,27.142857142857142,Medium,"Anderson, Mcmillan and Smith",General Practitioner,Arkansas
2970,41,1087147.0,26515.780487804877,719170.027781616,24798.966475228135,12,12,0.2926829268292683,0.2926829268292683,29.268292682926827,Medium,Bell-Miller,Orthopedic,Massachusetts
2971,42,1009141.0,24027.166666666668,664903.8927086964,22927.72043823091,13,12,0.30952380952380953,0.2857142857142857,29.76190476190476,Medium,Cordova-Thomas,Orthopedic,Wisconsin
2972,44,1078129.0,24502.93181818182,759258.4613349885,22331.131215734957,10,22,0.22727272727272727,0.5,36.36363636363636,Medium,Murillo-Graves,Oncologist,Delaware
2973,39,934776.0,23968.615384615383,638691.9687072593,20602.966732492234,8,19,0.20512820512820512,0.48717948717948717,34.61538461538461,Medium,Benson and Sons,Oncologist,Idaho
2974,31,837482.0,27015.548387096773,633289.2429000105,24357.27857307733,5,15,0.16129032258064516,0.4838709677419355,32.25806451612903,Medium,"Lyons, Rodriguez and Lyons",General Practitioner,Alaska
2975,47,1013389.2237041569,21561.472844769298,695015.1245243524,19305.975681232012,11,23,0.23404255319148937,0.48936170212765956,36.170212765957444,Medium,"Lamb, Brown and Shepherd",Cardiologist,New Hampshire
2976,40,961282.144242564,24032.0536060641,601570.4817508645,20743.809715547053,11,11,0.275,0.275,27.500000000000004,Medium,Luna Ltd,Cardiologist,Georgia
2977,34,705162.0,20740.058823529413,464361.98869322485,19348.416195551035,10,12,0.29411764705882354,0.35294117647058826,32.352941176470594,Medium,Smith-Williams,Cardiologist,Wyoming
2978,37,840050.7142642171,22704.073358492355,509631.51355932286,18201.12548426153,9,17,0.24324324324324326,0.4594594594594595,35.13513513513514,Medium,Barajas LLC,Dermatologist,Arkansas
2979,37,831497.34951277,22472.90133818297,560782.7045673791,18089.76466346384,6,13,0.16216216216216217,0.35135135135135137,25.675675675675677,Medium,Wells-Cooper,Cardiologist,South Carolina
2980,39,976350.0,25034.615384615383,646104.0333025821,22279.44942422697,10,12,0.2564102564102564,0.3076923076923077,28.205128205128204,Medium,"Holmes, Snow and Perez",General Practitioner,West Virginia
2981,46,1302420.0750701576,28313.479892829513,905622.6738283441,25156.18538412067,10,20,0.21739130434782608,0.43478260869565216,32.608695652173914,Medium,Alexander PLC,Orthopedic,Vermont
2982,31,690407.1494023788,22271.198367818673,457396.25059442373,20790.738663382897,9,8,0.2903225806451613,0.25806451612903225,27.41935483870968,Medium,Howard and Sons,Orthopedic,Arkansas
2983,26,654049.0,25155.73076923077,511528.23457617895,23251.283389826316,4,8,0.15384615384615385,0.3076923076923077,23.076923076923077,Medium,"Stout, Ruiz and Smith",Cardiologist,Alabama
2984,30,854259.0490060495,28475.301633534986,453776.21363720385,22688.810681860192,10,11,0.3333333333333333,0.36666666666666664,35.0,Medium,Lee LLC,Dermatologist,Tennessee
2985,44,825540.0,18762.272727272728,491930.8833664914,14906.996465651255,11,19,0.25,0.4318181818181818,34.09090909090909,Medium,Sparks-Henderson,Orthopedic,Pennsylvania
2986,32,656342.0,20510.6875,487763.61104680586,18760.13888641561,6,15,0.1875,0.46875,32.8125,Medium,Esparza Ltd,Dermatologist,Maine
2987,38,1209548.4477764652,31830.222309906978,719743.1060481255,26657.152075856502,11,15,0.2894736842105263,0.39473684210526316,34.21052631578947,Medium,Wade-Wells,Cardiologist,Wyoming
2988,31,726073.0,23421.709677419356,498245.3327878073,20760.22219949197,7,11,0.22580645161290322,0.3548387096774194,29.032258064516128,Medium,Harris Ltd,Dermatologist,Arkansas
2989,35,903500.0,25814.285714285714,592767.3370717011,21170.26203827504,7,15,0.2,0.42857142857142855,31.428571428571427,Medium,Wolf-Wagner,Oncologist,Arkansas
2990,46,1565513.5570651628,34032.90341446006,834328.4456703007,24539.071931479433,12,13,0.2608695652173913,0.2826086956521739,27.173913043478258,Medium,Reed-Rodriguez,Oncologist,California
2991,33,939884.0,28481.333333333332,581160.7060772902,25267.85678596914,10,12,0.30303030303030304,0.36363636363636365,33.333333333333336,Medium,Wilson PLC,Oncologist,Montana
2992,33,946680.0,28687.272727272728,601441.7096083711,27338.259527653234,11,12,0.3333333333333333,0.36363636363636365,34.848484848484844,Medium,"Jenkins, Williams and Dominguez",General Practitioner,Maine
2993,36,883499.0,24541.63888888889,636464.570819813,23572.761882215294,9,12,0.25,0.3333333333333333,29.166666666666664,Medium,"Snyder, Allison and Cantrell",General Practitioner,Indiana
2994,46,1307518.0,28424.304347826088,833028.0994762803,26032.12810863376,14,14,0.30434782608695654,0.30434782608695654,30.434782608695656,Medium,"King, Mitchell and Cruz",Cardiologist,Ohio
2995,38,947489.5045756194,24933.93433093735,585089.2572290567,20896.044901037738,10,17,0.2631578947368421,0.4473684210526316,35.526315789473685,Medium,Burton-Ashley,Dermatologist,Tennessee
2996,40,1065347.5969872691,26633.689924681727,586926.8768346615,23477.07507338646,15,17,0.375,0.425,40.0,Medium,"Hunt, Carson and Pitts",Dermatologist,Rhode Island
2997,39,966594.4869012294,24784.474023108447,695286.9772876531,23176.232576255105,9,15,0.23076923076923078,0.38461538461538464,30.769230769230774,Medium,"Williams, Anderson and Wallace",Oncologist,Maine
2998,46,1231952.2907012769,26781.57153698428,843885.2850018365,23441.25791671768,10,18,0.21739130434782608,0.391304347826087,30.434782608695652,Medium,Adams Inc,Oncologist,New Jersey
2999,27,657718.0,24359.925925925927,406122.80193658685,21374.88431245194,8,6,0.2962962962962963,0.2222222222222222,25.925925925925924,Medium,Summers Inc,Oncologist,Connecticut
3000,40,1014349.0,25358.725,674241.2087413607,24971.896620050396,13,17,0.325,0.425,37.5,Medium,Roach-Gilmore,Dermatologist,Kentucky
3001,43,1282847.0,29833.6511627907,822828.2002093004,27427.606673643346,13,17,0.3023255813953488,0.3953488372093023,34.883720930232556,Medium,Morrow-Adams,Dermatologist,Minnesota
3002,38,1010098.0,26581.526315789473,626798.5429155229,23214.760848723072,11,12,0.2894736842105263,0.3157894736842105,30.263157894736842,Medium,Chambers-Marsh,Oncologist,Nevada
3003,31,856910.0,27642.25806451613,448820.4450560981,24934.469169783228,13,11,0.41935483870967744,0.3548387096774194,38.70967741935484,Medium,"Faulkner, Mcdonald and Perez",Dermatologist,West Virginia
3004,41,919593.3462298076,22429.106005605063,644350.1606281378,20785.489052520574,10,14,0.24390243902439024,0.34146341463414637,29.26829268292683,Medium,Bridges-Allen,General Practitioner,South Carolina
3005,51,1379926.4502673745,27057.38137779166,994645.8689627973,24259.655340556033,10,26,0.19607843137254902,0.5098039215686274,35.294117647058826,Medium,Santiago-Hughes,Cardiologist,Florida
3006,51,1331615.1793246637,26110.10155538556,902007.8604812371,21476.377630505645,9,18,0.17647058823529413,0.35294117647058826,26.47058823529412,Medium,Chung and Sons,Oncologist,Nebraska
3007,42,1180345.9435651377,28103.47484678899,707315.6706191519,22103.614706848497,10,15,0.23809523809523808,0.35714285714285715,29.76190476190476,Medium,Owens-Miller,Orthopedic,Virginia
3008,36,874903.0,24302.86111111111,514404.4783435393,19784.787628597664,10,9,0.2777777777777778,0.25,26.38888888888889,Medium,"Jones, Nelson and Hernandez",General Practitioner,Maine
3009,45,1059916.0,23553.68888888889,748311.4702247572,22009.160888963448,11,19,0.24444444444444444,0.4222222222222222,33.33333333333333,Medium,"Wright, Baker and Lara",Oncologist,Colorado
3010,35,927467.0,26499.057142857142,766630.4232581191,23957.200726816223,3,20,0.08571428571428572,0.5714285714285714,32.857142857142854,Medium,Ferguson PLC,Oncologist,Montana
3011,40,939321.0,23483.025,713492.7554785096,20985.081043485578,6,18,0.15,0.45,30.0,Medium,Yu-Stewart,Dermatologist,Vermont
3012,46,1096101.8674050618,23828.301465327433,753401.8754983821,20927.82987495506,10,16,0.21739130434782608,0.34782608695652173,28.26086956521739,Medium,"Lin, Martin and Moreno",General Practitioner,North Dakota
3013,41,1069826.0,26093.317073170732,776779.667437499,24274.364607421845,9,20,0.21951219512195122,0.4878048780487805,35.36585365853659,Medium,Robinson-Hubbard,Cardiologist,Montana
3014,45,1343207.2897872091,29849.050884160202,866784.6578525541,22810.122575067213,7,21,0.15555555555555556,0.4666666666666667,31.11111111111111,Medium,Mueller LLC,Orthopedic,New Jersey
3015,42,1095606.0,26085.85714285714,861627.9608738987,24617.94173925425,7,15,0.16666666666666666,0.35714285714285715,26.19047619047619,Medium,Blankenship PLC,Oncologist,Michigan
3016,31,818824.0,26413.677419354837,571800.3045662976,25990.922934831706,9,10,0.2903225806451613,0.3225806451612903,30.645161290322584,Medium,Lowe-Simpson,Cardiologist,South Carolina
3017,39,1000411.0,25651.5641025641,757186.2278032892,24425.362187202878,8,14,0.20512820512820512,0.358974358974359,28.205128205128204,Medium,Marshall-Rojas,Orthopedic,Wisconsin
3018,46,1059784.0,23038.782608695652,620360.2597646973,22155.7235630249,18,5,0.391304347826087,0.10869565217391304,25.0,Medium,"Howell, Olson and Porter",Cardiologist,Virginia
3019,43,1202230.8578983957,27958.857160427808,670742.3423520037,23129.046288000125,14,14,0.32558139534883723,0.32558139534883723,32.55813953488372,Medium,Michael Ltd,Dermatologist,Delaware
3020,38,1078262.0,28375.315789473683,720753.8656687764,23250.12469899279,7,13,0.18421052631578946,0.34210526315789475,26.31578947368421,Medium,Trevino-Pittman,General Practitioner,Maine
3021,42,1258020.1174233353,29952.85993865084,808006.256229304,25250.19550716575,10,14,0.23809523809523808,0.3333333333333333,28.57142857142857,Medium,Jones-Walsh,Oncologist,North Carolina
3022,35,914692.0,26134.057142857142,707546.1766284975,23584.87255428325,5,13,0.14285714285714285,0.37142857142857144,25.714285714285715,Medium,Jones PLC,Orthopedic,West Virginia
3023,44,1254161.0,28503.659090909092,849842.4224005379,24281.212068586796,9,19,0.20454545454545456,0.4318181818181818,31.81818181818182,Medium,Fuentes Inc,Oncologist,North Carolina
3024,36,866862.0,24079.5,736168.7867689971,25385.13057824128,7,16,0.19444444444444445,0.4444444444444444,31.944444444444443,Medium,Patterson LLC,Orthopedic,Maryland
3025,56,1496624.0,26725.428571428572,1087641.6741695208,24719.1289583982,12,26,0.21428571428571427,0.4642857142857143,33.92857142857143,Medium,"Torres, Murray and Ward",Cardiologist,South Carolina
3026,42,1067155.0,25408.45238095238,670233.3765227507,21620.431500733896,11,16,0.2619047619047619,0.38095238095238093,32.142857142857146,Medium,"Bailey, James and Shah",Oncologist,Arizona
3027,48,1036197.0,21587.4375,717104.5836526002,21091.311283900006,14,13,0.2916666666666667,0.2708333333333333,28.125,Medium,Davidson-Olson,General Practitioner,Arkansas
3028,39,1035885.4367069224,26561.16504376724,646894.7402999605,20215.460634373765,7,18,0.1794871794871795,0.46153846153846156,32.05128205128205,Medium,"Reynolds, Wilson and Roberts",Orthopedic,Illinois
3029,41,1092975.0892618154,26657.92900638574,560359.2593343141,21552.279205165927,15,11,0.36585365853658536,0.2682926829268293,31.707317073170735,Medium,Patton-Ford,Dermatologist,Montana
3030,40,1051126.0,26278.15,504732.9532214677,24034.902534355602,19,10,0.475,0.25,36.25,Medium,"Patrick, Roberts and Evans",Cardiologist,Georgia
3031,48,1169301.0,24360.4375,904444.1915228061,21534.385512447763,6,21,0.125,0.4375,28.125,Medium,Hurst-Roberts,Dermatologist,North Carolina
3032,36,1077676.0,29935.444444444445,850026.9428185638,28334.23142728546,6,13,0.16666666666666666,0.3611111111111111,26.388888888888886,Medium,Bradford-Henry,Cardiologist,New Hampshire
3033,43,1279090.0,29746.279069767443,889916.217399879,28706.974754834806,12,13,0.27906976744186046,0.3023255813953488,29.069767441860463,Medium,"Elliott, Lopez and Torres",General Practitioner,Ohio
3034,43,1078258.0,25075.767441860466,765608.3413454441,22517.892392513062,9,18,0.20930232558139536,0.4186046511627907,31.395348837209305,Medium,Kline Ltd,Dermatologist,North Dakota
3035,36,868275.0,24118.75,676383.0531166657,20496.456155050477,3,17,0.08333333333333333,0.4722222222222222,27.77777777777778,Medium,Morales Group,Cardiologist,Minnesota
3036,50,1230457.0,24609.14,836306.1731931483,22008.057189293377,12,20,0.24,0.4,32.0,Medium,"Norton, Pham and Green",Dermatologist,Mississippi
3037,42,1232188.0,29337.809523809523,760546.230713323,27162.36538261868,14,17,0.3333333333333333,0.40476190476190477,36.9047619047619,Medium,King-Byrd,Cardiologist,Mississippi
3038,38,1007544.6601085984,26514.33316075259,552078.4846041007,21233.78786938849,12,14,0.3157894736842105,0.3684210526315789,34.21052631578947,Medium,"Washington, Jones and Young",General Practitioner,Nebraska
3039,41,931050.0,22708.536585365855,651104.2643679985,21703.475478933284,11,12,0.2682926829268293,0.2926829268292683,28.048780487804876,Medium,"Murphy, Holmes and Rollins",Oncologist,Indiana
3040,50,1518637.0525812334,30372.741051624667,742899.3665620993,23215.605205065604,18,19,0.36,0.38,37.0,Medium,"Gardner, Lawrence and Long",Cardiologist,Oklahoma
3041,47,1197230.0209456002,25472.979169055325,758724.4327926157,20506.065751151775,10,16,0.2127659574468085,0.3404255319148936,27.659574468085104,Medium,Simmons Inc,Orthopedic,Illinois
3042,40,1150672.4414252215,28766.811035630537,810616.465529131,25331.764547785344,8,12,0.2,0.3,25.0,Medium,Thompson Group,Oncologist,South Dakota
3043,53,1398254.0,26382.150943396227,1043578.1610023305,24269.25955819373,10,23,0.18867924528301888,0.4339622641509434,31.132075471698116,Medium,"Barber, Torres and Huynh",Dermatologist,Vermont
3044,42,972041.0,23143.833333333332,703155.2736557911,21973.60230174347,10,18,0.23809523809523808,0.42857142857142855,33.33333333333333,Medium,Johnson PLC,Dermatologist,Hawaii
3045,31,863974.0,27870.129032258064,572436.5337665486,24888.54494637168,8,15,0.25806451612903225,0.4838709677419355,37.096774193548384,Medium,Shepard LLC,Dermatologist,New York
3046,34,900957.0,26498.735294117647,489451.4269522342,20393.80945634309,10,13,0.29411764705882354,0.38235294117647056,33.82352941176471,Medium,Novak Inc,Orthopedic,Washington
3047,48,1303268.0,27151.416666666668,838104.080599031,23945.830874258027,13,20,0.2708333333333333,0.4166666666666667,34.375,Medium,"Craig, Martin and Ayala",Orthopedic,South Dakota
3048,45,1273599.0,28302.2,938906.5579087347,25375.852916452288,8,21,0.17777777777777778,0.4666666666666667,32.22222222222222,Medium,"Schneider, Oneal and Villarreal",Orthopedic,Vermont
3049,34,931172.0,27387.41176470588,595138.602059074,24797.441752461415,10,15,0.29411764705882354,0.4411764705882353,36.76470588235294,Medium,Welch-Thomas,Orthopedic,New York
3050,44,1075529.0,24443.840909090908,620464.3009329729,20682.14336443243,14,12,0.3181818181818182,0.2727272727272727,29.545454545454543,Medium,Herrera-Harris,Orthopedic,New York
3051,29,810004.3090091189,27931.183069279963,452409.99780268763,23811.05251593093,10,9,0.3448275862068966,0.3103448275862069,32.758620689655174,Medium,"Rosales, Dixon and Vega",Orthopedic,Montana
3052,35,805451.0,23012.885714285716,519300.80082837207,19233.36299364341,8,19,0.22857142857142856,0.5428571428571428,38.57142857142857,Medium,Kirby Inc,Oncologist,Ohio
3053,45,1114325.0,24762.777777777777,678217.0837759253,19377.630965026437,10,15,0.2222222222222222,0.3333333333333333,27.777777777777775,Medium,Boyle and Sons,Oncologist,Oregon
3054,44,1226411.6759282926,27872.99263473392,752768.3715372265,24282.850694749242,13,16,0.29545454545454547,0.36363636363636365,32.95454545454545,Medium,Cole Inc,Dermatologist,Wyoming
3055,45,1577242.4490750914,35049.832201668694,837479.0430413268,24631.736560039022,11,17,0.24444444444444444,0.37777777777777777,31.11111111111111,Medium,Romero Inc,Orthopedic,Mississippi
3056,40,1086951.0,27173.775,792380.9069126311,23305.320791547972,6,18,0.15,0.45,30.0,Medium,Sullivan Group,General Practitioner,Florida
3057,40,1345209.2596283073,33630.23149070768,800566.4811220292,25824.725197484815,9,16,0.225,0.4,31.25,Medium,"Hudson, Robinson and Rogers",Dermatologist,Georgia
3058,35,834474.0,23842.114285714284,593204.2702905489,21185.86679609103,7,14,0.2,0.4,30.0,Medium,"Wells, Franklin and Rodriguez",Dermatologist,Florida
3059,40,1058859.0,26471.475,639215.4186213565,22829.122093619873,12,14,0.3,0.35,32.5,Medium,Morgan-Barnes,Cardiologist,Oklahoma
3060,32,722818.0,22588.0625,536904.4544407827,22371.01893503261,8,14,0.25,0.4375,34.375,Medium,Obrien Group,Dermatologist,Texas
3061,41,1114795.0,27190.121951219513,826824.4889515177,25055.287543985385,8,11,0.1951219512195122,0.2682926829268293,23.170731707317074,Medium,"Davis, Kim and Vaughn",Dermatologist,California
3062,33,643961.0,19513.969696969696,446852.59576556436,20311.48162570747,11,9,0.3333333333333333,0.2727272727272727,30.303030303030297,Medium,"Miller, Elliott and Smith",Dermatologist,North Carolina
3063,44,1120801.0,25472.75,741377.4669651033,23168.045842659478,12,13,0.2727272727272727,0.29545454545454547,28.409090909090907,Medium,Townsend-Hammond,Cardiologist,Mississippi
3064,44,1210440.4814778694,27510.01094267885,724851.2153710969,22651.600480346777,12,10,0.2727272727272727,0.22727272727272727,25.0,Medium,"Flores, Frost and Vaughn",General Practitioner,South Dakota
3065,47,1317455.740032975,28030.97319219096,759009.215434211,23719.037982319092,15,17,0.3191489361702128,0.3617021276595745,34.04255319148936,Medium,Fox Ltd,Orthopedic,New Hampshire
3066,45,1050780.0,23350.666666666668,720891.1573100438,22527.84866593887,13,25,0.28888888888888886,0.5555555555555556,42.22222222222222,Medium,Fields-Adams,Cardiologist,Colorado
3067,38,994483.818320836,26170.62679791674,757183.8071123892,22944.963851890585,5,14,0.13157894736842105,0.3684210526315789,24.999999999999996,Medium,Anthony and Sons,Orthopedic,South Dakota
3068,46,1275085.2017228939,27719.243515715083,825192.071355491,23576.916324442598,11,14,0.2391304347826087,0.30434782608695654,27.173913043478265,Medium,"Juarez, Jimenez and Khan",Oncologist,Delaware
3069,40,1093043.0,27326.075,751762.4335192039,24250.40108126464,9,19,0.225,0.475,35.0,Medium,"Brown, Ramirez and Lee",Dermatologist,Vermont
3070,43,939373.0,21845.883720930233,595761.6957700078,17522.402816764934,9,17,0.20930232558139536,0.3953488372093023,30.232558139534884,Medium,"Andrade, Orr and Adams",Dermatologist,Missouri
3071,39,982486.0,25191.94871794872,748238.6518285199,22007.019171427055,5,16,0.1282051282051282,0.41025641025641024,26.92307692307692,Medium,Willis-Price,Dermatologist,Maryland
3072,43,989196.2890455659,23004.56486152479,727776.5516871924,20216.015324644235,7,14,0.16279069767441862,0.32558139534883723,24.41860465116279,Medium,"Perry, King and Thomas",Dermatologist,New Jersey
3073,40,911904.951335081,22797.623783377025,685850.2792921806,21432.821227880642,8,17,0.2,0.425,31.25,Medium,Watts-Guerrero,General Practitioner,Mississippi
3074,44,927341.0,21075.93181818182,608060.0560142125,19614.8405165875,13,15,0.29545454545454547,0.3409090909090909,31.818181818181817,Medium,Allen-Clark,Orthopedic,Kentucky
3075,39,1017440.0,26088.20512820513,623262.8691994579,23083.809970350292,12,14,0.3076923076923077,0.358974358974359,33.333333333333336,Medium,Krueger LLC,Cardiologist,New Hampshire
3076,40,991162.5443553792,24779.06360888448,489506.8875472696,17482.388840973912,12,10,0.3,0.25,27.5,Medium,"Bennett, Reed and Turner",Cardiologist,New York
3077,41,977541.0,23842.463414634145,657147.7514702975,21904.925049009915,11,13,0.2682926829268293,0.3170731707317073,29.26829268292683,Medium,Garcia Group,General Practitioner,Vermont
3078,45,1217212.0,27049.155555555557,863546.0118183676,24672.743194810504,10,21,0.2222222222222222,0.4666666666666667,34.44444444444444,Medium,Stone-Kim,General Practitioner,Kansas
3079,47,1142649.2627700176,24311.68644191527,704721.1854529668,22022.537045405214,15,13,0.3191489361702128,0.2765957446808511,29.787234042553195,Medium,Burns-Decker,Oncologist,Connecticut
3080,40,1111325.0,27783.125,738141.6005613916,26362.2000200497,12,16,0.3,0.4,35.0,Medium,Cervantes PLC,Orthopedic,Vermont
3081,51,1307712.0,25641.41176470588,891864.3529788987,24774.009804969406,15,22,0.29411764705882354,0.43137254901960786,36.274509803921575,Medium,"Klein, Harrell and Richard",Dermatologist,Virginia
3082,41,998980.0,24365.365853658535,663693.5537944782,21409.469477241233,10,16,0.24390243902439024,0.3902439024390244,31.70731707317073,Medium,"Owens, Pierce and Higgins",Dermatologist,Virginia
3083,43,1092886.8564603403,25415.973406054425,802888.0462018877,22302.445727830214,7,17,0.16279069767441862,0.3953488372093023,27.906976744186046,Medium,"Hart, Smith and Jordan",General Practitioner,Delaware
3084,44,956576.0,21740.363636363636,672675.7846693838,18685.438463038437,8,17,0.18181818181818182,0.38636363636363635,28.409090909090907,Medium,Ware-Welch,General Practitioner,Virginia
3085,34,870123.0,25591.852941176472,436392.6512858701,21819.632564293504,14,13,0.4117647058823529,0.38235294117647056,39.705882352941174,Medium,"Middleton, Johnson and Garcia",Cardiologist,Oklahoma
3086,46,1281323.870444063,27854.86674878398,722644.779692251,20646.993705492885,11,22,0.2391304347826087,0.4782608695652174,35.869565217391305,Medium,Taylor Inc,Cardiologist,Minnesota
3087,36,878461.0,24401.694444444445,494630.8395457876,19024.26305945337,10,12,0.2777777777777778,0.3333333333333333,30.555555555555554,Medium,"Werner, Dean and Bowen",General Practitioner,Delaware
3088,36,801683.0,22268.972222222223,486496.68020723603,18018.395563230963,9,14,0.25,0.3888888888888889,31.944444444444446,Medium,Scott-Ashley,Oncologist,Hawaii
3089,33,797364.0,24162.545454545456,509131.6805586481,20365.267222345923,8,12,0.24242424242424243,0.36363636363636365,30.303030303030305,Medium,"Vasquez, Howard and Williams",Oncologist,Florida
3090,38,1014733.0,26703.5,707713.5862756326,26211.61430650491,11,11,0.2894736842105263,0.2894736842105263,28.947368421052634,Medium,Reed-Vargas,Dermatologist,Maine
3091,43,931993.6242012139,21674.270330260788,645513.7934332344,18443.251240949554,8,18,0.18604651162790697,0.4186046511627907,30.232558139534888,Medium,"Curtis, Sparks and Davis",Oncologist,California
3092,45,1251325.7280530068,27807.23840117793,724766.235814105,24158.874527136835,15,21,0.3333333333333333,0.4666666666666667,40.0,Medium,Sanchez-Bond,Dermatologist,New Mexico
3093,47,1157633.0,24630.489361702126,857688.2158895088,21442.20539723772,7,18,0.14893617021276595,0.3829787234042553,26.595744680851066,Medium,"Pugh, Moore and Williams",Oncologist,California
3094,32,935123.0,29222.59375,712795.8844528279,27415.226325108764,6,12,0.1875,0.375,28.125,Medium,Booth PLC,Oncologist,Pennsylvania
3095,36,877951.0,24387.527777777777,532926.6312304481,20497.178124248006,10,14,0.2777777777777778,0.3888888888888889,33.333333333333336,Medium,Robinson-Fields,General Practitioner,Minnesota
3096,36,842633.0,23406.472222222223,601969.5231218527,22295.16752303158,9,12,0.25,0.3333333333333333,29.166666666666664,Medium,Mitchell-Higgins,Oncologist,South Carolina
3097,36,946121.0,26281.13888888889,556063.6187415085,23169.31744756285,12,6,0.3333333333333333,0.16666666666666666,24.999999999999996,Medium,"Gonzalez, Tate and Beck",Dermatologist,Ohio
3098,42,995058.0,23691.85714285714,611271.9366490282,20375.731221634273,12,14,0.2857142857142857,0.3333333333333333,30.95238095238095,Medium,White-Roberts,Orthopedic,New Jersey
3099,36,866336.0,24064.88888888889,596103.2373087732,20555.28404513011,7,17,0.19444444444444445,0.4722222222222222,33.333333333333336,Medium,Larson-Diaz,Orthopedic,Illinois
3100,41,1079292.0,26324.19512195122,837749.0557159506,23270.80710322085,5,19,0.12195121951219512,0.4634146341463415,29.26829268292683,Medium,Glover-Paul,Cardiologist,Pennsylvania
3101,47,1412177.0,30046.31914893617,986973.8489838684,26674.9688914559,10,20,0.2127659574468085,0.425531914893617,31.914893617021278,Medium,Thomas PLC,Dermatologist,South Carolina
3102,33,1152326.0796600766,34918.97211091141,747000.0243869189,27666.667569885885,6,12,0.18181818181818182,0.36363636363636365,27.272727272727273,Medium,"Booth, Richardson and Rasmussen",General Practitioner,Washington
3103,47,1069151.86539249,22747.91202962745,588534.8573487214,18391.714292147542,15,15,0.3191489361702128,0.3191489361702128,31.914893617021278,Medium,Larson Inc,General Practitioner,Maine
3104,46,1202694.0086435357,26145.521927033384,790162.999048816,21948.972195800445,10,21,0.21739130434782608,0.45652173913043476,33.69565217391305,Medium,Graham Group,Cardiologist,Alabama
3105,31,791536.1253621811,25533.423398780036,511526.1853649099,23251.19024385954,9,14,0.2903225806451613,0.45161290322580644,37.096774193548384,Medium,Lucas-Walker,Orthopedic,Utah
3106,44,1087393.0,24713.477272727272,780023.715089206,22941.873973211943,10,14,0.22727272727272727,0.3181818181818182,27.272727272727273,Medium,Barnes-Williams,Dermatologist,Nebraska
3107,28,855317.0,30547.035714285714,690378.4095538743,27615.13638215497,3,11,0.10714285714285714,0.39285714285714285,25.0,Medium,Clark Inc,Oncologist,West Virginia
3108,39,1138667.4149126348,29196.60038237525,792537.418042701,25565.723162667775,8,12,0.20512820512820512,0.3076923076923077,25.641025641025642,Medium,Rhodes-Lewis,Cardiologist,Ohio
3109,45,1224005.1910937496,27200.11535763888,668535.4329085556,23876.265461019844,17,13,0.37777777777777777,0.28888888888888886,33.33333333333333,Medium,Johnson-Hernandez,Dermatologist,Kentucky
3110,47,1218602.0,25927.702127659573,705633.6859429475,22762.376965901534,16,17,0.3404255319148936,0.3617021276595745,35.1063829787234,Medium,Dalton-Warren,Oncologist,Delaware
3111,37,1189548.201270628,32149.95138569265,642378.2074116725,26765.758642153018,13,9,0.35135135135135137,0.24324324324324326,29.729729729729733,Medium,"Harper, Kennedy and Lee",Oncologist,Tennessee
3112,41,1024333.0,24983.731707317074,583045.1483867023,21594.264755063046,14,13,0.34146341463414637,0.3170731707317073,32.926829268292686,Medium,Vasquez Ltd,Dermatologist,Delaware
3113,40,859429.0,21485.725,609444.2901788539,21015.320350994964,11,13,0.275,0.325,30.0,Medium,Perez Inc,General Practitioner,Idaho
3114,38,904856.0,23812.0,586150.6422460091,21709.283046148485,11,9,0.2894736842105263,0.23684210526315788,26.315789473684212,Medium,"Collins, Meyer and Hampton",Dermatologist,Utah
3115,44,1122423.0,25509.613636363636,797980.8202347325,23470.024124550953,10,16,0.22727272727272727,0.36363636363636365,29.545454545454547,Medium,Ashley and Sons,Dermatologist,Ohio
3116,37,1042615.0,28178.783783783783,649001.8234926618,27041.742645527574,13,14,0.35135135135135137,0.3783783783783784,36.486486486486484,Medium,Stevens-Taylor,General Practitioner,Kentucky
3117,43,1050670.0,24434.18604651163,706398.6539558909,20776.430998702675,9,15,0.20930232558139536,0.3488372093023256,27.906976744186046,Medium,Stone LLC,Cardiologist,Alabama
3118,51,1405233.0,27553.58823529412,914028.386281459,24703.469899498894,14,18,0.27450980392156865,0.35294117647058826,31.372549019607845,Medium,Sanders LLC,General Practitioner,Kentucky
3119,40,1099048.3982106894,27476.209955267237,715995.6679882272,23866.52226627424,10,17,0.25,0.425,33.75,Medium,"Adams, Garcia and Floyd",Oncologist,Michigan
3120,39,1013137.0,25977.871794871793,692546.2407366456,23880.90485298778,10,14,0.2564102564102564,0.358974358974359,30.769230769230766,Medium,Miller-Jackson,Orthopedic,South Dakota
3121,39,1143526.0,29321.17948717949,846243.3487931507,27298.17254171454,8,16,0.20512820512820512,0.41025641025641024,30.769230769230766,Medium,Russell Inc,Cardiologist,South Carolina
3122,42,1099552.0,26179.809523809523,774615.7687910789,24987.605444873516,11,15,0.2619047619047619,0.35714285714285715,30.952380952380956,Medium,Walsh and Sons,Dermatologist,Oklahoma
3123,31,873333.0,28172.032258064515,669616.4102275765,26784.65640910306,6,15,0.1935483870967742,0.4838709677419355,33.87096774193549,Medium,Williams LLC,Dermatologist,New Hampshire
3124,27,703340.0,26049.62962962963,430705.2751212175,21535.263756060875,7,12,0.25925925925925924,0.4444444444444444,35.18518518518518,Medium,"Greene, Curtis and Sexton",Oncologist,Wyoming
3125,50,1306346.6637175176,26126.93327435035,749547.0279186042,21415.62936910298,15,17,0.3,0.34,32.0,Medium,"Benson, Smith and Pratt",Oncologist,Washington
3126,36,784940.1551987501,21803.89319996528,473122.3067943813,17523.0483997919,9,14,0.25,0.3888888888888889,31.944444444444446,Medium,Russell-Clayton,Cardiologist,Texas
3127,31,723125.0,23326.612903225807,406294.0039123828,18467.909268744672,9,9,0.2903225806451613,0.2903225806451613,29.03225806451613,Medium,"Villanueva, Watts and Kelley",Cardiologist,Arkansas
3128,32,778371.0,24324.09375,557079.8449644297,23211.66020685124,8,12,0.25,0.375,31.25,Medium,Cox-Anderson,Cardiologist,Indiana
3129,42,814548.0,19394.0,612387.7685476054,17496.79338707444,7,12,0.16666666666666666,0.2857142857142857,22.619047619047617,Medium,Wright Group,Oncologist,Alaska
3130,35,932732.0,26649.485714285714,617295.64401711,22862.801630263333,8,16,0.22857142857142856,0.45714285714285713,34.285714285714285,Medium,Lee Group,Orthopedic,Ohio
3131,36,856625.7002591339,23795.1583405315,451209.31368488376,20509.514258403808,14,12,0.3888888888888889,0.3333333333333333,36.111111111111114,Medium,Rangel-Livingston,General Practitioner,Wisconsin
3132,47,1153238.0,24536.978723404256,791237.8761647858,21384.80746391313,10,20,0.2127659574468085,0.425531914893617,31.914893617021278,Medium,Gibbs-George,Oncologist,Louisiana
3133,42,1359838.4490648618,32377.105930115755,760132.2886442245,24520.396407878212,11,16,0.2619047619047619,0.38095238095238093,32.142857142857146,Medium,Benitez Ltd,Orthopedic,Maine
3134,39,835693.0,21428.02564102564,578688.392933879,19289.61309779597,9,16,0.23076923076923078,0.41025641025641024,32.05128205128205,Medium,Cisneros-Chang,Oncologist,Virginia
3135,41,1073819.0,26190.70731707317,815472.0461055229,25483.50144079759,9,16,0.21951219512195122,0.3902439024390244,30.48780487804878,Medium,Orozco-Ryan,General Practitioner,Wyoming
3136,39,992720.0,25454.358974358973,635299.6339483323,24434.601305705088,13,17,0.3333333333333333,0.4358974358974359,38.46153846153846,Medium,"Sullivan, Mendoza and Santos",Cardiologist,Mississippi
3137,43,1113567.0,25896.906976744187,704079.4928594461,22712.241705143424,12,12,0.27906976744186046,0.27906976744186046,27.906976744186046,Medium,Murphy LLC,Orthopedic,Florida
3138,35,772312.1849374167,22066.062426783334,525230.0060155152,18758.214500554113,7,12,0.2,0.34285714285714286,27.142857142857142,Medium,Terry-Green,Cardiologist,Utah
3139,33,943024.4673073501,28576.49900931364,514378.87895542907,21432.453289809546,9,12,0.2727272727272727,0.36363636363636365,31.81818181818182,Medium,"Estrada, Blackwell and Chambers",General Practitioner,Kansas
3140,27,678531.0,25130.777777777777,409753.37796784134,21565.967261465335,8,8,0.2962962962962963,0.2962962962962963,29.629629629629626,Medium,Alexander PLC,Oncologist,Utah
3141,34,741663.0,21813.617647058825,431900.6291492569,20566.69662615509,13,10,0.38235294117647056,0.29411764705882354,33.82352941176471,Medium,"Frank, Mccoy and Nelson",Dermatologist,Maine
3142,35,714195.0,20405.571428571428,449966.05300431175,17306.38665401199,9,19,0.2571428571428571,0.5428571428571428,40.0,Medium,Johnston Inc,General Practitioner,Kentucky
3143,50,1374233.1533400253,27484.663066800505,897473.7322476726,24256.046817504666,13,19,0.26,0.38,32.0,Medium,Rios-Stewart,General Practitioner,Utah
3144,43,963855.0,22415.232558139534,631667.8499353479,19739.620310479622,11,18,0.2558139534883721,0.4186046511627907,33.720930232558146,Medium,Barton PLC,Orthopedic,Minnesota
3145,44,1240496.0,28193.090909090908,885329.2653693345,25295.12186769527,9,22,0.20454545454545456,0.5,35.22727272727273,Medium,"Moore, Brewer and Pratt",Dermatologist,Nebraska
3146,31,789910.0,25480.967741935485,624765.8415534771,22313.06576976704,3,17,0.0967741935483871,0.5483870967741935,32.25806451612903,Medium,"Medina, Shepherd and Love",Orthopedic,Maine
3147,39,882536.0,22629.128205128207,647541.8311174822,20235.682222421317,7,21,0.1794871794871795,0.5384615384615384,35.8974358974359,Medium,Holland PLC,Orthopedic,New Hampshire
3148,30,774126.0,25804.2,606514.6957950271,24260.587831801084,5,12,0.16666666666666666,0.4,28.333333333333332,Medium,Fox Inc,Cardiologist,Virginia
3149,36,982368.3310498032,27288.009195827864,628440.5462866309,20948.018209554364,6,12,0.16666666666666666,0.3333333333333333,24.999999999999996,Medium,Wilson-Woods,General Practitioner,Pennsylvania
3150,43,1047535.0,24361.279069767443,692904.3766460757,23096.812554869193,13,10,0.3023255813953488,0.23255813953488372,26.744186046511626,Medium,Escobar LLC,General Practitioner,Illinois
3151,49,1365852.0,27874.530612244896,919887.3906567198,24861.821369100537,12,17,0.24489795918367346,0.3469387755102041,29.591836734693878,Medium,"Austin, Buck and Parker",General Practitioner,Ohio
3152,39,887983.8364381375,22768.8163189266,546448.6432519133,18843.05666385908,10,14,0.2564102564102564,0.358974358974359,30.769230769230766,Medium,Stephens PLC,Dermatologist,New York
3153,38,1083411.0,28510.815789473683,673474.947527166,24943.516575080223,11,12,0.2894736842105263,0.3157894736842105,30.263157894736842,Medium,Mason PLC,Cardiologist,New Hampshire
3154,52,1365933.0,26267.94230769231,925762.5707504725,23737.50181411468,13,18,0.25,0.34615384615384615,29.807692307692307,Medium,Curtis-Anderson,Dermatologist,New Mexico
3155,33,1048579.9273040113,31775.149312242767,678651.6740617476,26101.98746391337,7,10,0.21212121212121213,0.30303030303030304,25.757575757575758,Medium,"Madden, Shaw and Weiss",Oncologist,Massachusetts
3156,36,1035941.0,28776.13888888889,755906.9641844558,26065.75738567089,7,17,0.19444444444444445,0.4722222222222222,33.333333333333336,Medium,"Peters, Miller and Henry",Orthopedic,West Virginia
3157,46,1058472.0,23010.260869565216,706008.3420646548,19081.306542287966,9,17,0.1956521739130435,0.3695652173913043,28.26086956521739,Medium,Harris and Sons,Orthopedic,Minnesota
3158,33,877700.0,26596.969696969696,602237.3740967823,24089.494963871293,8,14,0.24242424242424243,0.42424242424242425,33.33333333333333,Medium,Livingston and Sons,Dermatologist,Wisconsin
3159,39,952612.0,24425.94871794872,614811.9621222031,21200.41248697252,10,18,0.2564102564102564,0.46153846153846156,35.8974358974359,Medium,"Harrington, Bradley and Morse",Dermatologist,Nevada
3160,37,889343.0,24036.297297297297,630393.3161642746,21737.70055738878,8,17,0.21621621621621623,0.4594594594594595,33.78378378378379,Medium,Rice-Wiley,Orthopedic,Missouri
3161,32,807116.7640960625,25222.398878001954,541693.7108424192,23551.900471409528,9,12,0.28125,0.375,32.8125,Medium,Hansen Group,Cardiologist,Alabama
3162,36,1054107.0,29280.75,700127.6568447376,25930.653957212504,9,10,0.25,0.2777777777777778,26.38888888888889,Medium,Jones Group,Cardiologist,Montana
3163,41,1017567.0,24818.70731707317,737570.0205976905,23792.58130960292,10,9,0.24390243902439024,0.21951219512195122,23.170731707317074,Medium,Clark Inc,Orthopedic,Indiana
3164,46,1150667.0,25014.5,542780.9536140127,20876.19052361587,20,15,0.43478260869565216,0.32608695652173914,38.04347826086956,Medium,Murphy PLC,Oncologist,Wisconsin
3165,46,1263301.0,27463.065217391304,895109.7120858682,24192.154380699143,9,19,0.1956521739130435,0.41304347826086957,30.43478260869565,Medium,Cole LLC,Dermatologist,Colorado
3166,32,873044.0,27282.625,511658.58769334515,24364.694652064056,11,6,0.34375,0.1875,26.5625,Medium,Knight Group,General Practitioner,Maryland
3167,44,1159370.0,26349.31818181818,725309.7607442124,24176.99202480708,14,11,0.3181818181818182,0.25,28.409090909090907,Medium,Lee-Booker,Oncologist,New York
3168,42,1061425.0,25272.02380952381,683608.5106687392,23572.707264439283,13,16,0.30952380952380953,0.38095238095238093,34.523809523809526,Medium,"Mcgee, Short and Stanton",Cardiologist,Nebraska
3169,42,943183.0,22456.738095238095,702847.5400016557,20081.35828576159,7,22,0.16666666666666666,0.5238095238095238,34.523809523809526,Medium,Morrison LLC,General Practitioner,Kentucky
3170,35,978036.0,27943.885714285716,776045.2591019254,26760.181348342256,6,17,0.17142857142857143,0.4857142857142857,32.857142857142854,Medium,Mora-Mccarthy,General Practitioner,Florida
3171,31,991716.5724050828,31990.85717435751,551708.8068859817,23987.33942982529,8,11,0.25806451612903225,0.3548387096774194,30.64516129032258,Medium,Ward PLC,Oncologist,Mississippi
3172,35,910877.0,26025.057142857142,677502.3851931843,24196.513756899436,7,13,0.2,0.37142857142857144,28.571428571428573,Medium,Patton Ltd,Oncologist,Georgia
3173,35,951193.0,27176.942857142858,632425.1032163278,23423.151970975105,8,13,0.22857142857142856,0.37142857142857144,30.0,Medium,Castaneda-Flores,Dermatologist,Alabama
3174,38,1051229.0,27663.92105263158,711842.308193109,24546.28648941755,9,15,0.23684210526315788,0.39473684210526316,31.57894736842105,Medium,"Landry, Duncan and Weaver",Oncologist,South Carolina
3175,27,773627.0,28652.85185185185,498441.8445483834,26233.78129202018,8,8,0.2962962962962963,0.2962962962962963,29.629629629629626,Medium,Weaver-Williams,Orthopedic,South Dakota
3176,35,935845.0,26738.428571428572,752185.578482181,23505.799327568155,3,17,0.08571428571428572,0.4857142857142857,28.57142857142857,Medium,Willis-Porter,Cardiologist,Virginia
3177,43,946939.0,22021.837209302324,605191.0050213118,18912.218906915994,11,17,0.2558139534883721,0.3953488372093023,32.55813953488372,Medium,Fowler-Hunter,Dermatologist,Louisiana
3178,38,954630.0,25121.842105263157,750631.7813409042,22077.405333556006,4,17,0.10526315789473684,0.4473684210526316,27.63157894736842,Medium,Marsh PLC,Dermatologist,Minnesota
3179,40,883723.0,22093.075,538651.8228955471,21546.072915821886,15,14,0.375,0.35,36.25,Medium,"Roy, Kelley and Callahan",Orthopedic,Rhode Island
3180,45,1243999.308019881,27644.429067108464,782441.8971182705,22355.48277480773,10,14,0.2222222222222222,0.3111111111111111,26.666666666666664,Medium,"Escobar, Larson and Allen",General Practitioner,Alabama
3181,36,1061008.1462799567,29472.448507776575,562070.2783307477,24437.83818829338,13,9,0.3611111111111111,0.25,30.555555555555554,Medium,Taylor-Rogers,Oncologist,North Carolina
3182,37,974779.5193749425,26345.392415538987,509893.633261803,19611.293586992422,11,10,0.2972972972972973,0.2702702702702703,28.37837837837838,Medium,Blake Ltd,General Practitioner,Rhode Island
3183,48,1328399.0,27674.979166666668,861197.4414258711,25329.33651252562,14,15,0.2916666666666667,0.3125,30.208333333333336,Medium,Thompson-Williams,Cardiologist,Kansas
3184,40,1148798.8365439144,28719.97091359786,866048.4979709699,25472.014646204996,6,20,0.15,0.5,32.5,Medium,Taylor Inc,Cardiologist,Utah
3185,43,1039771.0,24180.720930232557,781858.9528094253,22995.851553218392,9,18,0.20930232558139536,0.4186046511627907,31.395348837209305,Medium,"Williams, Townsend and Romero",Dermatologist,Maine
3186,35,949543.1985423996,27129.80567263999,565371.2658816295,23557.136078401232,11,11,0.3142857142857143,0.3142857142857143,31.428571428571427,Medium,Ryan-Brown,Oncologist,Mississippi
3187,31,809185.0,26102.74193548387,540870.4769405627,24585.021679116486,9,14,0.2903225806451613,0.45161290322580644,37.096774193548384,Medium,Hughes-Phillips,General Practitioner,Pennsylvania
3188,38,1009073.0,26554.552631578947,626541.4586135574,23205.239207909533,11,16,0.2894736842105263,0.42105263157894735,35.526315789473685,Medium,Fox-Douglas,Oncologist,Tennessee
3189,46,1203314.0,26159.0,738260.1675962666,21713.534341066665,12,15,0.2608695652173913,0.32608695652173914,29.347826086956523,Medium,Robinson Group,Dermatologist,Ohio
3190,43,1317523.0,30640.06976744186,860053.4100738366,25295.68853158343,9,19,0.20930232558139536,0.4418604651162791,32.55813953488372,Medium,Cooper Inc,Dermatologist,Alaska
3191,39,1127363.0540090746,28906.744974591657,666792.9281362144,25645.88185139286,13,14,0.3333333333333333,0.358974358974359,34.61538461538461,Medium,"Clark, Wallace and Gomez",General Practitioner,West Virginia
3192,40,896728.0,22418.2,651728.5379056138,20366.51680955043,8,17,0.2,0.425,31.25,Medium,Casey Ltd,Oncologist,Kentucky
3193,36,862503.0,23958.416666666668,511641.5229625679,21318.396790106995,12,11,0.3333333333333333,0.3055555555555556,31.944444444444443,Medium,Allen-Fleming,Orthopedic,Texas
3194,51,1587618.0,31129.764705882353,1058934.8514302599,28619.860849466484,14,19,0.27450980392156865,0.37254901960784315,32.352941176470594,Medium,Vasquez-Owens,Cardiologist,South Carolina
3195,43,1193280.504745905,27750.709412695465,774767.0821690691,21521.307838029697,7,17,0.16279069767441862,0.3953488372093023,27.906976744186046,Medium,Carlson and Sons,Cardiologist,Nevada
3196,38,1025603.0,26989.552631578947,635964.7843593134,22713.028012832623,10,14,0.2631578947368421,0.3684210526315789,31.578947368421048,Medium,"Clark, Hart and Scott",Cardiologist,Arizona
3197,36,935820.0,25995.0,479734.42327832006,19189.376931132803,11,9,0.3055555555555556,0.25,27.77777777777778,Medium,Watkins-Jones,Dermatologist,Vermont
3198,34,1015059.5023436439,29854.691245401293,698982.2689668873,25888.232183958786,7,14,0.20588235294117646,0.4117647058823529,30.882352941176467,Medium,Anderson and Sons,Orthopedic,North Carolina
3199,33,938462.0,28438.242424242424,625131.9324984567,25005.27729993827,8,17,0.24242424242424243,0.5151515151515151,37.878787878787875,Medium,West and Sons,Dermatologist,Washington
3200,36,963998.6395204898,26777.739986680273,621483.8033173857,20716.12677724619,6,12,0.16666666666666666,0.3333333333333333,24.999999999999996,Medium,Carr-Oconnell,General Practitioner,Minnesota
3201,47,1444698.0,30738.255319148935,996258.2890110217,27673.84136141727,11,19,0.23404255319148937,0.40425531914893614,31.914893617021274,Medium,Jones Ltd,Oncologist,Indiana
3202,41,987512.0,24085.658536585364,677960.5648897797,22598.68549632599,11,11,0.2682926829268293,0.2682926829268293,26.82926829268293,Medium,Diaz-Richards,Oncologist,Louisiana
3203,33,1008856.0,30571.39393939394,648269.0601474798,27011.210839478324,9,11,0.2727272727272727,0.3333333333333333,30.303030303030297,Medium,White Ltd,Oncologist,Alabama
3204,30,631797.0,21059.9,489734.2708099858,19589.370832399432,5,13,0.16666666666666666,0.43333333333333335,30.0,Medium,Webb-Williams,Oncologist,North Dakota
3205,37,1082043.0,29244.405405405407,729801.8194719654,25165.57998179191,8,11,0.21621621621621623,0.2972972972972973,25.675675675675677,Medium,Brown Ltd,Dermatologist,Alabama
3206,34,891288.0,26214.352941176472,565407.7798097017,25700.353627713714,12,10,0.35294117647058826,0.29411764705882354,32.352941176470594,Medium,Callahan-Alexander,Oncologist,West Virginia
3207,48,1333064.0,27772.166666666668,927800.2662065411,26508.5790344726,13,17,0.2708333333333333,0.3541666666666667,31.25,Medium,Castillo Inc,General Practitioner,Pennsylvania
3208,42,1233608.428783223,29371.629256743407,755827.0248775971,22903.849238715065,9,15,0.21428571428571427,0.35714285714285715,28.57142857142857,Medium,"Sanchez, Sellers and Vargas",Orthopedic,Wyoming
3209,44,1024107.0,23275.159090909092,705490.6424747279,20156.87549927794,9,15,0.20454545454545456,0.3409090909090909,27.272727272727273,Medium,"Perry, Reeves and Hart",Dermatologist,Oregon
3210,42,1050844.0,25020.095238095237,681040.6094694718,21282.519045920995,10,17,0.23809523809523808,0.40476190476190477,32.14285714285714,Medium,Walker-Rodriguez,General Practitioner,Tennessee
3211,47,1168576.0,24863.31914893617,809461.3000070482,21877.332432622923,10,22,0.2127659574468085,0.46808510638297873,34.04255319148936,Medium,Padilla and Sons,General Practitioner,Kentucky
3212,47,1175523.0,25011.127659574468,790899.7241347376,21375.668219857773,10,18,0.2127659574468085,0.3829787234042553,29.787234042553195,Medium,Ramos and Sons,Cardiologist,Louisiana
3213,39,865637.0,22195.82051282051,631815.0578433056,20381.130898171148,8,15,0.20512820512820512,0.38461538461538464,29.48717948717949,Medium,Cox-Turner,Orthopedic,Maine
3214,46,1323645.5681897504,28774.903656298924,941141.859043442,27680.64291304241,12,20,0.2608695652173913,0.43478260869565216,34.78260869565217,Medium,"Everett, Walker and Carroll",Cardiologist,Arizona
3215,35,1018277.9104051862,29093.654583005322,567180.1283381222,22687.205133524887,10,10,0.2857142857142857,0.2857142857142857,28.57142857142857,Medium,Smith Inc,Oncologist,Pennsylvania
3216,48,1055256.0,21984.5,741402.070280205,19510.5807968475,10,17,0.20833333333333334,0.3541666666666667,28.125000000000004,Medium,Atkinson Group,General Practitioner,New Jersey
3217,42,1142143.587443072,27193.894939120764,829268.6108732949,25129.351844645298,9,18,0.21428571428571427,0.42857142857142855,32.14285714285714,Medium,"Pace, Green and West",Cardiologist,Florida
3218,40,977097.9960146706,24427.449900366766,670738.0696374162,21636.711923787618,9,14,0.225,0.35,28.75,Medium,Galvan Inc,General Practitioner,Pennsylvania
3219,52,1355643.0,26070.05769230769,849128.1635127524,21772.5170131475,13,24,0.25,0.46153846153846156,35.57692307692308,Medium,Guerra-Harrington,Oncologist,Massachusetts
3220,42,942573.0,22442.214285714286,689163.0774345881,19143.418817627447,6,17,0.14285714285714285,0.40476190476190477,27.38095238095238,Medium,Singh Ltd,Oncologist,Pennsylvania
3221,46,1221175.0,26547.282608695652,807971.5076417769,23084.900218336483,11,18,0.2391304347826087,0.391304347826087,31.52173913043478,Medium,"Mason, Jacobson and Swanson",Orthopedic,California
3222,32,932693.0,29146.65625,582474.6071182261,26476.118505373914,10,10,0.3125,0.3125,31.25,Medium,Griffin-Hensley,Oncologist,New Hampshire
3223,41,822995.0,20073.048780487807,625637.2334397564,18958.704043628983,8,18,0.1951219512195122,0.43902439024390244,31.707317073170735,Medium,Wilson and Sons,Orthopedic,Washington
3224,39,957308.0,24546.358974358973,511936.0383585773,21330.66826494072,15,13,0.38461538461538464,0.3333333333333333,35.8974358974359,Medium,Diaz and Sons,Oncologist,Ohio
3225,38,999839.2204415447,26311.558432672227,625836.029954956,22351.286784105574,10,14,0.2631578947368421,0.3684210526315789,31.578947368421048,Medium,"Harris, Mcclain and Thomas",Oncologist,Texas
3226,40,1083725.531445485,27093.138286137128,648736.0411178558,24027.260782142806,13,13,0.325,0.325,32.5,Medium,Welch-Roberts,Orthopedic,Idaho
3227,44,1152850.0,26201.136363636364,923481.9170319401,24958.970730592973,7,17,0.1590909090909091,0.38636363636363635,27.27272727272727,Medium,Williams Inc,Cardiologist,Washington
3228,32,726488.0,22702.75,487579.9724947604,22162.72602248911,10,10,0.3125,0.3125,31.25,Medium,"Jackson, Davis and Taylor",Dermatologist,Arizona
3229,42,1118328.1786042263,26626.86139533872,740652.6073814702,22444.018405499097,9,13,0.21428571428571427,0.30952380952380953,26.19047619047619,Medium,Turner-Mcbride,Cardiologist,Illinois
3230,41,1259854.189019708,30728.150951700194,681397.4612201701,24335.623615006076,13,14,0.3170731707317073,0.34146341463414637,32.926829268292686,Medium,Stevens and Sons,Oncologist,Wisconsin
3231,40,886721.0,22168.025,464677.2858905979,19361.553578774914,16,12,0.4,0.3,35.0,Medium,Martinez Group,General Practitioner,Alabama
3232,34,923485.0,27161.323529411766,669835.6471513885,23097.780936254774,5,16,0.14705882352941177,0.47058823529411764,30.88235294117647,Medium,Cooper Ltd,Dermatologist,Hawaii
3233,40,916343.0,22908.575,586343.4207053676,20940.836453763128,12,11,0.3,0.275,28.75,Medium,"Nguyen, Smith and Wood",Oncologist,Virginia
3234,44,1347956.1061351954,30635.36604852717,900209.4908988711,25720.271168539173,9,17,0.20454545454545456,0.38636363636363635,29.545454545454547,Medium,Woodard LLC,Orthopedic,Virginia
3235,46,1151199.0,25026.065217391304,807465.8755866282,21823.402042881844,9,19,0.1956521739130435,0.41304347826086957,30.43478260869565,Medium,Strickland Group,General Practitioner,Nebraska
3236,41,1130225.0987396697,27566.465822918773,745612.8207396494,24052.02647547256,10,15,0.24390243902439024,0.36585365853658536,30.48780487804878,Medium,Garcia-Mccarty,Dermatologist,Missouri
3237,40,1014111.0,25352.775,669833.5444392479,22327.784814641596,10,16,0.25,0.4,32.5,Medium,Jones LLC,Dermatologist,Pennsylvania
3238,42,936236.0,22291.333333333332,670419.0153051185,20315.727736518744,9,20,0.21428571428571427,0.47619047619047616,34.52380952380952,Medium,"Mcknight, Horn and Cervantes",Dermatologist,Iowa
3239,42,1129002.5974622737,26881.01422529223,761593.7891545774,21759.82254727364,7,13,0.16666666666666666,0.30952380952380953,23.80952380952381,Medium,"Collins, Reynolds and Holmes",General Practitioner,Maine
3240,43,912916.0,21230.60465116279,543249.3917074774,17524.173926047657,12,12,0.27906976744186046,0.27906976744186046,27.906976744186046,Medium,"Dillon, Foster and Lucero",General Practitioner,North Carolina
3241,55,1526301.3711516839,27750.934020939705,1012882.2182819544,22019.178658303357,9,21,0.16363636363636364,0.38181818181818183,27.272727272727273,Medium,Vincent LLC,Orthopedic,Idaho
3242,39,1089501.0,27935.923076923078,666425.6601029685,23800.916432248872,11,7,0.28205128205128205,0.1794871794871795,23.076923076923077,Medium,"Warner, Lewis and Morgan",General Practitioner,North Dakota
3243,37,833529.0,22527.81081081081,429467.3205843984,15906.197058681422,10,15,0.2702702702702703,0.40540540540540543,33.78378378378378,Medium,Fox-White,General Practitioner,Georgia
3244,38,1047647.316825682,27569.66623225479,688626.2830154224,22954.209433847413,8,15,0.21052631578947367,0.39473684210526316,30.263157894736842,Medium,"Salazar, Shelton and Saunders",Cardiologist,New York
3245,47,1416332.1281437627,30134.726130718354,968085.5305260165,26164.473798000447,10,20,0.2127659574468085,0.425531914893617,31.914893617021278,Medium,Harris Inc,Orthopedic,Florida
3246,41,961275.0,23445.731707317074,670198.478059598,23935.65993069993,13,10,0.3170731707317073,0.24390243902439024,28.048780487804876,Medium,Barrett PLC,Orthopedic,Florida
3247,32,895760.0,27992.5,750129.219026932,25866.52479403214,3,16,0.09375,0.5,29.6875,Medium,Becker-Willis,Dermatologist,Michigan
3248,33,1008944.6452749507,30574.080159846988,463403.0468931976,22066.811756818934,12,10,0.36363636363636365,0.30303030303030304,33.333333333333336,Medium,"Bradley, Williams and Ellis",Oncologist,Alabama
3249,46,1196340.4287035356,26007.400623989903,784488.9966905362,23772.393839107157,13,20,0.2826086956521739,0.43478260869565216,35.869565217391305,Medium,Garcia LLC,Dermatologist,Hawaii
3250,36,970317.7289616704,26953.27024893529,313320.9383174509,17406.71879541394,18,4,0.5,0.1111111111111111,30.555555555555557,Medium,Brady-Gonzalez,Orthopedic,Arizona
3251,48,1311913.0,27331.520833333332,970160.3755902918,27718.867874008338,13,18,0.2708333333333333,0.375,32.291666666666664,Medium,"Lamb, Leonard and Butler",Orthopedic,Michigan
3252,34,827558.0,24339.941176470587,621386.1628985804,23014.302329577054,7,9,0.20588235294117646,0.2647058823529412,23.529411764705884,Medium,"Whitaker, Foley and Bowers",Oncologist,Nevada
3253,46,1164262.8175899466,25310.06125195536,744895.4310917367,20691.53975254824,10,23,0.21739130434782608,0.5,35.869565217391305,Medium,Li Group,Oncologist,Michigan
3254,45,1306175.6164096792,29026.12480910398,886104.0955585542,25317.259873101546,10,19,0.2222222222222222,0.4222222222222222,32.22222222222222,Medium,"Garcia, Gutierrez and Morton",Oncologist,Rhode Island
3255,41,857061.0,20903.926829268294,490258.8851484466,17509.245898158806,13,11,0.3170731707317073,0.2682926829268293,29.26829268292683,Medium,"Howell, Keller and Abbott",Oncologist,Pennsylvania
3256,39,905141.0,23208.74358974359,610741.8605422323,19701.35034007201,8,14,0.20512820512820512,0.358974358974359,28.205128205128204,Medium,Robles PLC,Dermatologist,Arizona
3257,44,1374317.2573423507,31234.48312141706,868415.6634304118,24811.876098011766,9,14,0.20454545454545456,0.3181818181818182,26.136363636363637,Medium,Berry-Horton,General Practitioner,Minnesota
3258,45,1039206.0,23093.466666666667,794716.6860536304,20377.35092445206,6,19,0.13333333333333333,0.4222222222222222,27.77777777777778,Medium,Leon-Cook,Dermatologist,Wyoming
3259,49,1510080.844009603,30817.97640835924,1032501.3526453973,25182.959820619446,8,16,0.16326530612244897,0.32653061224489793,24.48979591836735,Medium,"Anderson, Reeves and Torres",Oncologist,Georgia
3260,50,1184791.0,23695.82,848658.1727140561,21760.46596702708,11,21,0.22,0.42,32.0,Medium,Smith-Willis,Dermatologist,Ohio
3261,39,853721.0,21890.28205128205,587921.3647177081,20273.150507507176,10,10,0.2564102564102564,0.2564102564102564,25.64102564102564,Medium,Bates Inc,Dermatologist,Virginia
3262,36,984233.7914375722,27339.82753993256,647263.2348200011,23972.71240074078,9,17,0.25,0.4722222222222222,36.111111111111114,Medium,Johnson-Roberts,Dermatologist,California
3263,43,1119102.2380046346,26025.633441968246,765831.098027603,21273.086056322307,7,24,0.16279069767441862,0.5581395348837209,36.04651162790698,Medium,"Garcia, Hicks and Johnson",Oncologist,Nevada
3264,35,882399.0,25211.4,540029.5348365636,20770.366724483218,9,18,0.2571428571428571,0.5142857142857142,38.57142857142857,Medium,Bennett-Adams,Oncologist,Oklahoma
3265,24,754469.7813542373,31436.24088975989,378807.1960947498,22282.776240867635,7,7,0.2916666666666667,0.2916666666666667,29.166666666666668,Medium,"Ryan, Davis and Tucker",Oncologist,Mississippi
3266,46,1204036.0,26174.695652173912,933496.140242281,24565.68790111266,8,17,0.17391304347826086,0.3695652173913043,27.173913043478258,Medium,Holloway and Sons,Cardiologist,Massachusetts
3267,31,889551.6003801691,28695.212915489326,574093.3370099821,24960.579869999223,8,11,0.25806451612903225,0.3548387096774194,30.64516129032258,Medium,Lane-Pierce,General Practitioner,California
3268,36,958527.0,26625.75,622114.620589967,22218.379306784536,8,14,0.2222222222222222,0.3888888888888889,30.555555555555557,Medium,"Jordan, Mills and Martin",Orthopedic,Michigan
3269,39,1236859.4699226636,31714.3453826324,857903.1074843378,24511.517356695364,4,14,0.10256410256410256,0.358974358974359,23.076923076923077,Medium,"Richardson, Lee and Thompson",Cardiologist,New York
3270,34,904827.8276528777,26612.58316626111,499129.3584807257,21701.27645568373,11,9,0.3235294117647059,0.2647058823529412,29.411764705882355,Medium,"Levine, Howard and Farmer",Cardiologist,Hawaii
3271,39,789935.0,20254.74358974359,530337.6924736963,18940.631874060582,11,15,0.28205128205128205,0.38461538461538464,33.333333333333336,Medium,Jackson-Smith,Cardiologist,Texas
3272,36,852480.0,23680.0,563507.4795693465,20125.26712747666,8,11,0.2222222222222222,0.3055555555555556,26.38888888888889,Medium,"Lee, Goodwin and Martinez",Cardiologist,Pennsylvania
3273,42,981111.0,23359.785714285714,670099.110277436,20940.597196169874,10,16,0.23809523809523808,0.38095238095238093,30.95238095238095,Medium,Leonard-Austin,Dermatologist,Washington
3274,30,709623.0,23654.1,564491.2242548271,21711.200932877968,4,12,0.13333333333333333,0.4,26.666666666666668,Medium,Anderson and Sons,Cardiologist,Massachusetts
3275,49,1109580.0451297564,22644.490716933804,588211.7116810632,18381.615990033224,17,15,0.3469387755102041,0.30612244897959184,32.6530612244898,Medium,"Shelton, Williams and Schmitt",General Practitioner,Rhode Island
3276,56,1274638.0,22761.39285714286,947786.1966559399,20165.66375863702,9,25,0.16071428571428573,0.44642857142857145,30.35714285714286,Medium,Green-Watson,Oncologist,New York
3277,43,1093202.0,25423.302325581397,786919.9312955708,23846.058524108204,10,15,0.23255813953488372,0.3488372093023256,29.069767441860463,Medium,"Frank, Johnson and Rogers",Orthopedic,Washington
3278,44,1020199.0,23186.340909090908,785068.8551731255,23789.96530827653,11,16,0.25,0.36363636363636365,30.681818181818183,Medium,"Lewis, Carlson and Brown",General Practitioner,Texas
3279,41,945045.0,23049.878048780487,601835.4389780695,20061.18129926898,11,14,0.2682926829268293,0.34146341463414637,30.487804878048784,Medium,Gutierrez Group,Cardiologist,Kansas
3280,41,1038902.0,25339.073170731706,762939.0363671584,23119.36473839874,8,17,0.1951219512195122,0.4146341463414634,30.487804878048777,Medium,Knox Group,Oncologist,Kansas
3281,41,1065513.0,25988.121951219513,681931.4704740682,22731.049015802273,11,18,0.2682926829268293,0.43902439024390244,35.36585365853659,Medium,Thompson-Flores,Cardiologist,Massachusetts
3282,33,1000924.4262897886,30331.043220902684,463851.3664567012,22088.16030746196,12,12,0.36363636363636365,0.36363636363636365,36.36363636363637,Medium,Price-White,Orthopedic,Virginia
3283,46,1268310.0,27571.956521739132,904030.4306188107,23790.274489968702,8,15,0.17391304347826086,0.32608695652173914,25.0,Medium,Parrish-Case,Cardiologist,Maryland
3284,39,905229.0,23211.0,575270.2225669355,19836.90422644605,10,8,0.2564102564102564,0.20512820512820512,23.076923076923073,Medium,"Garrison, Garcia and Adams",Dermatologist,Texas
3285,33,697298.0,21130.242424242424,460966.4330736108,20042.018829287426,10,13,0.30303030303030304,0.3939393939393939,34.848484848484844,Medium,Hernandez-Acosta,Dermatologist,New Mexico
3286,30,815466.0,27182.2,561499.7487693244,23395.822865388516,6,11,0.2,0.36666666666666664,28.333333333333332,Medium,"Mullins, Johnson and Ross",Cardiologist,Arizona
3287,41,1240557.0,30257.48780487805,851692.8576021189,27473.96314845545,10,16,0.24390243902439024,0.3902439024390244,31.70731707317073,Medium,Branch-Buck,Oncologist,Ohio
3288,49,1330743.6951581498,27158.03459506428,718600.734856301,21775.77984413033,16,21,0.32653061224489793,0.42857142857142855,37.755102040816325,Medium,Rose-Stevenson,Orthopedic,Massachusetts
3289,42,1183977.0,28189.928571428572,767498.9647700209,24758.031121613578,11,17,0.2619047619047619,0.40476190476190477,33.333333333333336,Medium,White and Sons,Cardiologist,Washington
3290,53,1349311.0,25458.69811320755,1010363.3053234199,23496.82105403302,10,21,0.18867924528301888,0.39622641509433965,29.245283018867923,Medium,Aguilar and Sons,Orthopedic,Wyoming
3291,42,1200759.0,28589.5,825324.4354666551,26623.36888602113,11,15,0.2619047619047619,0.35714285714285715,30.952380952380956,Medium,Roberson-Diaz,Cardiologist,Hawaii
3292,34,952907.0,28026.676470588234,697781.2813268008,26837.74158949234,8,11,0.23529411764705882,0.3235294117647059,27.941176470588232,Medium,"Carpenter, Webb and Johnson",Orthopedic,Vermont
3293,49,1370880.0,27977.14285714286,868296.1729586283,25538.122734077304,15,24,0.30612244897959184,0.4897959183673469,39.795918367346935,Medium,"White, Arnold and Tanner",Cardiologist,Alaska
3294,58,1383280.0,23849.655172413793,917683.6527442791,21849.610779625695,16,23,0.27586206896551724,0.39655172413793105,33.62068965517241,Medium,Barker and Sons,Dermatologist,Georgia
3295,36,782917.1836755072,21747.699546541866,583677.4477725899,21617.68325083666,9,13,0.25,0.3611111111111111,30.555555555555554,Medium,"Williams, Goodwin and Taylor",Cardiologist,New Hampshire
3296,44,945310.0,21484.31818181818,664270.3434173365,20129.404345979892,11,16,0.25,0.36363636363636365,30.681818181818183,Medium,"Miller, Miranda and Hunt",Dermatologist,Louisiana
3297,52,1087038.0,20904.576923076922,819433.8046655821,20485.845116639553,12,19,0.23076923076923078,0.36538461538461536,29.807692307692307,Medium,Jordan and Sons,Oncologist,Connecticut
3298,45,1264742.0,28105.37777777778,958797.344929561,25913.441754853,8,17,0.17777777777777778,0.37777777777777777,27.77777777777778,Medium,Knapp-Smith,Cardiologist,Georgia
3299,47,1328980.5538855444,28276.181997564774,878023.4074717904,24389.539096438624,11,19,0.23404255319148937,0.40425531914893614,31.914893617021274,Medium,Hughes Inc,Orthopedic,New Mexico
3300,39,903491.7871728274,23166.45608135455,521485.60080031864,17982.26209656271,10,17,0.2564102564102564,0.4358974358974359,34.61538461538461,Medium,"Contreras, Pope and Ayala",Oncologist,New Jersey
3301,47,1231202.0,26195.787234042553,917418.227594311,24142.584936692394,9,19,0.19148936170212766,0.40425531914893614,29.787234042553187,Medium,"Ward, Salazar and Williams",Dermatologist,Connecticut
3302,37,811211.0,21924.62162162162,499253.1319620264,19970.125278481057,12,16,0.32432432432432434,0.43243243243243246,37.83783783783784,Medium,Owen-Caldwell,Oncologist,Alaska
3303,42,1057260.0,25172.85714285714,661958.8158245088,21353.51018788738,11,18,0.2619047619047619,0.42857142857142855,34.523809523809526,Medium,Sanders PLC,Cardiologist,Tennessee
3304,41,957049.0,23342.658536585364,638019.4424550739,22000.670429485308,12,14,0.2926829268292683,0.34146341463414637,31.70731707317073,Medium,"Shannon, Griffin and Gonzalez",General Practitioner,Iowa
3305,48,1169546.0,24365.541666666668,856156.3127737778,23139.359804696694,11,16,0.22916666666666666,0.3333333333333333,28.124999999999996,Medium,"Allen, Woodard and Barnett",Cardiologist,Maine
3306,39,843799.0,21635.871794871793,610314.9780825186,21045.344071810985,10,17,0.2564102564102564,0.4358974358974359,34.61538461538461,Medium,Palmer PLC,Dermatologist,New Mexico
3307,33,1101158.403368303,33368.43646570615,693311.0606962502,23907.277955043108,4,18,0.12121212121212122,0.5454545454545454,33.33333333333333,Medium,"Armstrong, Thomas and Baker",Oncologist,Utah
3308,56,1527815.0,27282.410714285714,1069213.157393783,26078.369692531294,15,22,0.26785714285714285,0.39285714285714285,33.035714285714285,Medium,"Fitzpatrick, Ellis and Johnson",General Practitioner,Maine
3309,36,975394.2759688509,27094.285443579192,618825.1904763867,22100.899659870953,8,18,0.2222222222222222,0.5,36.111111111111114,Medium,"Anderson, Gomez and Shields",Orthopedic,North Carolina
3310,47,1215798.0,25868.042553191488,800879.6783784261,21645.396712930436,10,15,0.2127659574468085,0.3191489361702128,26.595744680851062,Medium,Gonzalez-Ward,Oncologist,Ohio
3311,43,1029274.0,23936.60465116279,823181.3554262057,22248.1447412488,6,17,0.13953488372093023,0.3953488372093023,26.74418604651163,Medium,"Collier, Nelson and Jordan",Oncologist,Wisconsin
3312,44,1103220.932772044,25073.203017546457,715174.2604212658,21671.947285492904,11,21,0.25,0.4772727272727273,36.36363636363636,Medium,Miller Inc,Cardiologist,Michigan
3313,45,1085845.0154394405,24129.889231987567,768004.0920968112,20756.867353967868,8,20,0.17777777777777778,0.4444444444444444,31.11111111111111,Medium,Cruz-Friedman,Orthopedic,Massachusetts
3314,35,814498.0,23271.371428571427,636332.5147965353,22726.1612427334,7,14,0.2,0.4,30.0,Medium,"Moss, Wright and Cook",General Practitioner,Nebraska
3315,45,1206434.43694387,26809.654154308224,870470.211013609,24179.72808371136,9,19,0.2,0.4222222222222222,31.11111111111111,Medium,"Kaufman, Lynch and Vargas",Oncologist,Nebraska
3316,43,1019193.0,23702.162790697676,626663.2665753978,20214.94408307735,12,17,0.27906976744186046,0.3953488372093023,33.72093023255814,Medium,West-Bradley,Cardiologist,North Carolina
3317,35,1080846.313839492,30881.32325255691,694545.1583426212,24805.184226522186,7,17,0.2,0.4857142857142857,34.285714285714285,Medium,"Wallace, Castro and Gray",Cardiologist,Michigan
3318,28,708306.0,25296.64285714286,468706.94709801755,26039.274838778754,10,13,0.35714285714285715,0.4642857142857143,41.07142857142857,Medium,Villa PLC,General Practitioner,Nebraska
3319,55,1295840.5207271092,23560.736740492895,864618.8760806475,21615.471902016187,15,16,0.2727272727272727,0.2909090909090909,28.18181818181818,Medium,"Williams, Jimenez and Crawford",Orthopedic,Massachusetts
3320,43,1209705.0,28132.674418604653,862030.3491633785,26122.131792829652,10,18,0.23255813953488372,0.4186046511627907,32.55813953488372,Medium,Ware Inc,Orthopedic,Ohio
3321,50,1328412.175690668,26568.24351381336,906494.9933980338,22662.374834950846,10,16,0.2,0.32,26.0,Medium,Gilbert-Hood,Cardiologist,Wisconsin
3322,35,912307.0,26065.914285714287,645871.770572475,25834.870822899,10,14,0.2857142857142857,0.4,34.285714285714285,Medium,Fleming LLC,Orthopedic,Massachusetts
3323,44,1135000.0,25795.454545454544,691638.8388983145,21613.71371557233,12,16,0.2727272727272727,0.36363636363636365,31.81818181818182,Medium,Villegas Inc,Orthopedic,Louisiana
3324,41,1260527.134314511,30744.56425157344,763040.3608282313,24614.20518800746,10,12,0.24390243902439024,0.2926829268292683,26.829268292682926,Medium,Austin Inc,Cardiologist,Alaska
3325,36,881496.0,24486.0,540310.2691151573,19296.795325541334,8,17,0.2222222222222222,0.4722222222222222,34.72222222222222,Medium,Hull LLC,Oncologist,West Virginia
3326,34,939745.0,27639.558823529413,626051.716606281,24078.912177164653,8,9,0.23529411764705882,0.2647058823529412,25.0,Medium,Sanchez LLC,Oncologist,New Mexico
3327,49,1386453.7890909272,28294.975287569945,903981.1109655899,23179.002845271534,10,22,0.20408163265306123,0.4489795918367347,32.6530612244898,Medium,"Nelson, Tran and Smith",Orthopedic,South Carolina
3328,53,1396153.407953548,26342.51713119902,753447.056603637,20363.433962260457,16,18,0.3018867924528302,0.33962264150943394,32.075471698113205,Medium,Hoover-Phillips,Cardiologist,South Carolina
3329,40,782913.0,19572.825,617689.5626617998,18167.34007828823,6,17,0.15,0.425,28.75,Medium,Williams and Sons,Oncologist,Indiana
3330,37,932625.0,25206.08108108108,710543.7283602313,23684.790945341043,7,18,0.1891891891891892,0.4864864864864865,33.78378378378379,Medium,"Abbott, Hinton and Tucker",Oncologist,New York
3331,42,1115718.0,26564.714285714286,780258.6935233193,23644.20283403998,9,14,0.21428571428571427,0.3333333333333333,27.38095238095238,Medium,Allen-Martinez,Cardiologist,Minnesota
3332,46,1242604.0,27013.130434782608,933977.0341568282,24578.34300412706,8,18,0.17391304347826086,0.391304347826087,28.26086956521739,Medium,"Carpenter, Patterson and Fox",General Practitioner,Pennsylvania
3333,37,1034922.0,27970.864864864863,809553.0114593903,26114.61327288356,6,18,0.16216216216216217,0.4864864864864865,32.432432432432435,Medium,Mckinney-Robinson,Orthopedic,Oklahoma
3334,49,1151958.6252661108,23509.35969930838,822922.2450420154,20573.056126050386,9,17,0.1836734693877551,0.3469387755102041,26.53061224489796,Medium,Gilbert-Pratt,Orthopedic,California
3335,45,1193030.0,26511.777777777777,761410.9189284452,25380.363964281507,15,17,0.3333333333333333,0.37777777777777777,35.55555555555556,Medium,Carrillo Ltd,Oncologist,Vermont
3336,39,994817.0,25508.128205128207,694770.5421440557,23159.018071468523,9,16,0.23076923076923078,0.41025641025641024,32.05128205128205,Medium,"Oneill, Guzman and Wood",Cardiologist,Oklahoma
3337,50,1299779.5573973656,25995.59114794731,706910.6244810916,19636.406235585877,14,17,0.28,0.34,31.0,Medium,"Stafford, Tucker and Gates",Dermatologist,Arkansas
3338,33,797908.0,24179.030303030304,547781.0451943546,21911.241807774186,8,13,0.24242424242424243,0.3939393939393939,31.818181818181817,Medium,Burgess-Moore,Dermatologist,New York
3339,37,1037370.0,28037.027027027027,737853.9679700653,25443.240274829837,8,10,0.21621621621621623,0.2702702702702703,24.324324324324323,Medium,Edwards-Dunn,Cardiologist,Idaho
3340,49,1498803.7171961293,30587.830963186312,732521.8876862552,24417.396256208503,19,20,0.3877551020408163,0.40816326530612246,39.79591836734694,Medium,Maldonado Group,Cardiologist,Missouri
3341,46,1302600.0,28317.391304347828,964533.9360041269,26792.60933344797,10,18,0.21739130434782608,0.391304347826087,30.434782608695652,Medium,Roberts-Phillips,General Practitioner,Rhode Island
3342,44,1193821.0,27132.295454545456,637168.6375437552,22756.02276941983,16,13,0.36363636363636365,0.29545454545454547,32.95454545454545,Medium,"Frazier, Haas and Dixon",Dermatologist,Massachusetts
3343,46,1083828.0,23561.478260869564,739794.4266266914,21136.98361790547,11,18,0.2391304347826087,0.391304347826087,31.52173913043478,Medium,Carey-Ray,Cardiologist,Massachusetts
3344,47,1219200.0,25940.425531914894,870138.4024695297,23517.254120798098,10,19,0.2127659574468085,0.40425531914893614,30.85106382978723,Medium,"Singh, Reed and Edwards",Cardiologist,Oklahoma
3345,25,516831.0,20673.24,281203.2041062723,16541.364947427785,8,8,0.32,0.32,32.0,Medium,"Carroll, Mcintyre and Watkins",Orthopedic,Alabama
3346,35,982220.7242172421,28063.449263349776,694990.5355504135,23965.190881048744,6,16,0.17142857142857143,0.45714285714285713,31.42857142857143,Medium,Pitts LLC,Dermatologist,Maryland
3347,42,1006430.028383831,23962.61972342455,628550.1546939955,20951.671823133183,12,12,0.2857142857142857,0.2857142857142857,28.57142857142857,Medium,"Hamilton, Valdez and Lewis",Cardiologist,Oklahoma
3348,60,1416347.0,23605.783333333333,909523.7379672274,22183.505804078715,19,20,0.31666666666666665,0.3333333333333333,32.5,Medium,Johnson Group,Dermatologist,Arizona
3349,35,853606.0,24388.742857142857,660350.90714656,21301.642166018064,4,14,0.11428571428571428,0.4,25.714285714285715,Medium,"Munoz, Lee and Archer",Cardiologist,Tennessee
3350,48,1288066.0,26834.708333333332,969007.9364489494,23634.33991338901,7,25,0.14583333333333334,0.5208333333333334,33.333333333333336,Medium,Jimenez-Bryant,Dermatologist,North Dakota
3351,41,951379.0,23204.365853658535,739923.5615947398,21140.673188421137,6,19,0.14634146341463414,0.4634146341463415,30.48780487804878,Medium,Russell Inc,General Practitioner,Louisiana
3352,48,1290970.0,26895.208333333332,908380.7395498493,24550.830798644576,11,23,0.22916666666666666,0.4791666666666667,35.41666666666667,Medium,"Anderson, Thompson and Jackson",General Practitioner,Tennessee
3353,49,1183297.0,24148.918367346938,949377.674464833,22604.230344400785,7,22,0.14285714285714285,0.4489795918367347,29.591836734693878,Medium,Hudson PLC,General Practitioner,Alabama
3354,45,1189502.0,26433.37777777778,712694.3838064824,23756.47946021608,15,11,0.3333333333333333,0.24444444444444444,28.888888888888886,Medium,"Walters, Vargas and Rodriguez",Oncologist,Vermont
3355,50,1110273.0,22205.46,670773.7792012502,19728.64056474265,16,15,0.32,0.3,31.0,Medium,Hunt-White,Cardiologist,New Mexico
3356,36,746572.0,20738.11111111111,443227.2656414341,17047.20252467054,10,15,0.2777777777777778,0.4166666666666667,34.72222222222223,Medium,Johnson PLC,Orthopedic,Florida
3357,36,916320.0,25453.333333333332,634618.7814204254,22664.95647930091,8,10,0.2222222222222222,0.2777777777777778,25.0,Medium,"Hernandez, Ibarra and Vega",Oncologist,Mississippi
3358,40,1174865.084689553,29371.627117238822,629325.5348368972,23308.353142107302,13,15,0.325,0.375,35.0,Medium,Greene Group,Dermatologist,Montana
3359,41,1054393.0,25716.90243902439,800081.7494103924,22224.493039177567,5,10,0.12195121951219512,0.24390243902439024,18.29268292682927,Low,Riley-Hawkins,Cardiologist,Minnesota
3360,49,1230600.8329240386,25114.302712735484,714739.6211356854,19853.878364880147,13,17,0.2653061224489796,0.3469387755102041,30.612244897959183,Medium,Ryan Ltd,Cardiologist,Michigan
3361,46,1211615.0,26339.456521739132,968095.8036227071,24822.96932365916,7,22,0.15217391304347827,0.4782608695652174,31.521739130434785,Medium,"Allen, Baker and Martin",Oncologist,Oregon
3362,42,1015659.0,24182.35714285714,861162.5347252799,23274.66310068324,5,17,0.11904761904761904,0.40476190476190477,26.19047619047619,Medium,Harrison-Parker,Cardiologist,Ohio
3363,34,893894.0505239872,26291.001485999623,650942.4923751539,23247.946156255497,6,11,0.17647058823529413,0.3235294117647059,25.0,Medium,Rivera-Stewart,Cardiologist,Ohio
3364,38,1073800.0,28257.894736842107,530750.1655259866,22114.59023024944,14,14,0.3684210526315789,0.3684210526315789,36.84210526315789,Medium,"Tate, Williams and Brown",Dermatologist,Kentucky
3365,29,707276.1503959228,24388.8327722732,460001.5586566661,20909.161757121186,7,13,0.2413793103448276,0.4482758620689655,34.48275862068966,Medium,"Oconnor, Wise and Warren",Orthopedic,Arizona
3366,40,1038591.0,25964.775,682267.9854462463,23526.482256767114,11,18,0.275,0.45,36.25,Medium,"Kennedy, Carlson and Chapman",Dermatologist,Vermont
3367,43,1134548.0,26384.837209302324,707642.936106284,27217.036004087848,17,13,0.3953488372093023,0.3023255813953488,34.883720930232556,Medium,"Marsh, Williams and Bass",Oncologist,Nevada
3368,28,799707.0,28560.964285714286,496203.9510400182,24810.197552000907,8,12,0.2857142857142857,0.42857142857142855,35.71428571428571,Medium,Proctor-Jackson,Cardiologist,New Mexico
3369,56,1304852.0,23300.928571428572,906034.1082685106,20591.684278829784,12,18,0.21428571428571427,0.32142857142857145,26.785714285714285,Medium,Hensley-Booth,Cardiologist,Iowa
3370,30,676718.0,22557.266666666666,552864.6288966319,19745.165317736853,2,14,0.06666666666666667,0.4666666666666667,26.666666666666664,Medium,"Mack, Davidson and Rodriguez",Orthopedic,Illinois
3371,40,1071672.7242963205,26791.818107408013,697988.5842011723,24068.571869005944,11,19,0.275,0.475,37.5,Medium,Crawford Group,Orthopedic,Hawaii
3372,37,967137.0,26138.837837837837,750187.239890189,25006.24132967297,7,17,0.1891891891891892,0.4594594594594595,32.432432432432435,Medium,Simpson-Clark,General Practitioner,Pennsylvania
3373,38,1059256.0,27875.157894736843,764469.0702042874,26361.002420837496,9,12,0.23684210526315788,0.3157894736842105,27.631578947368418,Medium,Hall Ltd,Orthopedic,Arizona
3374,48,1431017.672326714,29812.86817347321,839110.7065748429,22678.667745266026,11,17,0.22916666666666666,0.3541666666666667,29.166666666666668,Medium,Evans and Sons,Dermatologist,Alaska
3375,42,1050003.0,25000.071428571428,646390.2921670631,20199.696630220722,10,14,0.23809523809523808,0.3333333333333333,28.57142857142857,Medium,"Dyer, Mccarthy and Weiss",Cardiologist,Ohio
3376,43,1070228.0,24889.023255813954,776768.7864453624,22193.393898438924,8,20,0.18604651162790697,0.46511627906976744,32.55813953488372,Medium,Stewart LLC,Dermatologist,Colorado
3377,35,827798.0,23651.371428571427,410217.3321066202,18646.242368482737,13,11,0.37142857142857144,0.3142857142857143,34.285714285714285,Medium,Anderson LLC,Dermatologist,South Dakota
3378,49,1279992.9170250373,26122.304429082396,914960.2417641337,23460.519019593172,10,17,0.20408163265306123,0.3469387755102041,27.551020408163264,Medium,Gray-Lopez,Dermatologist,Ohio
3379,46,1237395.3201453201,26899.8982640287,803093.942062935,22308.165057303748,10,22,0.21739130434782608,0.4782608695652174,34.78260869565217,Medium,Zimmerman-Sims,Dermatologist,Maryland
3380,49,1276087.0,26042.591836734693,835711.6742471773,22586.802006680467,12,19,0.24489795918367346,0.3877551020408163,31.632653061224488,Medium,"Rodriguez, Russell and Oneill",Dermatologist,Maine
3381,32,790328.0,24697.75,499252.4888426042,19970.099553704167,7,14,0.21875,0.4375,32.8125,Medium,"Brooks, Johnson and Hodges",Dermatologist,Oregon
3382,48,1300405.4795742608,27091.780824463767,813718.8831477335,21413.6548196772,10,19,0.20833333333333334,0.3958333333333333,30.208333333333332,Medium,Jones-Parrish,Cardiologist,Missouri
3383,35,866599.0,24759.97142857143,520440.73474270746,21685.030614279476,11,11,0.3142857142857143,0.3142857142857143,31.428571428571427,Medium,Austin and Sons,Dermatologist,Florida
3384,37,848250.7491840476,22925.695923893178,467372.9404864195,19473.87252026748,13,11,0.35135135135135137,0.2972972972972973,32.432432432432435,Medium,Keith PLC,Oncologist,Massachusetts
3385,56,1468916.0344299814,26230.643471963955,836128.6365455795,23889.38961558799,21,13,0.375,0.23214285714285715,30.357142857142858,Medium,Flores and Sons,Dermatologist,Montana
3386,39,1058718.2350824813,27146.621412371314,687056.6264023217,22163.116980720057,8,23,0.20512820512820512,0.5897435897435898,39.743589743589745,Medium,Burton-Moore,General Practitioner,Connecticut
3387,50,1344969.0,26899.38,944280.1341935175,24849.47721561888,12,19,0.24,0.38,31.0,Medium,Kerr-Rowe,Dermatologist,Kentucky
3388,37,1017679.0208783193,27504.838402116737,544175.5080798918,23659.80469912573,14,11,0.3783783783783784,0.2972972972972973,33.78378378378378,Medium,Duncan-Hurley,General Practitioner,Montana
3389,40,974508.6183720784,24362.71545930196,644426.1578094017,20787.94057449683,9,15,0.225,0.375,30.0,Medium,Gilbert-Castillo,Cardiologist,Illinois
3390,32,905867.6457602202,28308.363930006883,493939.4388108331,22451.792673219687,10,13,0.3125,0.40625,35.9375,Medium,Morton and Sons,Oncologist,Oklahoma
3391,38,1031049.9009945807,27132.892131436336,736761.9341504428,23023.81044220134,6,19,0.15789473684210525,0.5,32.89473684210526,Medium,"Smith, Mckinney and Hebert",Cardiologist,Massachusetts
3392,43,1142680.0,26573.95348837209,804035.3709322149,22972.439169491856,8,18,0.18604651162790697,0.4186046511627907,30.232558139534888,Medium,Jenkins LLC,Cardiologist,Montana
3393,34,758625.0,22312.5,565290.4102824556,19492.772768360537,5,19,0.14705882352941177,0.5588235294117647,35.294117647058826,Medium,Nelson-Mclaughlin,Dermatologist,Alaska
3394,46,1162252.798899352,25266.365193464175,693131.1728930726,20386.210967443312,12,18,0.2608695652173913,0.391304347826087,32.608695652173914,Medium,"Atkins, Powell and Barker",General Practitioner,Delaware
3395,38,903068.0,23764.947368421053,646682.143632816,20860.714310736003,7,13,0.18421052631578946,0.34210526315789475,26.31578947368421,Medium,Gonzales LLC,Oncologist,Alaska
3396,44,992237.0,22550.840909090908,691339.4370262594,19752.55534360741,9,16,0.20454545454545456,0.36363636363636365,28.409090909090914,Medium,Jarvis PLC,Dermatologist,Virginia
3397,35,1046568.95599759,29901.970171359713,618911.6861327593,24756.467445310373,10,13,0.2857142857142857,0.37142857142857144,32.85714285714286,Medium,Bradshaw and Sons,General Practitioner,Alaska
3398,47,1258234.6355120381,26770.949691745493,727716.8049684445,23474.735644143373,16,10,0.3404255319148936,0.2127659574468085,27.659574468085104,Medium,Johnson-Abbott,Dermatologist,South Dakota
3399,46,1175248.0,25548.869565217392,884215.6788971525,23897.72105127439,9,19,0.1956521739130435,0.41304347826086957,30.43478260869565,Medium,Myers Ltd,Cardiologist,New Jersey
3400,42,1155181.0,27504.309523809523,855329.6688779036,25919.080875087988,9,15,0.21428571428571427,0.35714285714285715,28.57142857142857,Medium,"Levine, Simmons and Medina",General Practitioner,Nebraska
3401,26,679268.0,26125.69230769231,488835.9764398606,24441.79882199303,6,11,0.23076923076923078,0.4230769230769231,32.69230769230769,Medium,Young-Gutierrez,Orthopedic,Georgia
3402,42,1253948.0,29855.904761904763,905149.0953444582,26622.03221601348,8,19,0.19047619047619047,0.4523809523809524,32.142857142857146,Medium,Smith and Sons,Dermatologist,Minnesota
3403,36,955010.0,26528.055555555555,502237.26674451743,21836.40290193554,13,11,0.3611111111111111,0.3055555555555556,33.33333333333333,Medium,Reilly-Butler,Cardiologist,Massachusetts
3404,37,1095993.0,29621.432432432433,735149.3431326997,27227.75344935925,10,14,0.2702702702702703,0.3783783783783784,32.432432432432435,Medium,Melton-Hubbard,General Practitioner,New York
3405,38,1033883.9079400168,27207.47126157939,731185.0935018372,22849.534171932413,6,17,0.15789473684210525,0.4473684210526316,30.263157894736842,Medium,"Palmer, Hill and Long",Cardiologist,Nevada
3406,37,994462.0,26877.35135135135,655642.8689627383,24283.06922084216,10,14,0.2702702702702703,0.3783783783783784,32.432432432432435,Medium,Reynolds-Miller,Dermatologist,Pennsylvania
3407,36,806437.0,22401.027777777777,512837.76279232476,21368.240116346864,12,11,0.3333333333333333,0.3055555555555556,31.944444444444443,Medium,Kennedy-Nguyen,Dermatologist,Illinois
3408,42,1024388.0,24390.190476190477,693374.3372290903,22366.914104164203,11,19,0.2619047619047619,0.4523809523809524,35.714285714285715,Medium,"Wright, Hogan and Wu",Dermatologist,Michigan
3409,50,1266478.0,25329.56,835958.5689187893,23884.530540536838,15,11,0.3,0.22,26.0,Medium,"Weber, Solis and Jordan",Oncologist,Maryland
3410,42,1118147.5248829303,26622.560116260247,720500.0316043387,21191.177400127606,8,15,0.19047619047619047,0.35714285714285715,27.38095238095238,Medium,"Atkinson, Stewart and Parks",Oncologist,California
3411,32,760630.0,23769.6875,575484.8939794981,22134.03438382685,6,15,0.1875,0.46875,32.8125,Medium,"Day, Smith and Walters",Dermatologist,Hawaii
3412,39,1040242.4286884872,26672.882786884285,720777.4474498957,22524.29523280924,7,10,0.1794871794871795,0.2564102564102564,21.794871794871796,Medium,Richardson PLC,Oncologist,New York
3413,38,940210.0,24742.36842105263,771990.306507057,22056.86590020163,3,18,0.07894736842105263,0.47368421052631576,27.631578947368418,Medium,Perez-Martin,Cardiologist,Iowa
3414,45,1275021.359068542,28333.807979300935,889063.2279148743,26148.91846808454,11,22,0.24444444444444444,0.4888888888888889,36.666666666666664,Medium,Lopez LLC,General Practitioner,Indiana
3415,46,1040494.0,22619.434782608696,685549.6747582214,20774.23256843095,13,19,0.2826086956521739,0.41304347826086957,34.78260869565217,Medium,Marshall-Werner,Oncologist,Mississippi
3416,38,821558.0,21619.947368421053,594860.009643952,19828.666988131732,8,13,0.21052631578947367,0.34210526315789475,27.631578947368418,Medium,Norton Group,Oncologist,New Mexico
3417,49,1395396.7763821804,28477.485232289397,936709.5104187902,24650.25027417869,11,17,0.22448979591836735,0.3469387755102041,28.57142857142857,Medium,"Morris, Gentry and Hogan",Oncologist,Georgia
3418,46,1086154.0,23612.043478260868,711817.075517777,21570.214409629607,13,18,0.2826086956521739,0.391304347826087,33.69565217391305,Medium,Morales Ltd,Oncologist,Vermont
3419,40,924611.0,23115.275,613896.1833811662,19803.102689715037,9,16,0.225,0.4,31.25,Medium,"Evans, Rogers and Camacho",Orthopedic,New York
3420,47,1347313.899421627,28666.253179183554,703383.5207512212,20096.672021463462,12,18,0.2553191489361702,0.3829787234042553,31.914893617021278,Medium,Mclaughlin LLC,General Practitioner,Texas
3421,24,563283.0,23470.125,327615.4342737143,21841.028951580953,9,8,0.375,0.3333333333333333,35.416666666666664,Medium,"Morgan, Ferguson and White",Cardiologist,New Hampshire
3422,27,674145.0,24968.333333333332,511430.54359452904,21309.605983105375,3,16,0.1111111111111111,0.5925925925925926,35.18518518518518,Medium,Giles Group,Oncologist,North Carolina
3423,38,1109619.0,29200.5,687670.1662374047,27506.806649496186,13,14,0.34210526315789475,0.3684210526315789,35.526315789473685,Medium,Baker Inc,Orthopedic,New York
3424,35,880066.0,25144.742857142857,655386.286239457,22599.527111705414,6,17,0.17142857142857143,0.4857142857142857,32.857142857142854,Medium,"Reyes, Rosales and Carter",Dermatologist,Louisiana
3425,43,1123211.0,26121.18604651163,634305.2294985382,22653.758196376362,15,15,0.3488372093023256,0.3488372093023256,34.883720930232556,Medium,Douglas-Ferguson,Dermatologist,Utah
3426,40,827898.0,20697.45,474060.1228207942,16346.900786923938,11,11,0.275,0.275,27.500000000000004,Medium,Sheppard LLC,Orthopedic,Nevada
3427,33,838887.0165428602,25420.818683116977,533679.1322347943,20526.12047056901,7,14,0.21212121212121213,0.42424242424242425,31.818181818181817,Medium,Anderson-Rice,Cardiologist,South Carolina
3428,45,1184648.0,26325.51111111111,711666.0087694031,21565.63662937585,12,14,0.26666666666666666,0.3111111111111111,28.88888888888889,Medium,"Ortiz, Baker and Johnson",Orthopedic,New Mexico
3429,37,1152663.0775449488,31153.05614986348,557298.686354377,19903.52451265632,9,16,0.24324324324324326,0.43243243243243246,33.78378378378378,Medium,Garcia-Golden,Dermatologist,Texas
3430,41,976168.0,23808.975609756097,731527.7606779153,21515.522372879863,7,21,0.17073170731707318,0.5121951219512195,34.146341463414636,Medium,Griffith PLC,Oncologist,Pennsylvania
3431,36,867175.0,24088.194444444445,532140.3056750549,20466.934833655956,10,18,0.2777777777777778,0.5,38.888888888888886,Medium,"Hanson, Brown and Khan",Dermatologist,Alabama
3432,37,1008426.0,27254.756756756757,510127.51185019966,23187.614175009076,15,14,0.40540540540540543,0.3783783783783784,39.18918918918919,Medium,Acevedo LLC,General Practitioner,Idaho
3433,41,991008.0,24170.926829268294,592320.3166740795,21937.78950644739,14,11,0.34146341463414637,0.2682926829268293,30.487804878048784,Medium,"Brown, Santiago and Black",General Practitioner,North Dakota
3434,32,865488.0,27046.5,593027.4675931552,26955.793981507057,10,11,0.3125,0.34375,32.8125,Medium,Smith-Thomas,Dermatologist,Delaware
3435,43,1060577.5920089101,24664.59516299791,588208.1173614849,18974.45539875758,12,14,0.27906976744186046,0.32558139534883723,30.232558139534884,Medium,"Williams, Wilkinson and Chung",Dermatologist,Indiana
3436,35,900391.0,25725.457142857143,486872.59484408685,24343.629742204343,15,11,0.42857142857142855,0.3142857142857143,37.14285714285714,Medium,Pearson PLC,Oncologist,North Carolina
3437,41,1227348.0,29935.317073170732,777506.969682139,25080.869989746418,10,17,0.24390243902439024,0.4146341463414634,32.92682926829268,Medium,Chavez Inc,Oncologist,Georgia
3438,37,966518.0,26122.108108108107,678620.8891554864,23400.720315706425,8,17,0.21621621621621623,0.4594594594594595,33.78378378378379,Medium,Santiago-Kelley,General Practitioner,Virginia
3439,34,693413.0,20394.5,497321.3676152648,19892.854704610592,9,10,0.2647058823529412,0.29411764705882354,27.94117647058824,Medium,Thompson PLC,Cardiologist,Rhode Island
3440,43,1079511.908820834,25104.92811211242,592944.3355927612,22805.551368952354,17,9,0.3953488372093023,0.20930232558139536,30.232558139534884,Medium,Allison Ltd,Dermatologist,Nevada
3441,48,1291121.0104768863,26898.35438493513,894913.1628825425,23550.346391645853,10,23,0.20833333333333334,0.4791666666666667,34.375,Medium,Watkins-Galvan,Oncologist,Massachusetts
3442,27,586761.0,21731.88888888889,357650.65176721226,16256.847807600558,5,13,0.18518518518518517,0.48148148148148145,33.33333333333333,Medium,Bell-Reeves,Dermatologist,Louisiana
3443,49,1312255.0,26780.714285714286,912037.8500570296,24649.67162316296,12,19,0.24489795918367346,0.3877551020408163,31.632653061224488,Medium,"Wall, Johnson and Herrera",General Practitioner,Maryland
3444,33,1115020.1113033984,33788.4882213151,766785.7959010181,26440.88951382821,4,10,0.12121212121212122,0.30303030303030304,21.21212121212121,Medium,"Santos, Weiss and Bryant",Oncologist,Mississippi
3445,56,1364991.0,24374.839285714286,855540.7109192885,25162.962085861425,22,16,0.39285714285714285,0.2857142857142857,33.92857142857143,Medium,"Townsend, Howell and Sharp",Orthopedic,Missouri
3446,30,865985.0,28866.166666666668,608393.7846183514,25349.74102576464,6,12,0.2,0.4,30.0,Medium,"Bradshaw, Brown and Green",General Practitioner,West Virginia
3447,44,1055363.404464392,23985.531919645273,519933.3954104046,19997.43828501556,18,7,0.4090909090909091,0.1590909090909091,28.40909090909091,Medium,"Thomas, Nunez and Moore",Dermatologist,Mississippi
3448,53,1481260.4575581744,27948.310519965555,1002892.1138067034,25715.182405300086,14,21,0.2641509433962264,0.39622641509433965,33.0188679245283,Medium,Boyd PLC,Oncologist,Kansas
3449,34,795830.0,23406.764705882353,451268.4285705034,22563.421428525173,14,5,0.4117647058823529,0.14705882352941177,27.941176470588232,Medium,Brown-Carney,General Practitioner,North Carolina
3450,33,729351.0,22101.545454545456,536625.0599998033,20639.42538460782,7,16,0.21212121212121213,0.48484848484848486,34.848484848484844,Medium,"Velazquez, Davidson and Walker",Dermatologist,Missouri
3451,60,1412698.0,23544.966666666667,901560.8027648379,21989.287872313118,19,21,0.31666666666666665,0.35,33.33333333333333,Medium,Moore Inc,Cardiologist,Maryland
3452,38,981177.0,25820.447368421053,680917.4731325923,24318.481183306867,10,12,0.2631578947368421,0.3157894736842105,28.94736842105263,Medium,"Finley, Short and Conway",Oncologist,Michigan
3453,32,898413.7226802114,28075.428833756607,517767.4812161282,23534.88550982401,10,12,0.3125,0.375,34.375,Medium,Bates-Stark,Cardiologist,Washington
3454,44,1052315.0,23916.25,626723.2147032219,20216.87789365232,13,14,0.29545454545454547,0.3181818181818182,30.68181818181818,Medium,"Barber, Adams and Smith",General Practitioner,Missouri
3455,31,864785.0,27896.290322580644,592815.7538793,24700.656411637498,7,13,0.22580645161290322,0.41935483870967744,32.25806451612903,Medium,Gilbert and Sons,Oncologist,Oregon
3456,42,1011145.0,24074.880952380954,665155.8611935865,22171.862039786218,12,16,0.2857142857142857,0.38095238095238093,33.33333333333333,Medium,"Rivera, Sweeney and Berry",Dermatologist,Delaware
3457,44,1276052.5545865349,29001.194422421246,723450.7672172335,22607.83647553855,12,18,0.2727272727272727,0.4090909090909091,34.09090909090909,Medium,"Richard, Sanchez and Jones",Cardiologist,Rhode Island
3458,39,1139284.6562556494,29212.42708347819,772435.3001228706,24138.603128839706,7,18,0.1794871794871795,0.46153846153846156,32.05128205128205,Medium,"Jennings, Williams and Rogers",General Practitioner,Mississippi
3459,38,982827.0,25863.86842105263,575543.4551598768,22136.28673691834,12,12,0.3157894736842105,0.3157894736842105,31.57894736842105,Medium,"Ramos, Sanders and Clements",Dermatologist,Kentucky
3460,33,814129.0,24670.575757575756,483558.34851089685,19342.333940435874,8,11,0.24242424242424243,0.3333333333333333,28.787878787878785,Medium,Macdonald-Richards,Dermatologist,Alaska
3461,34,880335.0,25892.20588235294,607109.3942881819,23350.361318776228,8,9,0.23529411764705882,0.2647058823529412,25.0,Medium,Livingston-Anderson,Dermatologist,Hawaii
3462,39,1201497.866062804,30807.637591353945,636025.1760067053,23556.488000248344,12,9,0.3076923076923077,0.23076923076923078,26.923076923076923,Medium,"Lee, Jacobs and Cruz",Dermatologist,New Hampshire
3463,47,1208167.0,25705.68085106383,681505.3316581999,21297.041614318747,15,18,0.3191489361702128,0.3829787234042553,35.1063829787234,Medium,Davis PLC,Cardiologist,Arkansas
3464,36,990707.0,27519.63888888889,683429.8821527138,25312.21785750792,9,14,0.25,0.3888888888888889,31.944444444444446,Medium,Padilla-Murphy,Dermatologist,Mississippi
3465,40,881329.0,22033.225,588285.0247946666,18383.90702483333,8,15,0.2,0.375,28.75,Medium,"Reed, Parker and Padilla",Orthopedic,Nebraska
3466,54,1277785.0,23662.685185185186,885665.5063770155,22141.63765942539,14,24,0.25925925925925924,0.4444444444444444,35.18518518518518,Medium,Alvarez LLC,Oncologist,Virginia
3467,33,927709.6639368576,28112.414058692655,557549.0363303992,22301.96145321597,8,18,0.24242424242424243,0.5454545454545454,39.39393939393939,Medium,Bailey-Castro,Dermatologist,Georgia
3468,39,983709.0,25223.30769230769,609832.5225347936,21779.7329476712,11,12,0.28205128205128205,0.3076923076923077,29.48717948717949,Medium,Chen Group,Dermatologist,Utah
3469,39,1003110.0,25720.76923076923,714567.2965878953,23050.557954448235,8,16,0.20512820512820512,0.41025641025641024,30.769230769230766,Medium,Walker-Hughes,Orthopedic,Alabama
3470,35,904116.0,25831.885714285716,633933.0226120012,21859.759400413834,6,15,0.17142857142857143,0.42857142857142855,30.0,Medium,"Grant, Coleman and Harris",Oncologist,Louisiana
3471,42,1176426.0,28010.14285714286,822815.5806434718,24200.45825421976,8,16,0.19047619047619047,0.38095238095238093,28.57142857142857,Medium,Beck Inc,Dermatologist,Connecticut
3472,32,754536.0,23579.25,585869.1128802368,22533.42741847065,6,16,0.1875,0.5,34.375,Medium,"Howard, Elliott and Gibson",Dermatologist,Arkansas
3473,40,1132030.0,28300.75,837085.1882411904,26158.9121325372,8,16,0.2,0.4,30.0,Medium,"Williams, Morris and Larson",Dermatologist,Mississippi
3474,41,881170.0,21491.951219512193,633568.0430755334,20437.678808888173,10,14,0.24390243902439024,0.34146341463414637,29.26829268292683,Medium,Espinoza Group,Orthopedic,Tennessee
3475,37,910908.0,24619.135135135137,606596.0130899216,23330.615888073906,11,13,0.2972972972972973,0.35135135135135137,32.432432432432435,Medium,"Reed, Gilbert and Hooper",Oncologist,Mississippi
3476,37,1031431.6139181037,27876.530105894697,541135.4960614647,22547.31233589436,13,12,0.35135135135135137,0.32432432432432434,33.78378378378379,Medium,"Bowers, Thomas and Nguyen",General Practitioner,Minnesota
3477,43,1070677.0,24899.46511627907,723134.7634627186,21913.174650385412,10,15,0.23255813953488372,0.3488372093023256,29.069767441860463,Medium,Pierce-Jordan,Oncologist,South Dakota
3478,44,1585641.158397493,36037.299054488474,641633.0149443755,23764.185738680575,17,11,0.38636363636363635,0.25,31.818181818181817,Medium,"Howard, Gomez and Wilson",Orthopedic,Hawaii
3479,38,1023269.0,26928.13157894737,751362.5289144521,25045.417630481734,8,14,0.21052631578947367,0.3684210526315789,28.94736842105263,Medium,Wilson-Holmes,Oncologist,Florida
3480,40,921904.0,23047.6,559474.7410120289,18649.158033734297,10,10,0.25,0.25,25.0,Medium,Nolan-Richardson,Dermatologist,Mississippi
3481,44,1079016.0,24523.090909090908,877182.3376556172,23083.7457277794,6,23,0.13636363636363635,0.5227272727272727,32.95454545454545,Medium,Woods-Mcpherson,Orthopedic,West Virginia
3482,26,717221.0,27585.423076923078,446610.57574772584,26271.21033810152,9,9,0.34615384615384615,0.34615384615384615,34.61538461538461,Medium,Tyler LLC,Orthopedic,Montana
3483,52,1342548.0,25818.23076923077,1013452.4342089499,23568.661260673252,9,23,0.17307692307692307,0.4423076923076923,30.769230769230766,Medium,Oconnell-Goodwin,Oncologist,Michigan
3484,31,709865.0,22898.870967741936,457957.789337815,20816.263151718864,9,13,0.2903225806451613,0.41935483870967744,35.483870967741936,Medium,Williams-Allen,Oncologist,Maine
3485,39,980791.0,25148.48717948718,699909.6817225832,22577.731668470427,8,15,0.20512820512820512,0.38461538461538464,29.48717948717949,Medium,Williams Ltd,Cardiologist,Colorado
3486,51,1343108.0,26335.450980392157,868887.051577549,22865.44872572497,13,18,0.2549019607843137,0.35294117647058826,30.392156862745097,Medium,Werner Ltd,Oncologist,Arizona
3487,37,902526.0,24392.594594594593,526928.9153385162,20266.496743789085,11,17,0.2972972972972973,0.4594594594594595,37.83783783783784,Medium,Novak Ltd,Oncologist,Michigan
3488,46,1219141.0,26503.065217391304,726621.480871207,25055.913133489896,17,16,0.3695652173913043,0.34782608695652173,35.8695652173913,Medium,Crane LLC,Dermatologist,Mississippi
3489,38,838768.0,22072.842105263157,606741.7647968098,19572.314993445478,7,12,0.18421052631578946,0.3157894736842105,25.0,Medium,Berg-Jones,General Practitioner,Arkansas
3490,37,1000450.0,27039.18918918919,744106.8587124199,23253.33933476312,5,8,0.13513513513513514,0.21621621621621623,17.56756756756757,Low,Williams Inc,General Practitioner,New Jersey
3491,41,1099969.0,26828.51219512195,752327.5975193622,23510.23742248007,9,19,0.21951219512195122,0.4634146341463415,34.146341463414636,Medium,Chang Ltd,General Practitioner,Massachusetts
3492,33,777531.3412890605,23561.555796638197,485727.13234862,17989.893790689628,6,15,0.18181818181818182,0.45454545454545453,31.81818181818182,Medium,Hall Inc,Oncologist,Maine
3493,42,1027233.6448689648,24457.943925451542,682689.2139513281,21334.037935979002,10,16,0.23809523809523808,0.38095238095238093,30.95238095238095,Medium,Davis PLC,General Practitioner,Florida
3494,32,872396.0,27262.375,457355.50072711013,20788.886396686823,10,14,0.3125,0.4375,37.5,Medium,Griffin Inc,Cardiologist,Minnesota
3495,31,911750.8741743341,29411.318521752713,470921.59962684766,21405.527255765803,9,11,0.2903225806451613,0.3548387096774194,32.25806451612903,Medium,Watson Ltd,Orthopedic,West Virginia
3496,41,958399.0,23375.585365853658,679124.6272677104,20579.534159627587,8,11,0.1951219512195122,0.2682926829268293,23.170731707317074,Medium,"Miller, Valenzuela and Page",Cardiologist,Kentucky
3497,42,1146259.0,27291.880952380954,856232.6744442488,23784.240956784688,6,10,0.14285714285714285,0.23809523809523808,19.047619047619044,Low,Mclaughlin Inc,Cardiologist,Arizona
3498,47,1268446.9143027654,26988.232219207774,747795.9407384869,21365.598306813914,12,16,0.2553191489361702,0.3404255319148936,29.78723404255319,Medium,Joyce PLC,General Practitioner,Delaware
3499,48,1152243.0,24005.0625,721174.1546920638,22536.692334126994,16,17,0.3333333333333333,0.3541666666666667,34.375,Medium,"Jones, Potts and Klein",General Practitioner,Iowa
3500,38,971131.0,25556.07894736842,652934.2841232851,23319.08157583161,10,14,0.2631578947368421,0.3684210526315789,31.578947368421048,Medium,"Giles, Bush and Harris",Cardiologist,Wyoming
3501,35,1070839.5602658885,30595.416007596814,706750.3823167165,24370.702838507466,6,17,0.17142857142857143,0.4857142857142857,32.857142857142854,Medium,Ali-Miles,Cardiologist,Colorado
3502,34,822813.0,24200.382352941175,534871.2371429056,21394.849485716222,9,14,0.2647058823529412,0.4117647058823529,33.8235294117647,Medium,"Campbell, Lambert and Petersen",Cardiologist,New Hampshire
3503,49,1307441.0,26682.469387755104,1085115.3752138072,25836.080362233504,7,21,0.14285714285714285,0.42857142857142855,28.57142857142857,Medium,Fleming-Wilson,Cardiologist,Connecticut
3504,46,1303263.0,28331.804347826088,827272.3473724418,25068.859011286113,13,12,0.2826086956521739,0.2608695652173913,27.173913043478258,Medium,Hunt-Peterson,Cardiologist,Vermont
3505,39,1099610.1678122429,28195.132508006227,764577.4282991841,23169.012978763152,6,23,0.15384615384615385,0.5897435897435898,37.17948717948718,Medium,Ruiz Inc,Oncologist,Missouri
3506,38,1142500.2858511738,30065.79699608352,646751.5149171052,24875.058266042506,12,17,0.3157894736842105,0.4473684210526316,38.1578947368421,Medium,Brown-Morales,Cardiologist,Alaska
3507,48,1027553.0,21407.354166666668,712246.2841202533,20349.893832007238,13,20,0.2708333333333333,0.4166666666666667,34.375,Medium,Smith-Jacobson,Orthopedic,New Jersey
3508,31,824584.0,26599.483870967742,460556.80256338156,21931.27631254198,10,9,0.3225806451612903,0.2903225806451613,30.645161290322584,Medium,Nolan-Johnson,General Practitioner,Hawaii
3509,38,984985.4877921396,25920.670731372094,626070.2829803512,23187.788258531527,11,13,0.2894736842105263,0.34210526315789475,31.578947368421055,Medium,Martin PLC,Orthopedic,Maryland
3510,47,1013837.0,21571.0,720644.1503991062,21195.416188209005,13,20,0.2765957446808511,0.425531914893617,35.1063829787234,Medium,"Castro, Zavala and Smith",Dermatologist,Texas
3511,30,802500.0,26750.0,510785.6062438263,24323.12410684887,9,12,0.3,0.4,35.0,Medium,Buchanan-Miller,General Practitioner,Iowa
3512,42,1140013.0,27143.166666666668,802213.6506946661,25877.85969982794,11,11,0.2619047619047619,0.2619047619047619,26.190476190476193,Medium,Tran-Romero,Orthopedic,Connecticut
3513,47,1480417.6051829942,31498.24691878711,763671.345173627,22460.921916871383,13,15,0.2765957446808511,0.3191489361702128,29.787234042553195,Medium,"Barnes, Villegas and Rios",Cardiologist,Oklahoma
3514,47,1294581.0,27544.27659574468,875027.1467217037,23649.38234382983,10,22,0.2127659574468085,0.46808510638297873,34.04255319148936,Medium,"Randall, Hernandez and Smith",Cardiologist,Nevada
3515,52,1322075.0,25424.51923076923,894115.1942432628,24165.275520088184,15,22,0.28846153846153844,0.4230769230769231,35.57692307692307,Medium,Manning-Ross,General Practitioner,Nevada
3516,50,1296990.0,25939.8,764829.079533381,22494.972927452385,16,15,0.32,0.3,31.0,Medium,Reid Inc,Oncologist,Wisconsin
3517,40,1081295.0,27032.375,720513.8383582687,26685.697716972914,13,11,0.325,0.275,30.0,Medium,"Smith, Coleman and Newton",Cardiologist,Georgia
3518,40,864544.0,21613.6,699900.3873737126,21209.10264768826,7,13,0.175,0.325,25.0,Medium,Vasquez and Sons,Orthopedic,Arizona
3519,34,801056.0,23560.470588235294,603974.1239741772,24158.964958967088,9,13,0.2647058823529412,0.38235294117647056,32.35294117647059,Medium,"Macdonald, Garcia and Williams",General Practitioner,Alaska
3520,39,1032161.0,26465.666666666668,693518.1956720974,22371.554699099917,8,16,0.20512820512820512,0.41025641025641024,30.769230769230766,Medium,"Pena, Aguilar and Hodges",Oncologist,Montana
3521,36,1019954.0,28332.055555555555,762594.3181431573,26296.355798039905,7,14,0.19444444444444445,0.3888888888888889,29.16666666666667,Medium,Oneal Group,Cardiologist,Missouri
3522,35,980641.307255286,28018.323064436743,662990.6890521916,25499.641886622754,9,16,0.2571428571428571,0.45714285714285713,35.714285714285715,Medium,Hamilton and Sons,Oncologist,Ohio
3523,41,1023575.0,24965.243902439026,836074.078347046,23224.279954084614,5,21,0.12195121951219512,0.5121951219512195,31.70731707317073,Medium,"Huang, Cummings and Swanson",Orthopedic,Mississippi
3524,36,951478.0,26429.944444444445,673718.4514681282,24061.373266718867,8,15,0.2222222222222222,0.4166666666666667,31.944444444444446,Medium,"Smith, Collins and Pena",General Practitioner,Washington
3525,40,996666.0,24916.65,695766.6210574494,24848.807894908907,12,13,0.3,0.325,31.25,Medium,Villegas LLC,Cardiologist,Ohio
3526,47,1396414.055181249,29710.937344281894,720567.60341111,22517.737606597188,15,18,0.3191489361702128,0.3829787234042553,35.1063829787234,Medium,Young-Quinn,Oncologist,Maryland
3527,35,883024.9307471323,25229.28373563235,669828.5337719965,23922.44763471416,7,16,0.2,0.45714285714285713,32.85714285714286,Medium,Gross Group,General Practitioner,Oregon
3528,39,1133194.0,29056.25641025641,761992.0875606748,26275.589226230164,10,15,0.2564102564102564,0.38461538461538464,32.05128205128205,Medium,"Johnston, Smith and Walsh",Orthopedic,Georgia
3529,53,1465206.0,27645.396226415094,944446.3883199322,24216.57405948544,14,21,0.2641509433962264,0.39622641509433965,33.0188679245283,Medium,Wilson-Tucker,General Practitioner,Georgia
3530,37,966028.0,26108.864864864863,667703.8253758772,23846.565191995614,9,14,0.24324324324324326,0.3783783783783784,31.08108108108108,Medium,Cox Group,Cardiologist,Missouri
3531,31,780005.2651311983,25161.460165522527,473647.1091819519,19735.296215914663,7,15,0.22580645161290322,0.4838709677419355,35.483870967741936,Medium,Richard-White,Dermatologist,Massachusetts
3532,45,1202237.0,26716.37777777778,686357.8240440488,23667.51117393272,16,14,0.35555555555555557,0.3111111111111111,33.333333333333336,Medium,Middleton LLC,General Practitioner,Delaware
3533,39,929904.0,23843.69230769231,611283.9060661551,23510.919464082886,13,13,0.3333333333333333,0.3333333333333333,33.33333333333333,Medium,Montoya and Sons,Cardiologist,Delaware
3534,48,1310049.0,27292.6875,950123.11142894,24362.13106228051,9,19,0.1875,0.3958333333333333,29.166666666666664,Medium,Reed PLC,Oncologist,Montana
3535,41,1004360.0,24496.585365853658,735944.1850018571,22998.255781308035,9,14,0.21951219512195122,0.34146341463414637,28.04878048780488,Medium,White Group,General Practitioner,Oregon
3536,46,1143398.0,24856.478260869564,638397.7702858651,19949.930321433283,14,20,0.30434782608695654,0.43478260869565216,36.95652173913044,Medium,"Wagner, Gardner and Martinez",General Practitioner,Missouri
3537,37,918277.9379766013,24818.322648016252,588280.8209091077,21010.029318182416,9,15,0.24324324324324326,0.40540540540540543,32.432432432432435,Medium,"Farmer, Williams and Martinez",Dermatologist,Montana
3538,27,708562.0,26243.037037037036,272509.3003477336,20962.253872902584,14,7,0.5185185185185185,0.25925925925925924,38.888888888888886,Medium,Hensley Inc,Dermatologist,Florida
3539,51,1292296.0,25339.13725490196,1002331.618125875,24447.112637216465,10,21,0.19607843137254902,0.4117647058823529,30.392156862745097,Medium,Huber Group,Dermatologist,Oregon
3540,40,1145586.0,28639.65,671911.2984809976,27996.3041033749,16,14,0.4,0.35,37.5,Medium,Clayton and Sons,Dermatologist,Utah
3541,43,1198414.0156131072,27870.09338635133,756816.3494455809,21623.324269873738,8,16,0.18604651162790697,0.37209302325581395,27.906976744186046,Medium,"Finley, Brewer and Stevens",Cardiologist,Maryland
3542,43,914056.0,21257.116279069767,631853.9519767442,19745.435999273257,11,19,0.2558139534883721,0.4418604651162791,34.883720930232556,Medium,Adams LLC,Dermatologist,Maine
3543,45,1160897.613970791,25797.724754906467,711990.3171702639,22967.429586137543,14,13,0.3111111111111111,0.28888888888888886,30.0,Medium,King-Michael,Dermatologist,Illinois
3544,40,1233065.471901868,30826.6367975467,614688.1360624153,22766.227261570937,13,14,0.325,0.35,33.75,Medium,Hunter Ltd,Orthopedic,Georgia
3545,37,937978.320849498,25350.76542836481,586020.6966657542,21704.470246879784,10,17,0.2702702702702703,0.4594594594594595,36.48648648648649,Medium,Peterson PLC,Dermatologist,Hawaii
3546,38,962711.0,25334.5,595690.4731877745,23827.618927510983,13,14,0.34210526315789475,0.3684210526315789,35.526315789473685,Medium,Spears-Smith,Cardiologist,Colorado
3547,39,1061843.3436686655,27226.752401760656,635490.6610174027,21913.47106956561,10,14,0.2564102564102564,0.358974358974359,30.769230769230766,Medium,"White, George and Long",Cardiologist,Louisiana
3548,33,889592.0,26957.333333333332,638778.9982587767,24568.423009952952,7,13,0.21212121212121213,0.3939393939393939,30.3030303030303,Medium,Andrews Inc,Cardiologist,Iowa
3549,45,959120.0,21313.777777777777,682059.220392018,20060.565305647586,11,17,0.24444444444444444,0.37777777777777777,31.11111111111111,Medium,"Kaiser, Krause and Tucker",Oncologist,Alaska
3550,45,914797.0,20328.82222222222,500737.1968768514,17883.471317030406,17,11,0.37777777777777777,0.24444444444444444,31.11111111111111,Medium,Townsend PLC,Oncologist,New York
3551,35,1024211.0,29263.17142857143,619306.2312518671,24772.249250074685,10,14,0.2857142857142857,0.4,34.285714285714285,Medium,Anderson Group,Orthopedic,Florida
3552,36,977328.0,27148.0,558806.9879908557,24295.95599960242,13,13,0.3611111111111111,0.3611111111111111,36.11111111111111,Medium,Luna PLC,Oncologist,Missouri
3553,40,954759.0,23868.975,684872.5243606551,21402.266386270472,8,14,0.2,0.35,27.5,Medium,Carroll-Caldwell,Orthopedic,Massachusetts
3554,35,931455.0,26613.0,681848.9381578004,24351.74779135001,7,17,0.2,0.4857142857142857,34.285714285714285,Medium,Williams and Sons,Oncologist,Ohio
3555,35,888746.0,25392.742857142857,584719.7254587925,23388.7890183517,10,16,0.2857142857142857,0.45714285714285713,37.14285714285714,Medium,White and Sons,General Practitioner,Minnesota
3556,46,1175850.0,25561.956521739132,808936.1306443111,23792.239136597385,12,19,0.2608695652173913,0.41304347826086957,33.69565217391304,Medium,"Robinson, Wolfe and Sellers",Orthopedic,Florida
3557,48,1202038.0,25042.458333333332,731991.3927287206,20914.039792249157,13,11,0.2708333333333333,0.22916666666666666,25.0,Medium,Thompson-Smith,Oncologist,Kansas
3558,49,1175188.0,23983.428571428572,829027.679234915,22406.15349283554,12,21,0.24489795918367346,0.42857142857142855,33.6734693877551,Medium,Davila PLC,General Practitioner,California
3559,42,1120645.0,26682.02380952381,811468.2626730577,25358.383208533054,10,17,0.23809523809523808,0.40476190476190477,32.14285714285714,Medium,Griffin and Sons,Orthopedic,Delaware
3560,36,870070.0,24168.61111111111,607877.0757157992,22513.965767251822,9,16,0.25,0.4444444444444444,34.72222222222222,Medium,Salazar Group,Orthopedic,Pennsylvania
3561,49,1362249.40567472,27801.00827907592,797287.6654947642,22779.647585564693,14,19,0.2857142857142857,0.3877551020408163,33.673469387755105,Medium,Guerrero and Sons,General Practitioner,Tennessee
3562,39,946922.0,24280.05128205128,453265.5071630924,19707.19596361271,16,13,0.41025641025641024,0.3333333333333333,37.179487179487175,Medium,"Donovan, Hahn and Luna",Orthopedic,Ohio
3563,40,1191775.6141962348,29794.39035490587,728448.7309567338,24281.62436522446,10,13,0.25,0.325,28.75,Medium,"Hunt, Davis and Smith",General Practitioner,Iowa
3564,38,929190.0,24452.36842105263,647634.4484455251,23129.801730197327,10,9,0.2631578947368421,0.23684210526315788,25.0,Medium,"Kennedy, Wheeler and Jackson",General Practitioner,Kentucky
3565,44,1171473.5757468895,26624.39944879294,746148.2654898054,21945.537220288392,10,17,0.22727272727272727,0.38636363636363635,30.68181818181818,Medium,Henry-Wright,Orthopedic,Texas
3566,45,1326033.7762588975,29467.417250197723,922303.8858891192,27126.58487909174,11,18,0.24444444444444444,0.4,32.22222222222222,Medium,Sanchez Group,Orthopedic,Alaska
3567,39,1165876.0,29894.25641025641,770752.3170695066,25691.743902316888,9,14,0.23076923076923078,0.358974358974359,29.48717948717949,Medium,Bennett-Reynolds,Dermatologist,Wyoming
3568,43,1145381.0,26636.767441860466,661884.1090741799,24514.22626200666,16,17,0.37209302325581395,0.3953488372093023,38.372093023255815,Medium,Allen-Ray,Dermatologist,Oklahoma
3569,47,1014674.0,21588.808510638297,661991.9726573534,21354.57976314043,16,12,0.3404255319148936,0.2553191489361702,29.78723404255319,Medium,Williams LLC,Cardiologist,Florida
3570,31,967329.3664837129,31204.173112377837,564086.5106120633,26861.262410098254,10,15,0.3225806451612903,0.4838709677419355,40.322580645161295,Medium,Thompson-Singleton,Cardiologist,Delaware
3571,47,1164754.907477046,24782.019308022253,622780.19492774,19461.881091491876,15,16,0.3191489361702128,0.3404255319148936,32.97872340425532,Medium,Baker-Becker,General Practitioner,Delaware
3572,45,1349455.0,29987.88888888889,1004480.1197053135,26433.687360666143,7,15,0.15555555555555556,0.3333333333333333,24.444444444444443,Medium,Estrada-Garcia,Orthopedic,Idaho
3573,33,730753.0,22144.030303030304,474404.2789211564,20626.272996572017,10,11,0.30303030303030304,0.3333333333333333,31.818181818181817,Medium,Thomas Ltd,General Practitioner,New Jersey
3574,40,1010858.0,25271.45,692659.3768766326,23884.806099194226,11,18,0.275,0.45,36.25,Medium,Thomas-Castillo,Dermatologist,Washington
3575,45,1306293.0443520502,29028.734318934446,811200.5493585978,24581.83482904842,12,10,0.26666666666666666,0.2222222222222222,24.444444444444443,Medium,Dunn-Glover,Cardiologist,California
3576,40,957176.0,23929.4,723889.5872133692,20682.55963466769,5,16,0.125,0.4,26.25,Medium,"Knapp, Zhang and Frost",General Practitioner,Nevada
3577,28,730205.0,26078.75,425483.8072270949,23637.98929039416,10,11,0.35714285714285715,0.39285714285714285,37.5,Medium,"Finley, Kelly and Smith",Orthopedic,Mississippi
3578,32,1020502.0,31890.6875,825975.3647006423,30591.680174097863,5,8,0.15625,0.25,20.3125,Medium,Anderson-Hernandez,Cardiologist,California
3579,43,1202822.0723413012,27972.606333518634,917302.6374579631,23520.580447640077,4,20,0.09302325581395349,0.46511627906976744,27.906976744186046,Medium,"Jordan, Dean and Wong",General Practitioner,Montana
3580,39,1041484.8653611896,26704.7401374664,735251.6665544045,22976.614579825142,7,15,0.1794871794871795,0.38461538461538464,28.205128205128208,Medium,Gallagher Ltd,Cardiologist,Nevada
3581,43,903154.0,21003.581395348836,637032.7370890141,18736.2569732063,9,18,0.20930232558139536,0.4186046511627907,31.395348837209305,Medium,"Marquez, Montes and Arroyo",Orthopedic,Michigan
3582,37,1028255.6587001446,27790.693478382287,615721.545010808,24628.86180043232,12,13,0.32432432432432434,0.35135135135135137,33.78378378378379,Medium,"Gonzalez, Kidd and Hernandez",Cardiologist,Tennessee
3583,41,865792.0,21116.878048780487,638768.554434683,20605.437239828487,10,11,0.24390243902439024,0.2682926829268293,25.609756097560975,Medium,"Short, Cooper and Yang",General Practitioner,Minnesota
3584,40,1133787.39838503,28344.68495962575,761842.9755351588,25394.76585117196,10,17,0.25,0.425,33.75,Medium,Fisher Inc,General Practitioner,Nevada
3585,43,1110052.0,25815.162790697676,765463.4064762953,22513.62960224398,9,12,0.20930232558139536,0.27906976744186046,24.41860465116279,Medium,Cook-Franklin,Cardiologist,Hawaii
3586,43,1086697.0,25272.023255813954,774224.8528455226,23461.35917713705,10,13,0.23255813953488372,0.3023255813953488,26.744186046511626,Medium,"Cervantes, Anderson and Mcclure",Orthopedic,Kansas
3587,51,1400255.0,27455.980392156864,891118.2267132234,24084.276397654685,14,15,0.27450980392156865,0.29411764705882354,28.43137254901961,Medium,Vega-Tran,General Practitioner,Nevada
3588,38,1040166.0,27372.78947368421,603660.5687585652,25152.52369827355,14,13,0.3684210526315789,0.34210526315789475,35.526315789473685,Medium,Vaughn-Jennings,Oncologist,Arizona
3589,32,890582.0,27830.6875,614130.4910459089,23620.403501765726,6,12,0.1875,0.375,28.125,Medium,Dominguez Ltd,Cardiologist,Oklahoma
3590,31,815622.0,26310.387096774193,482338.3300872833,22968.49190891825,10,12,0.3225806451612903,0.3870967741935484,35.483870967741936,Medium,"Miller, Grimes and Liu",Dermatologist,Oklahoma
3591,39,1036078.4071262983,26566.113003238417,620523.5301727515,24820.94120691006,14,12,0.358974358974359,0.3076923076923077,33.333333333333336,Medium,"Lin, Wilson and Smith",General Practitioner,Florida
3592,40,1057621.0,26440.525,752442.1108319355,23513.815963497986,8,13,0.2,0.325,26.25,Medium,Christensen PLC,Dermatologist,New Hampshire
3593,38,826866.0,21759.63157894737,679423.3049582397,19412.094427378277,3,19,0.07894736842105263,0.5,28.94736842105263,Medium,Smith-Moore,Dermatologist,Wisconsin
3594,44,1197032.0,27205.272727272728,742880.6784630857,22511.535711002594,11,16,0.25,0.36363636363636365,30.681818181818183,Medium,"Fernandez, Armstrong and Morales",Orthopedic,Utah
3595,51,1335493.0,26186.13725490196,823803.7838458415,23537.250967024043,16,17,0.3137254901960784,0.3333333333333333,32.35294117647059,Medium,Butler-Miller,Orthopedic,Kentucky
3596,36,1065947.0,29609.63888888889,675150.0163642768,24112.500584438454,8,16,0.2222222222222222,0.4444444444444444,33.33333333333333,Medium,Patel-Chavez,Orthopedic,South Carolina
3597,50,1277514.0,25550.28,845863.0122683761,24878.323890246356,16,16,0.32,0.32,32.0,Medium,Howe PLC,Cardiologist,Rhode Island
3598,34,958746.0,28198.41176470588,725215.2267559593,25007.42161227446,5,19,0.14705882352941177,0.5588235294117647,35.294117647058826,Medium,"Powell, Collins and King",Dermatologist,Minnesota
3599,47,1253736.0,26675.23404255319,841853.9337151772,24052.96953471935,12,17,0.2553191489361702,0.3617021276595745,30.851063829787236,Medium,Fitzpatrick Inc,General Practitioner,New York
3600,42,1096669.0,26111.166666666668,825139.1490208755,22920.53191724654,6,15,0.14285714285714285,0.35714285714285715,25.0,Medium,Horne-Beltran,Dermatologist,Texas
3601,47,1283671.0,27312.14893617021,754536.2234139898,23579.25698168718,15,11,0.3191489361702128,0.23404255319148937,27.659574468085108,Medium,"Salazar, Spencer and Lopez",Oncologist,Montana
3602,43,1105318.0,25705.06976744186,790296.3071954227,21952.675199872854,7,19,0.16279069767441862,0.4418604651162791,30.232558139534884,Medium,Kerr-Ward,Dermatologist,Arizona
3603,49,1378803.0,28138.836734693876,938561.3532677833,25366.523061291442,12,21,0.24489795918367346,0.42857142857142855,33.6734693877551,Medium,Mitchell-Padilla,Dermatologist,Michigan
3604,36,955601.0,26544.472222222223,707138.6657920595,23571.288859735316,6,8,0.16666666666666666,0.2222222222222222,19.444444444444443,Low,Carroll-Fuentes,Cardiologist,Maryland
3605,37,756535.5731315779,20446.90738193454,493313.2286966115,18973.58571910044,11,15,0.2972972972972973,0.40540540540540543,35.13513513513514,Medium,"West, Williams and Nelson",General Practitioner,Georgia
3606,40,951678.0,23791.95,619771.1193592551,21371.41790893983,11,15,0.275,0.375,32.5,Medium,"Harrison, Collins and Young",Oncologist,Virginia
3607,34,859813.6015648152,25288.635340141624,507994.7980252616,21166.449917719234,10,11,0.29411764705882354,0.3235294117647059,30.88235294117647,Medium,"Jenkins, Brown and Robertson",Cardiologist,West Virginia
3608,35,1077452.2060137512,30784.348743250033,666435.2804703877,26657.411218815505,10,9,0.2857142857142857,0.2571428571428571,27.14285714285714,Medium,Riley-Watson,Oncologist,Iowa
3609,35,993843.3680316285,28395.524800903673,660721.4839154384,24471.166070942163,8,13,0.22857142857142856,0.37142857142857144,30.0,Medium,Smith LLC,Dermatologist,Pennsylvania
3610,49,1398048.5338621587,28531.60273188079,809883.9241450034,23820.115416029512,15,15,0.30612244897959184,0.30612244897959184,30.612244897959183,Medium,Mclaughlin Inc,General Practitioner,Arizona
3611,33,710443.0,21528.575757575756,511655.3613680343,20466.214454721372,8,12,0.24242424242424243,0.36363636363636365,30.303030303030305,Medium,Nash-Martinez,Dermatologist,Montana
3612,31,867671.0,27989.387096774193,669090.944022479,26763.63776089916,6,13,0.1935483870967742,0.41935483870967744,30.645161290322584,Medium,Buck-Henderson,Cardiologist,Wyoming
3613,39,927264.0,23776.0,648586.2625799627,23163.795092141525,11,13,0.28205128205128205,0.3333333333333333,30.769230769230766,Medium,"Sandoval, Ward and Alvarez",General Practitioner,Washington
3614,34,817474.0,24043.352941176472,530770.6644916197,24125.939295073622,12,12,0.35294117647058826,0.35294117647058826,35.294117647058826,Medium,"Cohen, Perez and Fleming",Oncologist,Kansas
3615,41,1053517.0,25695.536585365855,822176.8480916108,24914.449942170024,8,14,0.1951219512195122,0.34146341463414637,26.829268292682926,Medium,"Rodriguez, Blankenship and Rodriguez",General Practitioner,New York
3616,33,776840.004787636,23540.606205685937,438330.58311295905,19057.851439693874,10,9,0.30303030303030304,0.2727272727272727,28.78787878787879,Medium,Monroe Inc,General Practitioner,New Jersey
3617,44,920431.0,20918.886363636364,583660.8767316982,19455.36255772327,14,16,0.3181818181818182,0.36363636363636365,34.09090909090909,Medium,"Anderson, Howard and Lang",Cardiologist,Idaho
3618,39,962411.962918892,24677.22981843313,603548.3923894662,19469.30298030536,8,16,0.20512820512820512,0.41025641025641024,30.769230769230766,Medium,Haney Inc,Cardiologist,Nevada
3619,30,709817.0,23660.566666666666,476423.33674417745,22686.825559246547,9,12,0.3,0.4,35.0,Medium,Jones-Davis,Dermatologist,Massachusetts
3620,56,1348927.625865183,24087.993319021127,900622.18290348,20944.701927987906,13,21,0.23214285714285715,0.375,30.357142857142858,Medium,"Sanchez, Diaz and Dennis",General Practitioner,Wyoming
3621,26,861067.3229081694,33117.973958006514,549603.679369382,24981.985425880997,4,7,0.15384615384615385,0.2692307692307692,21.153846153846153,Medium,Poole-Wu,General Practitioner,Colorado
3622,40,1015031.1513099446,25375.778782748614,650694.1519894873,22437.72937894784,11,18,0.275,0.45,36.25,Medium,Chan LLC,Orthopedic,Indiana
3623,41,1126979.1871143323,27487.297246691032,849401.0582153883,24982.38406515848,7,14,0.17073170731707318,0.34146341463414637,25.609756097560975,Medium,"Davis, Bell and Potter",Dermatologist,Missouri
3624,41,756661.0,18455.146341463416,530723.324704709,16585.103897022156,9,16,0.21951219512195122,0.3902439024390244,30.48780487804878,Medium,Mullins-Smith,Orthopedic,New Jersey
3625,48,1281166.8638526616,26690.976330263784,721834.4770712254,20623.84220203501,13,14,0.2708333333333333,0.2916666666666667,28.125,Medium,Jefferson-Grant,Cardiologist,Indiana
3626,39,952894.0,24433.17948717949,733063.3353560279,22908.229229875873,7,20,0.1794871794871795,0.5128205128205128,34.61538461538461,Medium,Thomas and Sons,Oncologist,West Virginia
3627,41,1229001.4492797002,29975.64510438293,695718.4413069591,21082.377009301792,8,20,0.1951219512195122,0.4878048780487805,34.146341463414636,Medium,Carlson-Fisher,Dermatologist,South Dakota
3628,33,721523.0,21864.333333333332,461500.14979407727,18460.00599176309,8,16,0.24242424242424243,0.48484848484848486,36.36363636363636,Medium,Mckinney LLC,General Practitioner,Delaware
3629,42,1231700.0,29326.190476190477,708794.1452520654,24441.177422485012,13,15,0.30952380952380953,0.35714285714285715,33.333333333333336,Medium,Mckenzie-Jones,Orthopedic,Virginia
3630,29,580168.0,20005.793103448275,423513.593073264,17646.399711386,5,14,0.1724137931034483,0.4827586206896552,32.758620689655174,Medium,Roach-Hebert,General Practitioner,Indiana
3631,40,1213736.5172690134,30343.412931725336,718216.5218473863,24766.0869602547,11,15,0.275,0.375,32.5,Medium,Steele-Nelson,Oncologist,Missouri
3632,36,1090439.0,30289.972222222223,757441.6259751656,28053.393554635764,9,13,0.25,0.3611111111111111,30.555555555555554,Medium,Long-Cunningham,General Practitioner,Tennessee
3633,34,929504.0,27338.352941176472,618027.9974961613,23770.3075960062,8,12,0.23529411764705882,0.35294117647058826,29.411764705882355,Medium,Shepherd Inc,Orthopedic,Ohio
3634,48,1282545.925952435,26719.70679067573,598744.785064594,19314.347905309485,17,17,0.3541666666666667,0.3541666666666667,35.41666666666667,Medium,"Wright, Richards and Schneider",Dermatologist,Ohio
3635,35,1064552.783024656,30415.793800704454,562772.0628600329,26798.669660001568,14,12,0.4,0.34285714285714286,37.14285714285714,Medium,Phillips-Levy,General Practitioner,South Dakota
3636,40,1003355.0,25083.875,548011.8759624389,22833.82816510162,16,16,0.4,0.4,40.0,Medium,Jones Group,Orthopedic,Connecticut
3637,43,895142.0,20817.25581395349,583608.2205196767,17685.097591505353,10,19,0.23255813953488372,0.4418604651162791,33.72093023255814,Medium,Holt-Perry,Cardiologist,South Dakota
3638,32,805877.0,25183.65625,555073.3672738766,25230.607603358025,10,10,0.3125,0.3125,31.25,Medium,Ramos-Khan,General Practitioner,North Dakota
3639,45,1254821.206955797,27884.915710128822,881857.2136675507,22046.430341688767,5,18,0.1111111111111111,0.4,25.555555555555557,Medium,"Johnson, Johnson and Andrews",General Practitioner,Michigan
3640,41,1257782.710899101,30677.627095100026,658175.109325617,22695.693425021276,12,11,0.2926829268292683,0.2682926829268293,28.048780487804876,Medium,Ramirez-Anderson,Oncologist,Montana
3641,33,845951.0,25634.878787878788,656167.9628929012,22626.48147906556,4,16,0.12121212121212122,0.48484848484848486,30.303030303030305,Medium,"Schmidt, Case and Crosby",General Practitioner,Utah
3642,47,1207675.0,25695.212765957447,776193.9131086987,23521.027669960567,14,14,0.2978723404255319,0.2978723404255319,29.78723404255319,Medium,Velasquez Ltd,Orthopedic,North Dakota
3643,34,735216.0,21624.0,569356.5751361173,19632.985349521285,5,17,0.14705882352941177,0.5,32.35294117647059,Medium,Warner-Garner,Oncologist,Rhode Island
3644,37,837863.0,22644.945945945947,471243.63642302,19635.151517625833,13,13,0.35135135135135137,0.35135135135135137,35.13513513513514,Medium,"Hendrix, Dominguez and Anderson",Oncologist,Wyoming
3645,40,941452.0,23536.3,618157.0523987098,21315.760427541718,11,16,0.275,0.4,33.75,Medium,Rangel Group,General Practitioner,New Mexico
3646,41,978051.0,23854.90243902439,735213.6439744163,21006.104113554753,6,15,0.14634146341463414,0.36585365853658536,25.609756097560975,Medium,"Thomas, Osborne and Hernandez",Dermatologist,Florida
3647,41,1094614.0,26697.90243902439,768588.3939911221,24793.173999713617,10,14,0.24390243902439024,0.34146341463414637,29.26829268292683,Medium,Garcia-Dennis,Cardiologist,Louisiana
3648,39,1198921.708777175,30741.58227633782,680196.0886499657,21941.809311289217,8,12,0.20512820512820512,0.3076923076923077,25.641025641025642,Medium,"Walker, Mckinney and Briggs",Dermatologist,Florida
3649,37,942640.0,25476.756756756757,637976.7778488093,22784.884923171758,9,12,0.24324324324324326,0.32432432432432434,28.37837837837838,Medium,"Scott, Robertson and Mosley",Orthopedic,Hawaii
3650,35,915137.0,26146.77142857143,582575.3155504203,24273.971481267512,11,9,0.3142857142857143,0.2571428571428571,28.57142857142857,Medium,Anderson-Willis,General Practitioner,Alabama
3651,35,796011.0,22743.17142857143,536798.3817287196,21471.935269148784,10,9,0.2857142857142857,0.2571428571428571,27.14285714285714,Medium,"Owens, Ramos and Garcia",General Practitioner,Oklahoma
3652,36,982550.776060807,27293.077112800194,551726.2295724945,22988.592898853938,12,15,0.3333333333333333,0.4166666666666667,37.5,Medium,Brooks-Perry,Cardiologist,Kentucky
3653,41,1010922.6050252144,24656.64890305401,678098.0939370623,21190.565435533197,9,15,0.21951219512195122,0.36585365853658536,29.26829268292683,Medium,"Galloway, Cochran and Herring",Dermatologist,Florida
3654,49,1423859.885595904,29058.365012161306,950402.9224996624,23760.07306249156,9,14,0.1836734693877551,0.2857142857142857,23.46938775510204,Medium,"Smith, Duke and Douglas",Dermatologist,North Carolina
3655,34,911766.0,26816.647058823528,709810.0833968905,25350.36012131752,6,14,0.17647058823529413,0.4117647058823529,29.41176470588235,Medium,Fleming-Green,Dermatologist,Mississippi
3656,35,891397.0,25468.485714285714,543997.516586506,20922.98140717331,9,10,0.2571428571428571,0.2857142857142857,27.14285714285714,Medium,"Hamilton, Moore and Perez",Dermatologist,Maryland
3657,44,976913.0,22202.56818181818,669416.1419061229,19126.175483032082,9,14,0.20454545454545456,0.3181818181818182,26.136363636363637,Medium,Lucero-Jones,Oncologist,California
3658,34,1128540.293009545,33192.36155910426,672456.5563322953,26898.26225329181,9,11,0.2647058823529412,0.3235294117647059,29.411764705882355,Medium,"Ruiz, Brewer and Mitchell",Cardiologist,Virginia
3659,42,1123626.9771961637,26753.02326657533,655683.5423112359,21856.118077041196,12,16,0.2857142857142857,0.38095238095238093,33.33333333333333,Medium,Martinez-Young,Orthopedic,Washington
3660,30,728548.0,24284.933333333334,549703.1526242564,21988.12610497026,5,15,0.16666666666666666,0.5,33.33333333333333,Medium,Hamilton-Rhodes,Dermatologist,Michigan
3661,51,1679236.802835695,32926.21182030775,934145.419468342,25247.173499144377,14,11,0.27450980392156865,0.21568627450980393,24.50980392156863,Medium,"Lucas, Mills and Jarvis",Cardiologist,Hawaii
3662,37,932899.8622182757,25213.509789683125,445109.4489192719,15896.766032831138,9,11,0.24324324324324326,0.2972972972972973,27.027027027027028,Medium,Jones Group,Cardiologist,Indiana
3663,40,1061140.0,26528.5,618762.2123216518,22917.11897487599,13,16,0.325,0.4,36.25,Medium,"Palmer, Lopez and White",General Practitioner,Wisconsin
3664,51,1070456.0,20989.333333333332,741280.2600960362,21179.436002743892,16,15,0.3137254901960784,0.29411764705882354,30.392156862745097,Medium,Gomez Ltd,Orthopedic,Oregon
3665,46,1272868.1350726811,27671.046414623503,713896.7159563078,22309.27237363462,14,21,0.30434782608695654,0.45652173913043476,38.04347826086956,Medium,Jimenez-Estrada,Orthopedic,North Dakota
3666,55,1440789.177808281,26196.166869241475,806230.8751049933,22395.302086249816,19,18,0.34545454545454546,0.32727272727272727,33.63636363636364,Medium,"Dixon, Lee and Griffin",Orthopedic,Rhode Island
3667,35,1025600.1293932874,29302.86083980821,642213.6497733969,25688.545990935876,10,12,0.2857142857142857,0.34285714285714286,31.428571428571427,Medium,"Wallace, Garrett and Smith",Oncologist,Missouri
3668,39,991992.0989156271,25435.694843990437,708620.353433065,20841.7751009725,5,16,0.1282051282051282,0.41025641025641024,26.92307692307692,Medium,Sanchez Inc,Dermatologist,Louisiana
3669,41,981817.0,23946.756097560974,560646.0471225957,21563.30950471522,15,12,0.36585365853658536,0.2926829268292683,32.92682926829268,Medium,"Williams, Watson and Medina",Dermatologist,Louisiana
3670,50,1359152.0,27183.04,918328.9954032308,24166.552510611335,12,18,0.24,0.36,30.0,Medium,"Perez, Escobar and Huff",Dermatologist,New York
3671,38,800184.0,21057.473684210527,478345.47377220716,17083.76692043597,10,18,0.2631578947368421,0.47368421052631576,36.84210526315789,Medium,Williams Inc,Cardiologist,Arkansas
3672,40,1071121.5732218523,26778.039330546308,592058.4890558749,21144.94603770982,12,15,0.3,0.375,33.75,Medium,Wright-Watkins,Oncologist,Wyoming
3673,42,1094479.5024795816,26059.035773323372,605445.7204854111,20877.43863742797,13,17,0.30952380952380953,0.40476190476190477,35.714285714285715,Medium,Cummings-Ruiz,Orthopedic,New Hampshire
3674,41,1058540.0,25818.048780487807,773863.8270239164,22110.395057826183,6,24,0.14634146341463414,0.5853658536585366,36.58536585365853,Medium,Vazquez-Jackson,General Practitioner,Hawaii
3675,39,999383.7544829797,25625.224473922553,586336.8833609916,21716.18086522191,12,14,0.3076923076923077,0.358974358974359,33.333333333333336,Medium,"Johnson, Chen and Ibarra",Orthopedic,Nevada
3676,28,845071.0,30181.10714285714,577977.8372658974,26271.71987572261,6,8,0.21428571428571427,0.2857142857142857,25.0,Medium,Mendez-Scott,Cardiologist,Ohio
3677,45,1104317.0,24540.37777777778,752397.8203987057,22799.93395147593,12,20,0.26666666666666666,0.4444444444444444,35.55555555555556,Medium,Casey-Webb,Dermatologist,Missouri
3678,43,1003470.0,23336.511627906977,680249.1024189009,20007.326541732382,9,14,0.20930232558139536,0.32558139534883723,26.74418604651163,Medium,"Quinn, Meyer and Holland",General Practitioner,Ohio
3679,29,828781.0,28578.655172413793,496662.95864386397,27592.386591325776,11,8,0.3793103448275862,0.27586206896551724,32.758620689655174,Medium,Stout Inc,Cardiologist,Ohio
3680,35,919687.3630645793,26276.78180184512,511550.80805062654,21314.61700210944,11,13,0.3142857142857143,0.37142857142857144,34.285714285714285,Medium,"Tanner, Boone and Schaefer",General Practitioner,Arkansas
3681,37,1117391.4015907373,30199.767610560466,702524.9401612545,24224.997936594984,8,12,0.21621621621621623,0.32432432432432434,27.027027027027028,Medium,"Scott, Reynolds and Nguyen",Oncologist,Michigan
3682,44,1033651.0,23492.06818181818,581482.5381264942,19382.75127088314,14,16,0.3181818181818182,0.36363636363636365,34.09090909090909,Medium,Conrad-Fowler,General Practitioner,Texas
3683,35,884263.0,25264.657142857144,482217.8277871623,20965.992512485318,12,12,0.34285714285714286,0.34285714285714286,34.285714285714285,Medium,Howard-Weaver,General Practitioner,Nevada
3684,42,1076530.0,25631.666666666668,603862.8587423924,20822.85719801353,13,13,0.30952380952380953,0.30952380952380953,30.952380952380953,Medium,Gonzalez Ltd,Cardiologist,Illinois
3685,29,927249.0,31974.103448275862,607745.2342113772,30387.261710568862,9,10,0.3103448275862069,0.3448275862068966,32.758620689655174,Medium,Smith LLC,General Practitioner,Oregon
3686,35,838775.1453180443,23965.004151944126,503643.9659414236,20985.16524755932,11,10,0.3142857142857143,0.2857142857142857,30.0,Medium,Martinez-Williams,Cardiologist,Indiana
3687,43,1252288.955500525,29122.99896512849,749660.4404249507,24182.594852417762,12,15,0.27906976744186046,0.3488372093023256,31.3953488372093,Medium,"Jordan, Swanson and Russell",Dermatologist,Minnesota
3688,40,981247.0,24531.175,772791.0595977345,23417.910896901045,7,23,0.175,0.575,37.5,Medium,"Jones, Smith and Mitchell",Cardiologist,Ohio
3689,35,921715.0,26334.714285714286,556814.0594624857,24209.306933151554,12,12,0.34285714285714286,0.34285714285714286,34.285714285714285,Medium,"Best, Gonzalez and Frost",Dermatologist,Arkansas
3690,43,1101023.0,25605.18604651163,754603.7456841589,22194.227814239966,9,17,0.20930232558139536,0.3953488372093023,30.232558139534884,Medium,Brock Group,Oncologist,Mississippi
3691,42,1159292.6288000413,27602.205447620032,723368.911592815,21275.556223318086,8,13,0.19047619047619047,0.30952380952380953,25.0,Medium,"Keith, Williams and Moore",Orthopedic,South Dakota
3692,45,1060741.0,23572.022222222222,704512.4350193519,20720.953971157407,11,17,0.24444444444444444,0.37777777777777777,31.11111111111111,Medium,"Moran, Watkins and Davis",Dermatologist,Massachusetts
3693,40,1022319.0,25557.975,752454.3160428752,22801.645940693186,7,17,0.175,0.425,30.0,Medium,Rogers Ltd,Oncologist,Wisconsin
3694,39,1122981.7893915616,28794.404856193887,770825.0102161805,25694.167007206015,9,16,0.23076923076923078,0.41025641025641024,32.05128205128205,Medium,Evans LLC,Dermatologist,Nevada
3695,47,1510353.569965918,32135.182339700386,981301.167851936,24532.529196298397,7,22,0.14893617021276595,0.46808510638297873,30.851063829787236,Medium,Jarvis-Mccarty,General Practitioner,Iowa
3696,51,1316833.4858902956,25820.264429221483,869716.5380695114,24158.792724153096,15,17,0.29411764705882354,0.3333333333333333,31.372549019607842,Medium,Martinez Group,Orthopedic,New Jersey
3697,38,1145451.877672346,30143.47046506174,659342.6543714178,21269.11788294896,7,15,0.18421052631578946,0.39473684210526316,28.94736842105263,Medium,"Perez, Martinez and Silva",Oncologist,New York
3698,41,1136244.440490023,27713.279036342024,702138.3860703001,24211.668485182763,12,13,0.2926829268292683,0.3170731707317073,30.487804878048777,Medium,Aguirre PLC,Oncologist,North Dakota
3699,39,1104473.6877771625,28319.838148132374,608451.8445605901,21730.423020021077,11,20,0.28205128205128205,0.5128205128205128,39.74358974358974,Medium,"Zamora, Evans and Lewis",General Practitioner,Pennsylvania
3700,34,861173.0,25328.617647058825,678219.7515661875,24222.133984506694,6,16,0.17647058823529413,0.47058823529411764,32.35294117647059,Medium,Baker Inc,Dermatologist,Iowa
3701,37,1078102.9760201096,29137.918270813774,564321.5667272289,20154.341668829606,9,15,0.24324324324324326,0.40540540540540543,32.432432432432435,Medium,"Miller, Long and Russell",Oncologist,Missouri
3702,45,1233594.7717412869,27413.217149806376,657321.8111297385,22666.269349301325,16,16,0.35555555555555557,0.35555555555555557,35.55555555555556,Medium,"Johnson, Robinson and Rivera",Dermatologist,Wyoming
3703,35,1057502.0,30214.342857142856,530382.4144921706,24108.291567825934,13,10,0.37142857142857144,0.2857142857142857,32.85714285714286,Medium,Rios PLC,Dermatologist,Massachusetts
3704,39,1063132.0,27259.79487179487,662183.7210234671,24525.323000869153,12,15,0.3076923076923077,0.38461538461538464,34.61538461538462,Medium,Marquez Inc,General Practitioner,Washington
3705,21,578997.0,27571.285714285714,475073.15407243994,23753.657703621997,1,11,0.047619047619047616,0.5238095238095238,28.571428571428573,Medium,Wood LLC,Dermatologist,New Hampshire
3706,44,1194122.0,27139.136363636364,821390.7769617896,24158.552263582045,10,16,0.22727272727272727,0.36363636363636365,29.545454545454547,Medium,"Wright, Cherry and Watts",Orthopedic,Nevada
3707,42,1081154.0,25741.761904761905,621328.6767178783,23012.17321177327,15,13,0.35714285714285715,0.30952380952380953,33.333333333333336,Medium,Thomas-Williams,General Practitioner,Nevada
3708,32,912964.9641084489,28530.15512838903,569843.2847015536,25901.967486434256,10,10,0.3125,0.3125,31.25,Medium,Warren LLC,General Practitioner,New York
3709,40,1018458.0,25461.45,652255.7910279753,21040.509387999202,9,11,0.225,0.275,25.0,Medium,Baker-Johnson,Cardiologist,Rhode Island
3710,46,978794.9616022203,21278.1513391787,672412.9174537712,20376.149013750644,13,17,0.2826086956521739,0.3695652173913043,32.60869565217391,Medium,"Smith, Riggs and Perkins",Orthopedic,Michigan
3711,44,1161903.8514928778,26406.905715747223,702727.8266646343,20668.465490136303,10,15,0.22727272727272727,0.3409090909090909,28.409090909090907,Medium,"Odom, Deleon and Bautista",Oncologist,Tennessee
3712,43,847403.0,19707.04651162791,510153.1381619323,17005.104605397744,13,10,0.3023255813953488,0.23255813953488372,26.744186046511626,Medium,Miller-Alexander,Dermatologist,North Carolina
3713,35,753804.0,21537.257142857143,475283.0841471656,19011.323365886623,10,9,0.2857142857142857,0.2571428571428571,27.14285714285714,Medium,Moore LLC,Dermatologist,New Mexico
3714,48,1157115.0,24106.5625,759724.9302500953,21706.42657857415,13,13,0.2708333333333333,0.2708333333333333,27.083333333333332,Medium,Tucker-Vasquez,General Practitioner,Texas
3715,39,885789.0,22712.53846153846,615330.8317087031,20511.027723623436,9,14,0.23076923076923078,0.358974358974359,29.48717948717949,Medium,"Ramirez, Dixon and Johnson",Dermatologist,North Carolina
3716,31,733173.0,23650.74193548387,515196.80902496295,20607.872360998517,6,9,0.1935483870967742,0.2903225806451613,24.193548387096776,Medium,Ryan-Coleman,Orthopedic,Indiana
3717,34,797768.0,23463.764705882353,500817.8464302565,21774.688975228542,11,12,0.3235294117647059,0.35294117647058826,33.82352941176471,Medium,Allen Ltd,Oncologist,Missouri
3718,50,1372015.033101127,27440.30066202254,916114.0329409144,24759.83872813282,13,24,0.26,0.48,37.0,Medium,Martinez-Miranda,Dermatologist,Alabama
3719,30,913186.6045789378,30439.553485964592,513334.1018257472,23333.36826480669,8,8,0.26666666666666666,0.26666666666666666,26.666666666666668,Medium,Martin-Giles,General Practitioner,Indiana
3720,33,952172.0,28853.696969696968,590577.6476021603,24607.401983423348,9,12,0.2727272727272727,0.36363636363636365,31.81818181818182,Medium,"Diaz, Mccormick and Hardin",Orthopedic,North Carolina
3721,40,925042.2200258367,23126.055500645918,620763.517243352,22170.125615834,12,14,0.3,0.35,32.5,Medium,"Nichols, Herring and Nolan",Oncologist,Indiana
3722,40,1132607.0,28315.175,531900.3589018184,25328.58851913421,19,12,0.475,0.3,38.75,Medium,Nelson LLC,Orthopedic,Texas
3723,44,1133058.0,25751.31818181818,806931.6617311107,23055.19033517459,9,20,0.20454545454545456,0.45454545454545453,32.95454545454545,Medium,Silva-Knox,Orthopedic,North Dakota
3724,42,1112813.4932601664,26495.559363337296,822623.5067630117,22850.652965639212,6,18,0.14285714285714285,0.42857142857142855,28.57142857142857,Medium,Boyd and Sons,Orthopedic,South Carolina
3725,35,812985.0,23228.14285714286,644816.2619533265,20800.524579139565,4,12,0.11428571428571428,0.34285714285714286,22.857142857142858,Medium,Allen LLC,Dermatologist,Delaware
3726,37,955106.0,25813.675675675677,681987.9917484466,26230.307374940254,11,12,0.2972972972972973,0.32432432432432434,31.08108108108108,Medium,"Winters, Morris and Gray",Orthopedic,Louisiana
3727,40,827229.0,20680.725,503498.3079389868,16783.27693129956,10,15,0.25,0.375,31.25,Medium,"Taylor, Long and Brown",Dermatologist,South Dakota
3728,47,1149535.0,24458.191489361703,700137.2218528744,22585.071672673366,16,14,0.3404255319148936,0.2978723404255319,31.914893617021278,Medium,Roy-Ross,Orthopedic,South Dakota
3729,53,1431693.0180874392,27013.07581297055,879965.6808767559,21462.5775823599,12,17,0.22641509433962265,0.32075471698113206,27.358490566037737,Medium,"Doyle, Jordan and Bradley",Oncologist,Pennsylvania
3730,33,888468.0,26923.272727272728,638937.0980226052,24574.5037701002,7,13,0.21212121212121213,0.3939393939393939,30.3030303030303,Medium,Hawkins Group,General Practitioner,South Carolina
3731,53,1331764.8783287012,25127.63921374908,903249.4260638756,24412.146650375016,16,16,0.3018867924528302,0.3018867924528302,30.18867924528302,Medium,Turner LLC,Dermatologist,Kansas
3732,39,1006718.8521217199,25813.30390055692,581725.7202548134,21545.397046474573,12,16,0.3076923076923077,0.41025641025641024,35.8974358974359,Medium,Ayers Inc,General Practitioner,North Carolina
3733,38,980528.0,25803.36842105263,682963.4023810569,24391.550085037747,10,14,0.2631578947368421,0.3684210526315789,31.578947368421048,Medium,Gould PLC,Oncologist,Vermont
3734,36,1068605.0,29683.472222222223,696412.0558001845,27856.48223200738,11,15,0.3055555555555556,0.4166666666666667,36.111111111111114,Medium,Nash and Sons,General Practitioner,New Mexico
3735,40,1007556.0,25188.9,673377.1508462329,21721.843575684932,9,18,0.225,0.45,33.75,Medium,Dennis and Sons,Orthopedic,Missouri
3736,32,792938.0,24779.3125,595361.1346041658,22050.412392746883,5,13,0.15625,0.40625,28.125,Medium,Taylor-Grant,Oncologist,Alaska
3737,47,1282394.0,27284.978723404256,863655.6695414366,23342.04512274153,10,20,0.2127659574468085,0.425531914893617,31.914893617021278,Medium,"Meyer, Price and Harris",Dermatologist,Vermont
3738,41,978117.0,23856.51219512195,538311.0763291133,20704.272166504357,15,14,0.36585365853658536,0.34146341463414637,35.36585365853659,Medium,"Dickerson, Martin and Fischer",Oncologist,Vermont
3739,35,692380.8020279141,19782.308629368974,527524.3394853552,19537.9384994576,8,14,0.22857142857142856,0.4,31.42857142857143,Medium,Yates Ltd,Dermatologist,Mississippi
3740,33,968723.7640229069,29355.265576451726,674317.1854029383,25935.27636165147,7,7,0.21212121212121213,0.21212121212121213,21.21212121212121,Medium,Woods and Sons,Orthopedic,Montana
3741,40,1060960.0,26524.0,711845.8881020626,23728.196270068755,10,12,0.25,0.3,27.5,Medium,"Potter, Bradley and Robinson",Cardiologist,North Dakota
3742,40,1209897.0,30247.425,739657.5952255845,26416.342686628017,12,13,0.3,0.325,31.25,Medium,Parker-Henderson,Orthopedic,Wisconsin
3743,37,1011777.3355310945,27345.333392732282,614981.0290093296,24599.241160373185,12,12,0.32432432432432434,0.32432432432432434,32.432432432432435,Medium,Lucas-Christian,Orthopedic,Hawaii
3744,45,986523.2788428094,21922.739529840208,658825.5129554434,18823.58608444124,10,16,0.2222222222222222,0.35555555555555557,28.88888888888889,Medium,Murray Ltd,General Practitioner,New Jersey
3745,48,1091320.7908210133,22735.84980877111,774381.0603262987,20378.448955955228,10,18,0.20833333333333334,0.375,29.166666666666668,Medium,Navarro-Martin,Cardiologist,Massachusetts
3746,51,1285113.0,25198.29411764706,656799.96774648,20524.9989920775,19,16,0.37254901960784315,0.3137254901960784,34.31372549019608,Medium,Nguyen PLC,Oncologist,Oklahoma
3747,34,933630.0,27459.70588235294,576756.8708665809,24031.536286107537,10,9,0.29411764705882354,0.2647058823529412,27.94117647058824,Medium,Williams Inc,Cardiologist,South Carolina
3748,31,773056.7827815124,24937.315573597174,525935.5090504851,19479.092927795744,4,15,0.12903225806451613,0.4838709677419355,30.645161290322584,Medium,Spence-Byrd,Orthopedic,Mississippi
3749,43,1027791.0,23902.116279069767,679341.2286265958,19980.624371370464,9,21,0.20930232558139536,0.4883720930232558,34.883720930232556,Medium,Arroyo-Wells,General Practitioner,Georgia
3750,39,1168534.0,29962.410256410258,731588.3848407739,26128.15660145621,11,10,0.28205128205128205,0.2564102564102564,26.92307692307692,Medium,"Gomez, Scott and Reed",Cardiologist,New York
3751,40,973512.0,24337.8,607653.06385457,21701.895137663214,12,12,0.3,0.3,30.0,Medium,Wheeler-Sullivan,Oncologist,Louisiana
3752,43,944152.8501808374,21957.043027461335,529358.2700120707,16542.445937877208,11,15,0.2558139534883721,0.3488372093023256,30.232558139534884,Medium,Fernandez-Bishop,Cardiologist,Idaho
3753,44,959940.0,21816.81818181818,496650.05524496513,17737.50197303447,16,16,0.36363636363636365,0.36363636363636365,36.36363636363637,Medium,Farmer-Willis,Dermatologist,New Mexico
3754,43,1120548.0891110145,26059.25788630266,682011.4757113286,22733.715857044284,13,12,0.3023255813953488,0.27906976744186046,29.069767441860463,Medium,Odonnell Group,Dermatologist,Tennessee
3755,31,914345.6841747547,29495.022070153376,454119.329379861,20641.78769908459,9,11,0.2903225806451613,0.3548387096774194,32.25806451612903,Medium,Martin LLC,Oncologist,Delaware
3756,43,1008068.344534659,23443.449872899044,644833.8670352538,20151.05834485168,11,15,0.2558139534883721,0.3488372093023256,30.232558139534884,Medium,Andrews-Fernandez,Cardiologist,Massachusetts
3757,43,1175161.787671115,27329.343899328258,770752.4167488647,24086.01302340202,11,19,0.2558139534883721,0.4418604651162791,34.883720930232556,Medium,Harding Ltd,General Practitioner,New York
3758,37,935863.217295714,25293.600467451728,662399.0555223379,21367.711468462512,6,15,0.16216216216216217,0.40540540540540543,28.37837837837838,Medium,Weber Inc,Oncologist,Rhode Island
3759,47,986527.0,20989.936170212764,661933.9510307066,16972.66541104376,8,22,0.1702127659574468,0.46808510638297873,31.914893617021278,Medium,"Ferrell, Russell and Leach",Orthopedic,Nevada
3760,40,1134343.0,28358.575,572851.7982911405,22914.07193164562,15,10,0.375,0.25,31.25,Medium,Wallace-Oconnell,Orthopedic,Kansas
3761,34,995209.2301073343,29270.859709039243,698086.4742175372,24931.65979348347,6,15,0.17647058823529413,0.4411764705882353,30.88235294117647,Medium,Simon Inc,Oncologist,Maryland
3762,30,727977.0,24265.9,543900.9241809995,23647.866268739108,7,7,0.23333333333333334,0.23333333333333334,23.333333333333332,Medium,Kidd-Porter,Orthopedic,Maine
3763,42,998227.0,23767.309523809523,645263.38444365,23898.643868283336,15,14,0.35714285714285715,0.3333333333333333,34.52380952380952,Medium,"Stephenson, Moore and Todd",Dermatologist,Nevada
3764,45,1149762.0,25550.266666666666,715370.361168041,23076.463263485195,14,14,0.3111111111111111,0.3111111111111111,31.11111111111111,Medium,Carrillo-Wells,General Practitioner,Maine
3765,43,1052111.917684003,24467.719015907045,517191.8438322605,17239.72812774202,13,11,0.3023255813953488,0.2558139534883721,27.906976744186046,Medium,Dudley-Brown,General Practitioner,Wisconsin
3766,36,977790.0,27160.833333333332,572815.5685267537,26037.071296670623,14,12,0.3888888888888889,0.3333333333333333,36.111111111111114,Medium,"Marquez, Manning and Graham",General Practitioner,Missouri
3767,43,1097059.0,25513.0,743298.6278917438,22524.200845204356,10,14,0.23255813953488372,0.32558139534883723,27.906976744186046,Medium,Rangel-Barnett,Cardiologist,Alabama
3768,33,898247.0,27219.60606060606,648415.0675158196,25936.602700632782,8,15,0.24242424242424243,0.45454545454545453,34.848484848484844,Medium,"May, Gill and Brown",Oncologist,Arkansas
3769,40,971906.0,24297.65,659795.0264936653,20618.59457792704,8,14,0.2,0.35,27.5,Medium,"Martin, Dorsey and Hernandez",Orthopedic,Arizona
3770,34,861536.0,25339.29411764706,645730.6829196431,23915.951219246042,7,11,0.20588235294117646,0.3235294117647059,26.470588235294116,Medium,Morton-Baker,Cardiologist,Hawaii
3771,41,927480.0,22621.463414634145,654686.580663403,22575.399333220794,12,16,0.2926829268292683,0.3902439024390244,34.14634146341463,Medium,"Martin, Fields and Osborn",Orthopedic,Indiana
3772,44,1096121.0,24911.840909090908,690982.1576494805,20938.85326210547,11,15,0.25,0.3409090909090909,29.545454545454543,Medium,"Hurley, Spencer and Mills",Oncologist,Nebraska
3773,33,698851.0,21177.303030303032,385390.88168696867,18351.946746998507,12,12,0.36363636363636365,0.36363636363636365,36.36363636363637,Medium,"Gilbert, Pham and Wise",Orthopedic,South Dakota
3774,41,1144158.2132741683,27906.297884735814,704004.3889123341,22000.13715351044,9,13,0.21951219512195122,0.3170731707317073,26.829268292682926,Medium,Miles-Carlson,Cardiologist,Utah
3775,32,695325.0,21728.90625,489757.55704646563,21293.8068281072,9,11,0.28125,0.34375,31.25,Medium,Hall-Coffey,Cardiologist,New Hampshire
3776,40,1189042.0,29726.05,898013.198907771,28062.912465867845,8,15,0.2,0.375,28.75,Medium,Jones-Miller,Cardiologist,Rhode Island
3777,30,551693.0,18389.766666666666,347537.0572773644,18291.424067229706,11,10,0.36666666666666664,0.3333333333333333,35.0,Medium,Lang Ltd,General Practitioner,Nebraska
3778,48,1305511.0,27198.145833333332,880666.0769718583,24462.94658255162,12,16,0.25,0.3333333333333333,29.166666666666664,Medium,Pena Inc,Dermatologist,Kentucky
3779,35,955640.1279226491,27304.003654932832,619065.1576452333,23810.198370970513,9,12,0.2571428571428571,0.34285714285714286,30.0,Medium,Sims and Sons,Cardiologist,Arkansas
3780,44,1204288.0,27370.18181818182,899899.0201211149,25711.400574888998,9,18,0.20454545454545456,0.4090909090909091,30.681818181818187,Medium,Kelley-Thompson,Dermatologist,Rhode Island
3781,44,1229987.4052636558,27954.25921053763,810472.1546132275,23837.41631215375,10,22,0.22727272727272727,0.5,36.36363636363636,Medium,Mckee-Ferguson,Cardiologist,Virginia
3782,39,943698.0,24197.384615384617,662832.7570389499,21381.701839966125,8,15,0.20512820512820512,0.38461538461538464,29.48717948717949,Medium,Hamilton-Williams,Orthopedic,Louisiana
3783,50,1429010.5947688085,28580.211895376167,894911.7509027423,24186.804078452493,13,14,0.26,0.28,27.0,Medium,"Nolan, Garcia and Morales",Oncologist,Alabama
3784,34,963993.0,28352.735294117647,630096.6855771716,25203.867423086864,9,16,0.2647058823529412,0.47058823529411764,36.76470588235294,Medium,Garcia Ltd,Cardiologist,Wyoming
3785,39,1023791.1385208319,26251.054833867485,650550.7499998433,20985.508064511076,8,10,0.20512820512820512,0.2564102564102564,23.076923076923073,Medium,Davis-Estrada,General Practitioner,Wyoming
3786,42,1172599.0,27919.02380952381,728817.6265944268,25131.642296359547,13,10,0.30952380952380953,0.23809523809523808,27.38095238095238,Medium,"Carey, Smith and Stewart",Cardiologist,Texas
3787,49,1243725.0,25382.14285714286,813769.0634293617,21414.975353404254,11,20,0.22448979591836735,0.40816326530612246,31.632653061224488,Medium,Gonzalez-Hill,Orthopedic,Vermont
3788,43,1223730.3351215685,28458.845002827176,696677.9234262313,23222.59744754104,13,13,0.3023255813953488,0.3023255813953488,30.23255813953488,Medium,"Russell, Hines and Chandler",Orthopedic,Arizona
3789,37,901469.6498987663,24364.04459185855,509847.91423996084,18208.8540799986,9,15,0.24324324324324326,0.40540540540540543,32.432432432432435,Medium,Brown and Sons,Orthopedic,Illinois
3790,40,973472.0,24336.8,733302.4190595603,22221.28542604728,7,16,0.175,0.4,28.75,Medium,Bennett and Sons,Orthopedic,New Mexico
3791,39,1008688.0,25863.79487179487,742810.4708883221,22509.408208737033,6,18,0.15384615384615385,0.46153846153846156,30.76923076923077,Medium,Taylor-Perry,Cardiologist,West Virginia
3792,35,805918.0,23026.22857142857,601483.374344795,21481.54908374268,7,10,0.2,0.2857142857142857,24.285714285714285,Medium,Jones-Johnson,Dermatologist,Missouri
3793,41,991538.0,24183.853658536584,635585.1703353345,21186.17234451115,11,14,0.2682926829268293,0.34146341463414637,30.487804878048784,Medium,"Anderson, Miller and Lang",Orthopedic,Alaska
3794,36,800701.0,22241.694444444445,525370.1200550521,18116.211036381108,7,9,0.19444444444444445,0.25,22.22222222222222,Medium,Stewart Group,Orthopedic,Maine
3795,41,1054735.0,25725.243902439026,841967.237454615,24056.20678441757,6,16,0.14634146341463414,0.3902439024390244,26.829268292682926,Medium,"Thomas, Reynolds and Jones",Cardiologist,South Carolina
3796,49,1102243.0,22494.755102040817,679529.1155249611,18875.808764582252,13,16,0.2653061224489796,0.32653061224489793,29.591836734693878,Medium,"Reeves, Gill and Martin",Oncologist,Minnesota
3797,42,1135917.6535264996,27045.65841729761,714119.216884955,21639.97626924106,9,17,0.21428571428571427,0.40476190476190477,30.95238095238095,Medium,Arnold Group,General Practitioner,Wisconsin
3798,39,991268.0,25417.128205128207,698013.121757436,22516.552314755998,8,18,0.20512820512820512,0.46153846153846156,33.33333333333333,Medium,Carter-Mccarthy,General Practitioner,Pennsylvania
3799,41,1052316.0,25666.243902439026,771996.1358756798,24124.879246114993,9,18,0.21951219512195122,0.43902439024390244,32.926829268292686,Medium,Richards-Fischer,General Practitioner,Maine
3800,46,1330877.4605758982,28932.1187081717,862516.5969231812,23958.794358977255,10,16,0.21739130434782608,0.34782608695652173,28.26086956521739,Medium,"Dixon, Rice and Perry",Oncologist,Kentucky
3801,29,743907.0,25651.96551724138,517197.76308287797,23508.98923103991,7,11,0.2413793103448276,0.3793103448275862,31.03448275862069,Medium,Miller LLC,Cardiologist,Georgia
3802,34,822461.0,24190.029411764706,428508.2322328766,21425.41161164383,14,7,0.4117647058823529,0.20588235294117646,30.882352941176467,Medium,"Taylor, Davis and Alexander",Oncologist,California
3803,47,1118362.0,23794.936170212764,609847.7489571905,20328.25829857302,17,20,0.3617021276595745,0.425531914893617,39.361702127659576,Medium,Ortiz-Washington,Orthopedic,Mississippi
3804,42,930069.0,22144.5,715917.1538684241,20454.775824812117,7,13,0.16666666666666666,0.30952380952380953,23.80952380952381,Medium,Whitaker-Baker,Cardiologist,Vermont
3805,39,884098.0,22669.17948717949,690466.1460682367,20307.827825536373,5,13,0.1282051282051282,0.3333333333333333,23.076923076923073,Medium,Wilson and Sons,Cardiologist,Louisiana
3806,29,632246.0,21801.58620689655,352068.58252637397,19559.365695909666,11,9,0.3793103448275862,0.3103448275862069,34.48275862068965,Medium,"Burton, Johnson and Thompson",General Practitioner,Delaware
3807,37,998370.1483813173,26982.976983278844,697402.3753029425,23246.745843431414,7,16,0.1891891891891892,0.43243243243243246,31.08108108108108,Medium,Dean-Briggs,Orthopedic,Kansas
3808,48,1505565.56490465,31365.949268846874,748255.9264078449,23382.997700245152,16,19,0.3333333333333333,0.3958333333333333,36.45833333333333,Medium,"Brown, Lopez and Tanner",Dermatologist,Hawaii
3809,36,814346.0,22620.722222222223,616886.4094530961,22847.644794559114,9,15,0.25,0.4166666666666667,33.333333333333336,Medium,Taylor PLC,Cardiologist,North Dakota
3810,32,806007.0,25187.71875,519130.90403224085,24720.519239630517,11,12,0.34375,0.375,35.9375,Medium,Tyler-Moore,Cardiologist,Wyoming
3811,37,1116455.9407397346,30174.48488485769,649775.2696121476,24065.750726375838,10,14,0.2702702702702703,0.3783783783783784,32.432432432432435,Medium,Barker Group,Cardiologist,Texas
3812,39,916510.0,23500.25641025641,674115.1315756602,20427.73125986849,6,17,0.15384615384615385,0.4358974358974359,29.48717948717949,Medium,Rollins Group,Dermatologist,Oklahoma
3813,34,806658.0,23725.235294117647,603359.7980062164,22346.65918541542,7,12,0.20588235294117646,0.35294117647058826,27.941176470588236,Medium,Fleming-Mclaughlin,General Practitioner,Montana
3814,46,1267231.0,27548.5,851636.2600122155,25807.15939430956,13,19,0.2826086956521739,0.41304347826086957,34.78260869565217,Medium,French Ltd,Orthopedic,Arkansas
3815,45,1143468.0,25410.4,739436.8235230227,23107.40073509446,13,16,0.28888888888888886,0.35555555555555557,32.22222222222222,Medium,Maxwell Inc,Dermatologist,Wisconsin
3816,28,710039.3622796275,25358.548652843838,404837.486647816,22490.971480434222,10,10,0.35714285714285715,0.35714285714285715,35.714285714285715,Medium,"Johnson, Mills and Cunningham",Cardiologist,New Jersey
3817,35,942158.0,26918.8,598469.4201754683,22165.5340805729,8,15,0.22857142857142856,0.42857142857142855,32.857142857142854,Medium,Mitchell-Gates,General Practitioner,Connecticut
3818,49,1301799.8989792035,26567.3448771266,948864.5974003447,23721.614935008616,9,23,0.1836734693877551,0.46938775510204084,32.6530612244898,Medium,Stevens and Sons,Orthopedic,Connecticut
3819,47,1281390.0,27263.617021276597,774663.0565163973,23474.63807625446,14,16,0.2978723404255319,0.3404255319148936,31.914893617021278,Medium,Olsen-Brown,Oncologist,New York
3820,46,1255766.0,27299.260869565216,819644.6563392197,25613.895510600614,14,18,0.30434782608695654,0.391304347826087,34.78260869565217,Medium,Collins Group,General Practitioner,Kentucky
3821,44,1162297.0,26415.840909090908,685282.1552442563,22842.738508141876,14,13,0.3181818181818182,0.29545454545454547,30.68181818181818,Medium,"Haynes, Hampton and Lopez",Orthopedic,South Dakota
3822,42,1182477.0,28154.214285714286,726220.9167943107,25042.10057911416,13,14,0.30952380952380953,0.3333333333333333,32.14285714285714,Medium,Dickson-Harris,Cardiologist,Arizona
3823,48,1182339.7369679478,24632.07785349891,744038.9669273103,19077.922228905394,9,21,0.1875,0.4375,31.25,Medium,Hines Group,Orthopedic,Arizona
3824,41,987352.0,24081.756097560974,783568.5275894386,21765.792433039962,5,15,0.12195121951219512,0.36585365853658536,24.390243902439025,Medium,"Schmidt, Blevins and Williams",Cardiologist,Iowa
3825,46,1062431.0,23096.32608695652,679791.5043860321,23441.086358139037,17,11,0.3695652173913043,0.2391304347826087,30.43478260869565,Medium,"Lyons, Hunt and Kim",General Practitioner,Delaware
3826,42,1180335.0,28103.214285714286,897064.7961322168,25630.422746634766,7,16,0.16666666666666666,0.38095238095238093,27.38095238095238,Medium,"Armstrong, Gallagher and Richardson",Oncologist,Montana
3827,46,1106547.0,24055.369565217392,655541.3421211547,19864.889155186505,13,13,0.2826086956521739,0.2826086956521739,28.26086956521739,Medium,Ray-Johnson,General Practitioner,Wisconsin
3828,31,788550.0,25437.09677419355,537368.1919471795,21494.72767788718,6,11,0.1935483870967742,0.3548387096774194,27.41935483870968,Medium,Snyder-Sullivan,Cardiologist,Wisconsin
3829,39,1127102.882504486,28900.073910371437,745996.3669769876,22605.95051445417,6,17,0.15384615384615385,0.4358974358974359,29.48717948717949,Medium,Castillo-Williams,Dermatologist,West Virginia
3830,24,595846.0,24826.916666666668,372941.9668409325,21937.76275534897,7,11,0.2916666666666667,0.4583333333333333,37.5,Medium,Adams-Wilkerson,General Practitioner,Mississippi
3831,32,868507.0,27140.84375,634728.212165063,25389.12848660252,7,11,0.21875,0.34375,28.125,Medium,Wilson-Patterson,Oncologist,Missouri
3832,28,762091.1108210874,27217.53967218169,527012.0287230385,23955.09221468357,6,8,0.21428571428571427,0.2857142857142857,25.0,Medium,"Sanchez, Murray and Collins",Dermatologist,Oregon
3833,47,1433006.3285623621,30489.496352390684,892484.3019659723,24121.197350431685,10,24,0.2127659574468085,0.5106382978723404,36.170212765957444,Medium,Hughes Inc,Dermatologist,Tennessee
3834,36,881315.0,24480.972222222223,465277.2475238173,23263.862376190864,16,10,0.4444444444444444,0.2777777777777778,36.111111111111114,Medium,Matthews Inc,Cardiologist,Wisconsin
3835,39,957609.0,24554.076923076922,615166.2671246597,20505.54223748866,9,16,0.23076923076923078,0.41025641025641024,32.05128205128205,Medium,Rose PLC,Orthopedic,Oklahoma
3836,51,1451305.2599532828,28456.965881436918,946693.3821503548,23667.33455375887,11,18,0.21568627450980393,0.35294117647058826,28.43137254901961,Medium,"Valdez, Lane and Nixon",Oncologist,Alaska
3837,34,921173.0,27093.323529411766,563362.5634332732,24494.024497098835,11,12,0.3235294117647059,0.35294117647058826,33.82352941176471,Medium,Cervantes-Colon,Cardiologist,Arizona
3838,48,1209102.0,25189.625,812427.6600706067,26207.34387324538,17,15,0.3541666666666667,0.3125,33.333333333333336,Medium,Lee Group,Oncologist,North Carolina
3839,40,1135985.0,28399.625,744937.8659082128,25687.512617524582,11,11,0.275,0.275,27.500000000000004,Medium,"Brooks, Branch and Franklin",Orthopedic,New York
3840,46,1338982.0,29108.304347826088,722335.0694175821,24908.10584198559,17,11,0.3695652173913043,0.2391304347826087,30.43478260869565,Medium,"Robertson, Ballard and Cain",Cardiologist,Wyoming
3841,37,1025865.7590092942,27726.10159484579,708034.7453892423,24414.9912203187,8,10,0.21621621621621623,0.2702702702702703,24.324324324324323,Medium,Stephenson-Flores,General Practitioner,Mississippi
3842,31,785794.0,25348.1935483871,420463.96667269134,20022.09365108054,10,10,0.3225806451612903,0.3225806451612903,32.25806451612903,Medium,Butler PLC,General Practitioner,South Dakota
3843,42,985695.0,23468.928571428572,610711.9952848488,21811.142688744603,14,12,0.3333333333333333,0.2857142857142857,30.95238095238095,Medium,Smith-Flores,Dermatologist,Illinois
3844,53,1424172.5676836884,26871.180522333743,967474.4951999349,24186.862379998372,13,18,0.24528301886792453,0.33962264150943394,29.245283018867923,Medium,Cobb Ltd,Orthopedic,Montana
3845,50,1317981.0,26359.62,709133.432435451,21488.891891983363,17,18,0.34,0.36,35.0,Medium,Johnson-Weeks,Cardiologist,South Dakota
3846,43,1102420.0,25637.674418604653,740629.9809773536,23891.289708946893,12,12,0.27906976744186046,0.27906976744186046,27.906976744186046,Medium,White and Sons,Orthopedic,Nebraska
3847,41,930167.0,22687.0,779527.2959786443,21068.305296720115,4,18,0.0975609756097561,0.43902439024390244,26.82926829268293,Medium,Lucero-Norris,Orthopedic,Texas
3848,37,1101876.0,29780.432432432433,804267.1477723958,29787.67213971836,10,16,0.2702702702702703,0.43243243243243246,35.13513513513514,Medium,Rodgers-Hart,General Practitioner,West Virginia
3849,42,1106608.0797008353,26347.81142144846,512988.30655193963,18999.566909331097,15,14,0.35714285714285715,0.3333333333333333,34.52380952380952,Medium,Maxwell PLC,Cardiologist,Arkansas
3850,42,1233247.0,29363.02380952381,983504.9929304105,25881.710340273963,4,20,0.09523809523809523,0.47619047619047616,28.57142857142857,Medium,Bates Ltd,Dermatologist,Virginia
3851,32,891180.0,27849.375,484729.9747419225,24236.498737096124,12,14,0.375,0.4375,40.625,Medium,Spears-Robinson,Cardiologist,Virginia
3852,37,1174610.0,31746.216216216217,750901.9336767088,28880.84360295034,11,14,0.2972972972972973,0.3783783783783784,33.78378378378378,Medium,Dominguez-Hicks,General Practitioner,Colorado
3853,34,831421.0,24453.558823529413,526125.4903388496,20235.595782263445,8,9,0.23529411764705882,0.2647058823529412,25.0,Medium,Simpson Ltd,Dermatologist,Pennsylvania
3854,35,921634.0,26332.4,603836.9788011147,23224.49918465826,9,10,0.2571428571428571,0.2857142857142857,27.14285714285714,Medium,"Gibson, Perry and Steele",Dermatologist,Texas
3855,48,1468841.060893194,30600.855435274876,1041770.0343934417,26712.052163934404,9,22,0.1875,0.4583333333333333,32.291666666666664,Medium,Silva LLC,Oncologist,Maine
3856,41,1115876.0,27216.48780487805,820033.6697651176,25626.052180159924,9,14,0.21951219512195122,0.34146341463414637,28.04878048780488,Medium,Franklin-Russell,Cardiologist,Iowa
3857,40,909232.0,22730.8,481450.32002146693,18517.32000082565,14,14,0.35,0.35,35.0,Medium,"Moreno, Gray and Nelson",Oncologist,Idaho
3858,39,910753.0,23352.641025641027,606789.9185048945,22473.70068536646,12,16,0.3076923076923077,0.41025641025641024,35.8974358974359,Medium,Williams Group,General Practitioner,New Mexico
3859,34,983463.0,28925.382352941175,636600.422688692,28936.382849486,12,8,0.35294117647058826,0.23529411764705882,29.411764705882355,Medium,"Reed, Sampson and Harris",Cardiologist,Colorado
3860,41,1188617.885399494,28990.68013169498,698839.036701863,24958.537025066536,13,9,0.3170731707317073,0.21951219512195122,26.829268292682926,Medium,"Robbins, Walker and Payne",Cardiologist,New Hampshire
3861,36,979670.0212627624,27213.056146187842,701787.8149015935,23392.92716338645,6,11,0.16666666666666666,0.3055555555555556,23.61111111111111,Medium,Guerrero-Hartman,Cardiologist,New Mexico
3862,38,1024002.0,26947.42105263158,694425.4804589632,22400.821950289137,7,10,0.18421052631578946,0.2631578947368421,22.368421052631575,Medium,"Patterson, Barnes and Andersen",Oncologist,Illinois
3863,35,860684.0,24590.97142857143,563046.3213064773,21655.62774255682,9,14,0.2571428571428571,0.4,32.857142857142854,Medium,"Carter, Washington and Acosta",Orthopedic,Louisiana
3864,39,976436.0,25036.82051282051,625563.7746442361,20179.47660142697,8,18,0.20512820512820512,0.46153846153846156,33.33333333333333,Medium,"Williams, Bishop and Wilson",Orthopedic,South Carolina
3865,38,996462.539230621,26222.698400805813,578163.5385300901,22237.059174234237,12,14,0.3157894736842105,0.3684210526315789,34.21052631578947,Medium,Flowers-Wyatt,Orthopedic,Iowa
3866,40,1048201.0,26205.025,714540.1130348683,23049.68106564091,9,15,0.225,0.375,30.0,Medium,"Sandoval, Burns and Smith",Oncologist,Alaska
3867,42,863837.0,20567.54761904762,445088.7312496164,15896.02611605773,14,9,0.3333333333333333,0.21428571428571427,27.38095238095238,Medium,Alexander-Brown,Oncologist,Connecticut
3868,36,1076769.0,29910.25,915399.6499516612,26923.519116225332,2,16,0.05555555555555555,0.4444444444444444,25.0,Medium,Edwards-Sellers,Dermatologist,Maryland
3869,52,1602681.0,30820.78846153846,982570.5066909352,27293.625185859313,16,21,0.3076923076923077,0.40384615384615385,35.57692307692308,Medium,Cardenas-Roach,Orthopedic,Illinois
3870,45,1192221.0,26493.8,942201.9956341286,22980.536478881186,4,19,0.08888888888888889,0.4222222222222222,25.555555555555557,Medium,Cox-Murphy,Oncologist,Indiana
3871,44,1146681.0,26060.93181818182,804100.3046196763,22336.11957276879,8,18,0.18181818181818182,0.4090909090909091,29.545454545454547,Medium,"Ramirez, Gross and Frank",Dermatologist,Ohio
3872,25,750099.0,30003.96,544104.5320915125,27205.226604575622,5,9,0.2,0.36,28.0,Medium,Moore and Sons,General Practitioner,North Carolina
3873,43,930728.0,21644.837209302324,701912.9682074463,18970.620762363415,6,18,0.13953488372093023,0.4186046511627907,27.906976744186046,Medium,"Tran, Armstrong and Moody",General Practitioner,North Dakota
3874,35,1016683.0,29048.085714285713,660045.0745517698,23573.03837684892,7,15,0.2,0.42857142857142855,31.428571428571427,Medium,Stewart Inc,Oncologist,Washington
3875,26,712222.0,27393.153846153848,362896.73323452694,22681.045827157934,10,8,0.38461538461538464,0.3076923076923077,34.61538461538462,Medium,"Hartman, Wilson and Newman",Dermatologist,Montana
3876,40,905122.0,22628.05,741461.7364424203,20596.159345622786,4,21,0.1,0.525,31.25,Medium,Miller PLC,Dermatologist,Ohio
3877,43,1074452.8188691034,24987.27485742101,757013.2721038106,22939.796124357897,10,14,0.23255813953488372,0.32558139534883723,27.906976744186046,Medium,Burton LLC,Oncologist,Texas
3878,33,707817.0,21449.0,495799.13131816266,18362.93078956158,6,13,0.18181818181818182,0.3939393939393939,28.78787878787879,Medium,"Morris, Jensen and Perez",Cardiologist,Colorado
3879,35,693735.0,19821.0,422854.7228325654,16263.6431858679,9,9,0.2571428571428571,0.2571428571428571,25.71428571428571,Medium,"Rivers, Brown and Walker",General Practitioner,Utah
3880,34,958265.0,28184.264705882353,769109.16846102,28485.524757815554,7,11,0.20588235294117646,0.3235294117647059,26.470588235294116,Medium,Nguyen and Sons,General Practitioner,New Jersey
3881,40,981615.0,24540.375,662685.2917744379,21376.944895949608,9,15,0.225,0.375,30.0,Medium,Burns-Valdez,Cardiologist,Pennsylvania
3882,30,827672.0,27589.066666666666,644853.7638877572,24802.067841836815,4,16,0.13333333333333333,0.5333333333333333,33.333333333333336,Medium,Sanchez LLC,General Practitioner,Alaska
3883,35,974675.2317828302,27847.86376522372,626624.5334720156,23208.3160545191,8,15,0.22857142857142856,0.42857142857142855,32.857142857142854,Medium,"Lindsey, Allen and Ochoa",General Practitioner,Wisconsin
3884,37,859622.0,23233.027027027027,493583.1598851956,19743.326395407825,12,17,0.32432432432432434,0.4594594594594595,39.18918918918919,Medium,Morgan-Williams,General Practitioner,Texas
3885,39,969404.0,24856.51282051282,579866.2731539557,20709.509755498417,11,12,0.28205128205128205,0.3076923076923077,29.48717948717949,Medium,Smith-Sparks,General Practitioner,Arkansas
3886,26,534326.0,20551.0,427730.7559248214,20368.131234515306,5,10,0.19230769230769232,0.38461538461538464,28.84615384615385,Medium,"Moore, Ochoa and Velazquez",Orthopedic,Illinois
3887,48,1226398.0,25549.958333333332,931314.8569248074,23282.871423120185,8,21,0.16666666666666666,0.4375,30.208333333333332,Medium,"Ibarra, Scott and Cowan",Oncologist,Wyoming
3888,48,1433184.0,29858.0,905063.5013678918,26619.514746114466,14,20,0.2916666666666667,0.4166666666666667,35.41666666666667,Medium,Allen-Rowland,Cardiologist,Tennessee
3889,38,1086831.5435872981,28600.830094402583,728573.0198218615,26020.46499363791,10,17,0.2631578947368421,0.4473684210526316,35.526315789473685,Medium,Tucker Inc,General Practitioner,Wisconsin
3890,46,1270491.5277303758,27619.381037616866,753814.4984341215,21537.557098117755,11,16,0.2391304347826087,0.34782608695652173,29.347826086956523,Medium,Burns-Cruz,Orthopedic,Mississippi
3891,30,785605.0,26186.833333333332,579899.8765201549,23195.995060806195,5,11,0.16666666666666666,0.36666666666666664,26.666666666666664,Medium,"Hall, Smith and Castro",Oncologist,Utah
3892,41,1078928.0,26315.317073170732,746882.3015676218,23340.07192398818,9,17,0.21951219512195122,0.4146341463414634,31.70731707317073,Medium,"Smith, Sosa and Lucero",Cardiologist,Idaho
3893,28,692149.6324069971,24719.629728821328,344821.97934184654,20283.64584363803,11,7,0.39285714285714285,0.25,32.14285714285714,Medium,"Gilbert, Moore and Hamilton",General Practitioner,New Hampshire
3894,48,1222959.0,25478.3125,899491.8086816467,21938.824601991382,7,27,0.14583333333333334,0.5625,35.416666666666664,Medium,Castillo-Rivera,General Practitioner,Washington
3895,29,730873.0,25202.51724137931,472807.7596085865,20556.859113416805,6,13,0.20689655172413793,0.4482758620689655,32.758620689655174,Medium,"Peterson, Torres and Harris",General Practitioner,Georgia
3896,31,771067.0,24873.129032258064,549418.2384978483,23887.749499906447,8,14,0.25806451612903225,0.45161290322580644,35.483870967741936,Medium,"Graham, Pierce and Wilson",Dermatologist,Montana
3897,32,837333.0,26166.65625,599162.8746587634,24965.119777448475,8,12,0.25,0.375,31.25,Medium,Reynolds Ltd,Orthopedic,Colorado
3898,31,758157.0,24456.677419354837,371678.9493308871,20648.830518382616,13,9,0.41935483870967744,0.2903225806451613,35.483870967741936,Medium,"Woods, Butler and Strickland",Oncologist,Utah
3899,39,907480.0,23268.71794871795,569985.1633984712,19654.660806843833,10,15,0.2564102564102564,0.38461538461538464,32.05128205128205,Medium,"Bennett, Rush and Chen",Cardiologist,Indiana
3900,38,985192.5603616108,25926.120009516075,695179.7844998898,23172.659483329662,8,17,0.21052631578947367,0.4473684210526316,32.89473684210526,Medium,"Allen, Gallegos and Lewis",Cardiologist,New Mexico
3901,30,702132.0,23404.4,524548.0572649675,21856.169052706977,6,9,0.2,0.3,25.0,Medium,"Gardner, Perez and Fuller",Orthopedic,Virginia
3902,29,777642.0,26815.241379310344,496650.30189801427,24832.515094900715,9,11,0.3103448275862069,0.3793103448275862,34.48275862068965,Medium,"Knight, Vasquez and Evans",Orthopedic,Maryland
3903,43,1059619.0,24642.302325581397,771871.8067473152,22702.11196315633,9,17,0.20930232558139536,0.3953488372093023,30.232558139534884,Medium,Baker Ltd,General Practitioner,Wisconsin
3904,39,959600.0,24605.128205128207,594317.8618822207,21225.637924365026,11,13,0.28205128205128205,0.3333333333333333,30.769230769230766,Medium,"Michael, Perez and Mcbride",Cardiologist,Alaska
3905,42,1094115.0,26050.35714285714,737895.1096818829,21702.797343584793,8,18,0.19047619047619047,0.42857142857142855,30.95238095238095,Medium,Mccall-Graves,General Practitioner,Indiana
3906,51,1304106.0,25570.70588235294,933629.4174613657,22771.449206374775,10,18,0.19607843137254902,0.35294117647058826,27.450980392156865,Medium,Mcgee PLC,Orthopedic,Delaware
3907,36,767444.2709664123,21317.896415733674,432898.8788036644,17315.955152146576,11,12,0.3055555555555556,0.3333333333333333,31.944444444444443,Medium,Moore Inc,Orthopedic,Michigan
3908,30,852790.1428978115,28426.338096593718,469551.83054642344,21343.26502483743,8,13,0.26666666666666666,0.43333333333333335,35.0,Medium,Fields Ltd,Orthopedic,Connecticut
3909,38,745569.0,19620.236842105263,567352.1162933391,18301.681170752872,7,14,0.18421052631578946,0.3684210526315789,27.631578947368418,Medium,"Poole, Smith and Elliott",Oncologist,Oregon
3910,28,567617.0,20272.035714285714,393224.3649444122,17873.834770200556,6,11,0.21428571428571427,0.39285714285714285,30.357142857142854,Medium,"Nguyen, Allen and Campbell",Oncologist,Vermont
3911,52,1201459.0,23104.98076923077,791028.8873236593,18834.021126753792,10,19,0.19230769230769232,0.36538461538461536,27.884615384615383,Medium,"Mckee, Lane and Porter",General Practitioner,North Dakota
3912,38,902523.0,23750.605263157893,603839.4245073388,20127.98081691129,8,15,0.21052631578947367,0.39473684210526316,30.263157894736842,Medium,Townsend-Reynolds,Orthopedic,Michigan
3913,39,1051125.707101943,26951.941207742126,658886.0796842735,23531.645703009766,11,11,0.28205128205128205,0.28205128205128205,28.205128205128204,Medium,Martinez and Sons,General Practitioner,New York
3914,39,1025134.8298943805,26285.50845883027,686826.3295577004,22894.210985256683,9,13,0.23076923076923078,0.3333333333333333,28.205128205128204,Medium,Miller-Edwards,General Practitioner,Idaho
3915,35,883377.0,25239.342857142856,585078.5140993275,21669.574596271388,8,15,0.22857142857142856,0.42857142857142855,32.857142857142854,Medium,Mitchell-Escobar,Oncologist,Nebraska
3916,43,1057083.0,24583.325581395347,742196.687439761,20616.57465110447,7,19,0.16279069767441862,0.4418604651162791,30.232558139534884,Medium,"Pennington, Moore and Henson",Dermatologist,Wisconsin
3917,50,1348640.3286269787,26972.80657253957,774539.0653276691,20382.606982307083,12,22,0.24,0.44,34.0,Medium,Bates LLC,Oncologist,Michigan
3918,47,1418417.7997416146,30179.102122162014,951848.4414934032,27995.5423968648,13,21,0.2765957446808511,0.44680851063829785,36.170212765957444,Medium,Stark-Giles,General Practitioner,West Virginia
3919,39,953654.8917813413,24452.689532854904,561391.0979579098,18713.036598596995,9,12,0.23076923076923078,0.3076923076923077,26.923076923076923,Medium,"Gardner, Clayton and House",Oncologist,Nebraska
3920,43,944156.0,21957.116279069767,533451.5942275404,17208.115942823886,12,17,0.27906976744186046,0.3953488372093023,33.72093023255814,Medium,Reed-Fox,Orthopedic,Maryland
3921,29,883247.7925200753,30456.820431726737,563175.9930873453,25598.908776697514,7,11,0.2413793103448276,0.3793103448275862,31.03448275862069,Medium,Strickland-Cohen,Orthopedic,Illinois
3922,43,1038665.0,24155.0,620545.4870481069,20684.849568270227,13,15,0.3023255813953488,0.3488372093023256,32.55813953488372,Medium,Haney PLC,Cardiologist,South Carolina
3923,36,758367.7593691538,21065.771093587606,524022.6503432417,18715.094655115776,8,15,0.2222222222222222,0.4166666666666667,31.944444444444446,Medium,Gomez-Banks,Dermatologist,Virginia
3924,36,860967.0,23915.75,593030.0457310661,21179.644490395218,8,13,0.2222222222222222,0.3611111111111111,29.166666666666664,Medium,Hernandez-Brown,Oncologist,Colorado
3925,36,958559.0,26626.63888888889,519605.43690561224,22591.540735026618,13,10,0.3611111111111111,0.2777777777777778,31.944444444444443,Medium,"Cervantes, Navarro and Humphrey",Dermatologist,Vermont
3926,37,950278.0,25683.18918918919,704262.2229029159,26083.78603344133,10,12,0.2702702702702703,0.32432432432432434,29.729729729729733,Medium,"Fuller, Robinson and Wise",Cardiologist,New York
3927,34,757275.0,22272.79411764706,480630.33255593,19225.2133022372,9,10,0.2647058823529412,0.29411764705882354,27.94117647058824,Medium,Estrada LLC,Orthopedic,North Carolina
3928,38,918053.0,24159.28947368421,614424.6298334524,22756.467771609347,11,12,0.2894736842105263,0.3157894736842105,30.263157894736842,Medium,Anderson PLC,General Practitioner,Michigan
3929,41,1107775.2140940768,27018.90766083114,691827.0428409311,22317.001381965518,10,18,0.24390243902439024,0.43902439024390244,34.146341463414636,Medium,"Farley, Quinn and Caldwell",Oncologist,Vermont
3930,48,1214208.0,25296.0,803205.8032039119,22311.272311219775,12,19,0.25,0.3958333333333333,32.291666666666664,Medium,Blackwell-Martin,Orthopedic,Massachusetts
3931,46,1084254.0,23570.739130434784,606182.2769764665,20902.837137119535,17,22,0.3695652173913043,0.4782608695652174,42.391304347826086,Medium,Golden Ltd,Cardiologist,New Hampshire
3932,39,1220189.9670522457,31286.922232108864,736644.7699666722,25401.543791954213,10,16,0.2564102564102564,0.41025641025641024,33.33333333333333,Medium,"Andrews, Park and Weaver",General Practitioner,Mississippi
3933,37,906141.0,24490.297297297297,621250.9463104845,23009.294307795724,10,15,0.2702702702702703,0.40540540540540543,33.78378378378378,Medium,King LLC,Orthopedic,New Hampshire
3934,30,819268.0,27308.933333333334,512011.2072848716,25600.56036424358,10,7,0.3333333333333333,0.23333333333333334,28.33333333333333,Medium,"Guerrero, Glover and Sampson",Orthopedic,Georgia
3935,48,1312808.0,27350.166666666668,998004.1177259886,26263.26625594707,10,24,0.20833333333333334,0.5,35.41666666666667,Medium,"Schultz, Alexander and Reid",Orthopedic,Idaho
3936,38,1131611.1100346923,29779.239737755062,589734.0145720248,24572.2506071677,14,13,0.3684210526315789,0.34210526315789475,35.526315789473685,Medium,Munoz Ltd,Oncologist,Montana
3937,44,1540238.0418821732,35005.41004277666,942200.9743128249,24794.762481916445,6,17,0.13636363636363635,0.38636363636363635,26.136363636363633,Medium,"Porter, Bird and Johnson",Oncologist,Mississippi
3938,40,963985.1001555112,24099.62750388778,669131.8829020028,23073.513203517337,11,15,0.275,0.375,32.5,Medium,"Williams, English and Olsen",General Practitioner,Missouri
3939,37,904968.0,24458.594594594593,512257.6763347164,19702.218320566015,11,12,0.2972972972972973,0.32432432432432434,31.08108108108108,Medium,James-Williams,Oncologist,Alaska
3940,32,794368.0,24824.0,562755.1026867699,22510.204107470796,7,14,0.21875,0.4375,32.8125,Medium,"Hartman, Jackson and Gallagher",Cardiologist,New Hampshire
3941,22,528350.0,24015.909090909092,344797.92702132545,21549.87043883284,6,10,0.2727272727272727,0.45454545454545453,36.36363636363636,Medium,Hill and Sons,General Practitioner,Pennsylvania
3942,46,1104682.0,24014.82608695652,795991.9458695429,21513.29583431197,9,17,0.1956521739130435,0.3695652173913043,28.26086956521739,Medium,Crosby-Higgins,Orthopedic,South Dakota
3943,50,1382976.0,27659.52,1034981.9815209494,24642.428131451175,8,17,0.16,0.34,25.0,Medium,"Clark, Lee and Orozco",Cardiologist,Wisconsin
3944,44,1134012.0,25773.0,736845.8061823962,22328.660793405947,11,16,0.25,0.36363636363636365,30.681818181818183,Medium,"Cruz, Cherry and Martin",Orthopedic,Oklahoma
3945,33,627396.0,19012.0,481099.4404106325,20045.81001710969,9,12,0.2727272727272727,0.36363636363636365,31.81818181818182,Medium,Jones PLC,General Practitioner,New Jersey
3946,47,1359343.3222399263,28922.19834553035,764252.4988854898,21229.236080152492,11,19,0.23404255319148937,0.40425531914893614,31.914893617021274,Medium,"Brown, White and Yates",Orthopedic,New Hampshire
3947,43,1095279.0,25471.60465116279,888126.7723340947,24003.426279299856,6,17,0.13953488372093023,0.3953488372093023,26.74418604651163,Medium,"Jordan, Ramirez and Wang",Dermatologist,Alabama
3948,46,1078728.0,23450.608695652172,719929.4224221145,19998.039511725405,10,17,0.21739130434782608,0.3695652173913043,29.34782608695652,Medium,"Ross, Alexander and Stephenson",Cardiologist,Montana
3949,49,1336621.0,27277.979591836734,891537.5937002933,23461.51562369193,11,16,0.22448979591836735,0.32653061224489793,27.551020408163268,Medium,Nelson-Simmons,General Practitioner,Florida
3950,33,883059.0,26759.363636363636,618051.5556567761,24722.062226271042,8,13,0.24242424242424243,0.3939393939393939,31.818181818181817,Medium,"Marsh, Jenkins and Santiago",General Practitioner,Iowa
3951,36,883625.0,24545.13888888889,677195.0234114738,24185.53655040978,8,16,0.2222222222222222,0.4444444444444444,33.33333333333333,Medium,Blake and Sons,Orthopedic,California
3952,35,916171.0,26176.314285714285,688702.400138522,24596.5142906615,7,12,0.2,0.34285714285714286,27.142857142857142,Medium,Robertson Group,Orthopedic,Indiana
3953,43,947698.0,22039.488372093023,654576.3079885988,18702.18022824568,8,17,0.18604651162790697,0.3953488372093023,29.069767441860463,Medium,Cline-Snyder,Cardiologist,Colorado
3954,40,1014731.0,25368.275,766278.4299488841,25542.61433162947,10,16,0.25,0.4,32.5,Medium,Boyle Group,Oncologist,Nevada
3955,39,1030093.0,26412.641025641027,702001.1569381456,24206.936446142954,10,15,0.2564102564102564,0.38461538461538464,32.05128205128205,Medium,"Beck, Martin and Melendez",Cardiologist,Wyoming
3956,48,1447947.2024828626,30165.566718392973,860005.3645060051,23243.38822989203,11,15,0.22916666666666666,0.3125,27.083333333333332,Medium,"Oneal, Johnson and Chase",Dermatologist,North Dakota
3957,34,851931.0,25056.79411764706,589402.362966088,21829.717146892148,7,17,0.20588235294117646,0.5,35.294117647058826,Medium,"Johnson, Jones and Bright",Cardiologist,California
3958,44,1125658.0,25583.136363636364,753172.8671307194,24295.898939700626,13,16,0.29545454545454547,0.36363636363636365,32.95454545454545,Medium,Alexander Ltd,Orthopedic,Georgia
3959,41,1430287.4028682846,34885.05860654353,741056.6445153476,21795.783662216105,7,19,0.17073170731707318,0.4634146341463415,31.707317073170735,Medium,Burch-Thompson,Oncologist,Nevada
3960,30,775800.5335388873,25860.017784629577,497763.57483493595,21641.894558040694,7,13,0.23333333333333334,0.43333333333333335,33.333333333333336,Medium,"Huang, Parks and Hutchinson",Oncologist,Illinois
3961,37,872889.0,23591.594594594593,528646.710829022,22026.946284542584,13,11,0.35135135135135137,0.2972972972972973,32.432432432432435,Medium,Ponce-Singh,Cardiologist,Idaho
3962,42,926136.0,22050.85714285714,624710.076142901,19522.189879465655,10,16,0.23809523809523808,0.38095238095238093,30.95238095238095,Medium,Moreno-Gordon,Dermatologist,Colorado
3963,34,947946.2579425646,27880.77229242837,566103.4077429912,20217.978847963972,6,12,0.17647058823529413,0.35294117647058826,26.47058823529412,Medium,Cox Group,Cardiologist,Rhode Island
3964,40,1060722.0,26518.05,762455.6898014355,23104.717872770772,7,14,0.175,0.35,26.25,Medium,"Sosa, Reid and Blake",General Practitioner,Rhode Island
3965,43,1180204.0,27446.60465116279,787676.7090305319,23868.991182743393,10,18,0.23255813953488372,0.4186046511627907,32.55813953488372,Medium,"Taylor, Ward and Taylor",Oncologist,North Dakota
3966,30,674298.0,22476.6,422850.0106927452,19220.455031488418,8,12,0.26666666666666666,0.4,33.333333333333336,Medium,"Gardner, Luna and Jones",General Practitioner,Tennessee
3967,51,1114592.0,21854.745098039217,696233.2260140546,18817.11421659607,14,19,0.27450980392156865,0.37254901960784315,32.352941176470594,Medium,Allison Ltd,Dermatologist,New York
3968,40,1134244.031400674,28356.10078501685,724686.1483662745,24156.204945542486,10,16,0.25,0.4,32.5,Medium,Klein-Young,Dermatologist,Pennsylvania
3969,46,1072092.0,23306.347826086956,633602.5978143346,20438.79347788176,15,18,0.32608695652173914,0.391304347826087,35.869565217391305,Medium,Nielsen and Sons,Orthopedic,Oklahoma
3970,40,789175.0,19729.375,586885.4171259995,17784.40657957574,7,21,0.175,0.525,35.0,Medium,Burton-Martinez,Cardiologist,New Jersey
3971,34,886392.0,26070.352941176472,544709.9461949114,22696.247758121306,10,11,0.29411764705882354,0.3235294117647059,30.88235294117647,Medium,"Walsh, Cook and Herrera",Cardiologist,Oregon
3972,25,742615.0,29704.6,607207.2759813883,27600.33072642674,3,8,0.12,0.32,22.0,Medium,"Baker, Morris and Young",Cardiologist,South Carolina
3973,34,876224.0,25771.29411764706,518318.8453576447,23559.94751625658,12,10,0.35294117647058826,0.29411764705882354,32.352941176470594,Medium,"Roberts, Martinez and Rubio",General Practitioner,Minnesota
3974,33,770604.0,23351.636363636364,514018.5432032995,22348.632313186936,10,11,0.30303030303030304,0.3333333333333333,31.818181818181817,Medium,"Faulkner, Allen and Oliver",Dermatologist,Arkansas
3975,37,905892.0,24483.567567567567,531163.6679188417,20429.37184303237,11,11,0.2972972972972973,0.2972972972972973,29.72972972972973,Medium,Moss LLC,Dermatologist,Illinois
3976,40,1058067.016559255,26451.67541398138,706101.2244057297,25217.900871633203,12,14,0.3,0.35,32.5,Medium,Rogers PLC,General Practitioner,New Jersey
3977,30,786794.0,26226.466666666667,463340.2730450833,22063.822525956348,9,13,0.3,0.43333333333333335,36.66666666666667,Medium,"Lam, Miles and Waters",Cardiologist,Missouri
3978,41,1027433.0,25059.341463414636,640755.9872085209,21358.532906950695,11,19,0.2682926829268293,0.4634146341463415,36.58536585365854,Medium,"Petty, Mckinney and Burns",Cardiologist,Missouri
3979,38,1015962.0,26735.842105263157,666986.1445254632,22999.522225015975,9,11,0.23684210526315788,0.2894736842105263,26.315789473684212,Medium,Hunt Inc,General Practitioner,Oklahoma
3980,36,869091.0,24141.416666666668,609094.5104122922,20303.150347076407,6,19,0.16666666666666666,0.5277777777777778,34.72222222222222,Medium,Chan Inc,Orthopedic,Vermont
3981,38,904951.0,23814.5,661930.177156944,21352.58635990142,7,11,0.18421052631578946,0.2894736842105263,23.684210526315788,Medium,Edwards LLC,Orthopedic,Missouri
3982,38,1146089.0,30160.236842105263,872214.2549249587,28135.94370725673,7,16,0.18421052631578946,0.42105263157894735,30.26315789473684,Medium,Gilbert-Baker,Cardiologist,Louisiana
3983,55,1266563.0,23028.418181818182,915959.341183196,19488.496620919064,8,20,0.14545454545454545,0.36363636363636365,25.454545454545457,Medium,Melendez-Blair,Cardiologist,Minnesota
3984,50,1291533.0,25830.66,974538.1484535034,23769.223133012278,9,18,0.18,0.36,27.0,Medium,Henson LLC,General Practitioner,Connecticut
3985,37,950788.0,25696.972972972973,702815.6638206927,22671.47302647396,6,17,0.16216216216216217,0.4594594594594595,31.081081081081084,Medium,Tran Inc,Oncologist,Georgia
3986,35,1067523.6835922974,30500.67667406564,617432.58337704,22867.87345840889,8,13,0.22857142857142856,0.37142857142857144,30.0,Medium,Howard-Parker,Dermatologist,Utah
3987,50,1180911.0,23618.22,798073.5657495849,21001.935940778552,12,17,0.24,0.34,29.0,Medium,Valdez-Welch,Cardiologist,Delaware
3988,51,1412782.0,27701.607843137255,948727.260633783,27106.493160965227,16,13,0.3137254901960784,0.2549019607843137,28.431372549019606,Medium,Smith Inc,Cardiologist,Nebraska
3989,48,1086685.3310556004,22639.277730325008,772164.5764973559,19799.091705060408,9,19,0.1875,0.3958333333333333,29.166666666666664,Medium,Coleman-Morales,Oncologist,North Dakota
3990,43,1185567.1234201991,27571.328451632537,825113.8455150125,23574.68130042893,8,19,0.18604651162790697,0.4418604651162791,31.395348837209305,Medium,Edwards-Mata,Orthopedic,Massachusetts
3991,55,1519441.7098644152,27626.212906625733,918376.7670187664,21866.11350044682,13,21,0.23636363636363636,0.38181818181818183,30.909090909090914,Medium,"Rivera, Gould and Downs",Dermatologist,Georgia
3992,42,1098019.0,26143.309523809523,781014.6143222774,22971.018068302277,8,13,0.19047619047619047,0.30952380952380953,25.0,Medium,Rivera LLC,Oncologist,Utah
3993,45,1159829.0,25773.977777777778,778012.9753062255,22882.73456783016,11,18,0.24444444444444444,0.4,32.22222222222222,Medium,Rodriguez Ltd,General Practitioner,Minnesota
3994,39,1046736.0,26839.384615384617,709432.1050883296,23647.736836277654,9,13,0.23076923076923078,0.3333333333333333,28.205128205128204,Medium,Tran-Campbell,Orthopedic,South Dakota
3995,40,1077015.0,26925.375,750738.1875805346,25024.606252684487,10,14,0.25,0.35,30.0,Medium,Kelley-Howard,Dermatologist,Wyoming
3996,44,930061.0,21137.75,655306.8756744992,19273.73163748527,10,14,0.22727272727272727,0.3181818181818182,27.272727272727273,Medium,"Smith, Stark and Wang",Orthopedic,Wyoming
3997,44,1166757.0,26517.204545454544,718628.2520379976,24780.2845530344,15,13,0.3409090909090909,0.29545454545454547,31.818181818181817,Medium,Riddle-Fritz,Oncologist,Louisiana
3998,30,882091.5117754993,29403.050392516645,384690.43619983934,20246.86506314944,11,4,0.36666666666666664,0.13333333333333333,25.0,Medium,Bell-Wells,Dermatologist,Montana
3999,46,1131781.0,24603.934782608696,775621.7347970788,24238.17921240871,14,15,0.30434782608695654,0.32608695652173914,31.521739130434785,Medium,"Price, Costa and Johnson",Cardiologist,Wisconsin
4000,37,840971.163564255,22728.950366601486,453951.5402328441,15653.501387339453,8,13,0.21621621621621623,0.35135135135135137,28.37837837837838,Medium,"Hunt, Taylor and Perez",General Practitioner,Oklahoma
4001,48,1113359.5326645633,23194.99026384507,698208.8365770341,19394.689904917614,12,21,0.25,0.4375,34.375,Medium,"Mcbride, Anderson and Huff",Orthopedic,Hawaii
4002,32,780593.0,24393.53125,546281.7696859055,22761.7404035794,8,14,0.25,0.4375,34.375,Medium,Cook-Thomas,General Practitioner,Montana
4003,47,1148016.5413485183,24425.883858479112,754024.5510817013,20945.126418936146,11,20,0.23404255319148937,0.425531914893617,32.97872340425532,Medium,Foster LLC,Orthopedic,New Mexico
4004,38,1025570.0,26988.684210526317,680794.7371153566,24314.097754119877,10,17,0.2631578947368421,0.4473684210526316,35.526315789473685,Medium,Pena and Sons,Orthopedic,Kentucky
4005,36,951306.0,26425.166666666668,627969.1949564854,25118.767798259418,11,15,0.3055555555555556,0.4166666666666667,36.111111111111114,Medium,Bryant-Patterson,Orthopedic,Alaska
4006,46,1072032.0,23305.043478260868,747621.3691323965,19674.246556115697,8,17,0.17391304347826086,0.3695652173913043,27.173913043478258,Medium,Rios-Short,General Practitioner,Alaska
4007,38,1124487.8059941074,29591.784368265984,564249.3713413897,22569.97485365559,13,12,0.34210526315789475,0.3157894736842105,32.89473684210526,Medium,Lam Group,Cardiologist,West Virginia
4008,40,973330.0,24333.25,653929.6311974868,22549.297627499545,11,15,0.275,0.375,32.5,Medium,"Palmer, Shannon and Jackson",Orthopedic,New Jersey
4009,43,1050844.1692009424,24438.236493045173,768546.7418320966,21348.520606447128,7,21,0.16279069767441862,0.4883720930232558,32.55813953488372,Medium,Macias Inc,Oncologist,New Hampshire
4010,28,817516.0,29197.0,495670.7302371275,23603.36810652988,7,11,0.25,0.39285714285714285,32.14285714285714,Medium,Randolph Inc,Oncologist,Colorado
4011,31,838602.0,27051.677419354837,583744.353395664,25380.18927807235,8,12,0.25806451612903225,0.3870967741935484,32.25806451612903,Medium,Logan-Weaver,General Practitioner,Maryland
4012,45,1187763.0,26394.733333333334,895712.991934803,24208.45924148116,8,16,0.17777777777777778,0.35555555555555557,26.666666666666668,Medium,"Chavez, Wright and Miller",General Practitioner,Maine
4013,26,773703.6621471574,29757.83315950605,472372.0873622871,23618.604368114356,6,10,0.23076923076923078,0.38461538461538464,30.769230769230774,Medium,"Garcia, Watson and Bryant",Oncologist,Montana
4014,28,685714.0,24489.785714285714,407156.95066220145,22619.830592344526,10,14,0.35714285714285715,0.5,42.85714285714286,Medium,Stanton-Foley,Cardiologist,New York
4015,47,1348719.7890175944,28696.165723778606,894371.6860474317,25553.476744212334,12,16,0.2553191489361702,0.3404255319148936,29.78723404255319,Medium,"Gray, Combs and Dominguez",Cardiologist,Massachusetts
4016,50,1375502.9792673811,27510.059585347622,1016486.819627169,25412.170490679226,10,18,0.2,0.36,28.0,Medium,"Rogers, Townsend and Collins",Dermatologist,Kentucky
4017,39,965465.0,24755.51282051282,574661.1384289624,23944.21410120677,15,8,0.38461538461538464,0.20512820512820512,29.48717948717949,Medium,Carson Group,Orthopedic,Vermont
4018,43,908181.0,21120.488372093023,573297.0876503667,19768.865091391956,14,18,0.32558139534883723,0.4186046511627907,37.2093023255814,Medium,"Campbell, Medina and Bryant",Oncologist,New Hampshire
4019,42,1099278.9366132743,26173.308014601767,713734.7279451842,19825.964665144005,6,13,0.14285714285714285,0.30952380952380953,22.61904761904762,Medium,"Moreno, Leon and Green",General Practitioner,Iowa
4020,37,897956.7641304021,24269.101733254112,577107.0287996427,20610.965314272955,9,16,0.24324324324324326,0.43243243243243246,33.78378378378378,Medium,Wilson-Hernandez,Oncologist,Utah
4021,52,1574783.5783056857,30284.299582801646,1081229.1740926034,25144.864513781475,9,30,0.17307692307692307,0.5769230769230769,37.5,Medium,Sparks-Avery,Oncologist,Arkansas
4022,36,912555.0,25348.75,602306.4162609843,24092.25665043937,11,14,0.3055555555555556,0.3888888888888889,34.72222222222223,Medium,Bentley-Bennett,General Practitioner,Massachusetts
4023,44,1246663.3508789383,28333.257974521326,753429.2044889778,23544.662640280556,12,19,0.2727272727272727,0.4318181818181818,35.22727272727273,Medium,Stevenson Group,Oncologist,Arkansas
4024,40,973692.0,24342.3,680467.3402464408,21264.604382701276,8,15,0.2,0.375,28.75,Medium,Vance-Williams,Cardiologist,Nevada
4025,39,985518.0375357511,25269.693270147465,637976.2686270426,22784.866736680095,11,14,0.28205128205128205,0.358974358974359,32.05128205128205,Medium,"Owens, Wood and Williams",Orthopedic,West Virginia
4026,44,1076004.5311624606,24454.648435510466,590336.2676923038,21083.43813186799,16,11,0.36363636363636365,0.25,30.681818181818183,Medium,Solis Ltd,Cardiologist,Arkansas
4027,42,969700.0,23088.095238095237,670086.1538411186,21615.68238197157,11,16,0.2619047619047619,0.38095238095238093,32.142857142857146,Medium,Vega Inc,Oncologist,Michigan
4028,43,1051205.0,24446.627906976744,682644.9612373572,22020.805201205072,12,14,0.27906976744186046,0.32558139534883723,30.232558139534884,Medium,Cole-Oconnell,Cardiologist,Georgia
4029,34,839883.0,24702.441176470587,530483.9550904133,20403.229041938976,8,12,0.23529411764705882,0.35294117647058826,29.411764705882355,Medium,"Guerrero, Turner and Pierce",Dermatologist,Delaware
4030,34,1062127.855822232,31239.054583006826,552350.7837217527,22094.031348870107,9,17,0.2647058823529412,0.5,38.23529411764706,Medium,"Walker, Lam and Martinez",Oncologist,Kansas
4031,31,711691.0,22957.774193548386,413152.67963245115,17963.159984019614,8,13,0.25806451612903225,0.41935483870967744,33.87096774193549,Medium,Jenkins Inc,Dermatologist,Arizona
4032,38,1041984.8163437295,27420.65306167709,559703.928031858,20729.775112291038,11,9,0.2894736842105263,0.23684210526315788,26.315789473684212,Medium,Finley Inc,Cardiologist,Pennsylvania
4033,45,1146455.0,25476.777777777777,789669.0873290286,22561.97392368653,10,16,0.2222222222222222,0.35555555555555557,28.88888888888889,Medium,Smith-Nash,General Practitioner,Tennessee
4034,43,1141073.105082596,26536.583839130137,621852.689479351,21443.19618894314,14,13,0.32558139534883723,0.3023255813953488,31.3953488372093,Medium,Bennett Inc,Orthopedic,Washington
4035,42,1108182.0,26385.285714285714,679352.7836334724,21914.6059236604,11,16,0.2619047619047619,0.38095238095238093,32.142857142857146,Medium,Garrison-Mckenzie,General Practitioner,New Jersey
4036,37,867212.8406209047,23438.184881646073,627646.1946285516,20921.53982095172,7,13,0.1891891891891892,0.35135135135135137,27.027027027027028,Medium,Reyes Group,Dermatologist,South Carolina
4037,32,712100.0,22253.125,543410.8320673882,20126.32711360697,5,12,0.15625,0.375,26.5625,Medium,Valdez-Lowe,General Practitioner,Louisiana
4038,46,1113421.0,24204.804347826088,785419.488525003,21227.553743918997,9,25,0.1956521739130435,0.5434782608695652,36.95652173913043,Medium,Ibarra Group,Dermatologist,Texas
4039,35,772516.382717497,22071.896649071343,565544.2564282976,21751.70217031914,9,8,0.2571428571428571,0.22857142857142856,24.285714285714285,Medium,Stevens-Juarez,General Practitioner,Tennessee
4040,33,867832.0,26297.939393939392,555847.7243650015,22233.90897460006,8,8,0.24242424242424243,0.24242424242424243,24.242424242424242,Medium,Thomas-Diaz,Orthopedic,New York
4041,35,994689.37463506,28419.69641814457,642280.0733645913,23788.150865355234,8,12,0.22857142857142856,0.34285714285714286,28.57142857142857,Medium,Gonzales LLC,Oncologist,Alabama
4042,38,853985.0,22473.28947368421,455821.0715594547,18992.544648310613,14,12,0.3684210526315789,0.3157894736842105,34.21052631578947,Medium,Alvarez PLC,Orthopedic,Iowa
4043,45,1242419.0,27609.31111111111,884845.3879595159,26024.864351750468,11,16,0.24444444444444444,0.35555555555555557,30.0,Medium,"Bailey, Hubbard and Jones",Cardiologist,Kansas
4044,45,1369028.2504863602,30422.850010808004,848341.9278738482,24951.233172760243,11,16,0.24444444444444444,0.35555555555555557,30.0,Medium,"Guerrero, Jackson and Flynn",Cardiologist,New Hampshire
4045,37,957536.4978865598,25879.36480774486,704753.1526655107,23491.77175551702,7,12,0.1891891891891892,0.32432432432432434,25.675675675675677,Medium,Reyes PLC,General Practitioner,Virginia
4046,24,781796.8960670489,32574.87066946037,399642.22802668414,24977.63925166776,8,6,0.3333333333333333,0.25,29.166666666666664,Medium,Miller Inc,Orthopedic,New Hampshire
4047,29,665718.0,22955.793103448275,348279.1785491716,18330.48308153535,10,10,0.3448275862068966,0.3448275862068966,34.48275862068966,Medium,Dodson LLC,Cardiologist,Mississippi
4048,43,899876.0,20927.3488372093,660231.1155737849,19418.56222275838,9,18,0.20930232558139536,0.4186046511627907,31.395348837209305,Medium,"Baker, Allen and Leon",Oncologist,Idaho
4049,46,1102564.0,23968.782608695652,534361.8600500418,19791.1800018534,19,10,0.41304347826086957,0.21739130434782608,31.52173913043478,Medium,Smith-Gross,General Practitioner,West Virginia
4050,41,914406.0,22302.585365853658,660123.9507739466,19415.41031688078,7,19,0.17073170731707318,0.4634146341463415,31.707317073170735,Medium,Smith-Stewart,Dermatologist,Florida
4051,43,1013888.0,23578.79069767442,664105.2211711438,20124.40064154981,10,18,0.23255813953488372,0.4186046511627907,32.55813953488372,Medium,Cooke LLC,General Practitioner,Alaska
4052,28,743118.0592556568,26539.930687702028,499467.52140486817,20811.14672520284,4,12,0.14285714285714285,0.42857142857142855,28.57142857142857,Medium,Hutchinson Group,Orthopedic,Arizona
4053,34,886501.0,26073.558823529413,537115.2374878265,24414.328976719386,12,10,0.35294117647058826,0.29411764705882354,32.352941176470594,Medium,Wolfe-Robbins,Orthopedic,Wisconsin
4054,36,969024.0,26917.333333333332,501058.61533335637,21785.1571884068,13,10,0.3611111111111111,0.2777777777777778,31.944444444444443,Medium,"Wilson, Davis and Baker",Oncologist,Massachusetts
4055,37,918182.7270410521,24815.749379487894,439714.1037532227,19118.00451100968,14,10,0.3783783783783784,0.2702702702702703,32.432432432432435,Medium,Rogers PLC,General Practitioner,Oregon
4056,49,1353802.0,27628.61224489796,961544.1530906208,24038.60382726552,9,20,0.1836734693877551,0.40816326530612246,29.591836734693878,Medium,Davis-Reeves,General Practitioner,Kentucky
4057,49,1141597.0,23297.897959183672,844367.6262458718,21109.190656146795,9,19,0.1836734693877551,0.3877551020408163,28.571428571428573,Medium,Smith-Acevedo,Orthopedic,Louisiana
4058,25,587026.0,23481.04,354591.73285343935,20858.337226672902,8,10,0.32,0.4,36.0,Medium,"Miller, Contreras and Moreno",General Practitioner,South Carolina
4059,41,1237282.372386955,30177.618838706218,794963.4627538949,24089.80190163318,8,11,0.1951219512195122,0.2682926829268293,23.170731707317074,Medium,Henderson Ltd,Cardiologist,Vermont
4060,39,901303.0,23110.333333333332,591485.7615783645,20396.060744081537,10,11,0.2564102564102564,0.28205128205128205,26.92307692307692,Medium,"Hamilton, Patterson and Hayden",Cardiologist,Indiana
4061,35,863169.0,24661.97142857143,641579.8521122675,22123.443176285087,6,14,0.17142857142857143,0.4,28.57142857142857,Medium,Duncan PLC,General Practitioner,Maryland
4062,41,973728.0,23749.463414634145,526520.1564323966,20250.77524739987,15,14,0.36585365853658536,0.34146341463414637,35.36585365853659,Medium,Salas Inc,Cardiologist,Arkansas
4063,40,892885.0,22322.125,503432.01460292295,16781.067153430766,10,18,0.25,0.45,35.0,Medium,"Neal, Powell and Alexander",Orthopedic,Texas
4064,29,863067.0,29760.931034482757,597315.674161272,27150.712461876,7,11,0.2413793103448276,0.3793103448275862,31.03448275862069,Medium,Johnson-Thomas,Dermatologist,Illinois
4065,38,1084553.0,28540.86842105263,787599.1684515541,27158.592015570834,9,11,0.23684210526315788,0.2894736842105263,26.315789473684212,Medium,"Carrillo, Campbell and Torres",General Practitioner,New York
4066,43,1058694.979499993,24620.81347674402,786913.8950954593,23845.875608953313,10,15,0.23255813953488372,0.3488372093023256,29.069767441860463,Medium,Powell and Sons,Oncologist,Virginia
4067,41,1130071.0,27562.70731707317,886450.9842151789,23958.134708518348,4,17,0.0975609756097561,0.4146341463414634,25.609756097560975,Medium,"Crawford, Fitzgerald and Nolan",General Practitioner,Mississippi
4068,30,681515.0,22717.166666666668,362856.4932195816,18142.82466097908,10,6,0.3333333333333333,0.2,26.666666666666664,Medium,"Woods, Brown and Molina",Orthopedic,West Virginia
4069,33,907509.0,27500.272727272728,679183.8070744129,25154.955817570848,6,13,0.18181818181818182,0.3939393939393939,28.78787878787879,Medium,Dudley LLC,Oncologist,Montana
4070,30,703357.5831543679,23445.252771812262,490719.22730519273,19628.76909220771,5,12,0.16666666666666666,0.4,28.333333333333332,Medium,Castillo-Snyder,Oncologist,North Dakota
4071,41,1032874.0,25192.048780487807,772073.8106760227,21446.494741000628,5,20,0.12195121951219512,0.4878048780487805,30.48780487804878,Medium,Garcia-Robinson,Dermatologist,Arkansas
4072,41,1042795.0,25434.024390243903,709558.1668345799,22173.69271358062,9,14,0.21951219512195122,0.34146341463414637,28.04878048780488,Medium,Calderon-Young,General Practitioner,Louisiana
4073,34,906011.6766137122,26647.402253344477,420966.08583602356,21048.304291801178,14,10,0.4117647058823529,0.29411764705882354,35.294117647058826,Medium,Valenzuela and Sons,General Practitioner,North Carolina
4074,24,704325.1068368921,29346.87945153717,421864.7000516119,26366.543753225742,8,9,0.3333333333333333,0.375,35.416666666666664,Medium,Jones-Hicks,Oncologist,West Virginia
4075,44,1297153.0,29480.75,836317.2533483737,24597.56627495217,10,16,0.22727272727272727,0.36363636363636365,29.545454545454547,Medium,Maldonado Inc,Cardiologist,Arkansas
4076,29,681132.0,23487.310344827587,362428.7769575456,19075.198787239242,10,6,0.3448275862068966,0.20689655172413793,27.586206896551726,Medium,Rodriguez Group,General Practitioner,Minnesota
4077,49,1284752.0,26219.428571428572,897114.6693066345,24919.85192518429,13,21,0.2653061224489796,0.42857142857142855,34.69387755102041,Medium,"Mueller, Guerra and Diaz",General Practitioner,Texas
4078,43,1086384.0,25264.74418604651,661488.811980908,22049.62706603027,13,17,0.3023255813953488,0.3953488372093023,34.883720930232556,Medium,"Lewis, Downs and Ross",Cardiologist,Montana
4079,38,939405.6709099087,24721.20186605023,590402.4838209293,20358.706338652733,9,16,0.23684210526315788,0.42105263157894735,32.89473684210526,Medium,Moran Ltd,Dermatologist,Virginia
4080,57,1575485.0,27640.087719298244,1119907.5377284824,26664.465184011486,15,22,0.2631578947368421,0.38596491228070173,32.45614035087719,Medium,Smith-Cardenas,General Practitioner,Illinois
4081,40,1024674.1900212554,25616.854750531384,702090.4403776553,24210.01518543639,11,15,0.275,0.375,32.5,Medium,"Baldwin, Odom and Barnes",Orthopedic,Kansas
4082,39,993278.0,25468.666666666668,675648.2673398138,23298.216115165993,10,14,0.2564102564102564,0.358974358974359,30.769230769230766,Medium,Burns-Sullivan,Cardiologist,Illinois
4083,56,1256132.5939347323,22430.939177405933,764216.9854765543,17368.56785173987,12,19,0.21428571428571427,0.3392857142857143,27.67857142857143,Medium,May and Sons,General Practitioner,Colorado
4084,40,1082725.1368162748,27068.128420406872,661030.082258438,22034.336075281266,10,17,0.25,0.425,33.75,Medium,Mccormick-Brown,Cardiologist,California
4085,42,1253481.8578323647,29844.806138865828,717741.0229214656,23152.936223273082,11,16,0.2619047619047619,0.38095238095238093,32.142857142857146,Medium,Hopkins-Perez,Cardiologist,New York
4086,33,908036.0,27516.242424242424,591779.3902391986,23671.175609567945,8,15,0.24242424242424243,0.45454545454545453,34.848484848484844,Medium,Cannon-Sanchez,Dermatologist,Arkansas
4087,40,918200.0,22955.0,715417.5313629361,22356.797855091754,8,19,0.2,0.475,33.75,Medium,"Estrada, Mcguire and Morrison",Dermatologist,Oregon
4088,40,1020928.0,25523.2,749554.3928797066,23423.57477749083,8,17,0.2,0.425,31.25,Medium,"Martinez, Johnson and Valencia",Oncologist,Illinois
4089,35,976020.883275606,27886.3109507316,624994.1881481301,26041.424506172087,11,15,0.3142857142857143,0.42857142857142855,37.14285714285714,Medium,Jones-Copeland,General Practitioner,Mississippi
4090,37,1028259.0,27790.783783783783,765987.0597212724,24709.25999100879,6,16,0.16216216216216217,0.43243243243243246,29.72972972972973,Medium,"King, Wright and Stanley",Dermatologist,Oregon
4091,39,1087081.0,27873.871794871793,725650.8153801295,25022.44190965964,10,15,0.2564102564102564,0.38461538461538464,32.05128205128205,Medium,Anderson LLC,General Practitioner,New Mexico
4092,48,1237865.382832296,25788.862142339498,867902.3813470554,22839.5363512383,10,19,0.20833333333333334,0.3958333333333333,30.208333333333332,Medium,"Robinson, Rosales and Pope",Oncologist,Nevada
4093,42,1126049.0,26810.690476190477,784434.5679525413,24513.580248516915,10,12,0.23809523809523808,0.2857142857142857,26.19047619047619,Medium,White Group,Dermatologist,Arizona
4094,42,994382.9236808997,23675.783897164278,679969.3337056084,19999.098050164954,8,18,0.19047619047619047,0.42857142857142855,30.95238095238095,Medium,"Baxter, Mcdowell and Schmidt",Dermatologist,Pennsylvania
4095,38,882160.0,23214.736842105263,600057.1506739202,20691.625885307592,9,14,0.23684210526315788,0.3684210526315789,30.26315789473684,Medium,"Williams, Jones and Lopez",Oncologist,Oregon
4096,39,917925.0,23536.53846153846,639857.6074384303,20640.567981884848,8,15,0.20512820512820512,0.38461538461538464,29.48717948717949,Medium,Deleon-Hanson,Orthopedic,Montana
4097,46,1222164.0,26568.782608695652,684236.5336485545,23594.3632292605,17,16,0.3695652173913043,0.34782608695652173,35.8695652173913,Medium,"Flores, Garza and Brooks",Orthopedic,California
4098,29,746597.0,25744.724137931036,556397.2430640397,23183.218461001656,5,12,0.1724137931034483,0.41379310344827586,29.310344827586206,Medium,"Young, Thomas and Moreno",Oncologist,Texas
4099,35,910773.0,26022.085714285713,493435.3590593295,21453.71126344911,12,10,0.34285714285714286,0.2857142857142857,31.428571428571427,Medium,"Bell, Velez and Wilson",Orthopedic,Delaware
4100,38,1059809.0,27889.71052631579,848330.7501122149,25706.992427642876,5,19,0.13157894736842105,0.5,31.57894736842105,Medium,Bentley Inc,Orthopedic,Vermont
4101,42,1168056.0,27810.85714285714,799025.3312437071,27552.597629093347,13,13,0.30952380952380953,0.30952380952380953,30.952380952380953,Medium,Taylor Group,Orthopedic,Hawaii
4102,45,1295250.0,28783.333333333332,884558.7248620335,25273.10642462953,10,11,0.2222222222222222,0.24444444444444444,23.333333333333332,Medium,Taylor-Campbell,Orthopedic,Kentucky
4103,35,890427.8893476725,25440.796838504928,598576.3576486543,21377.727058880508,7,12,0.2,0.34285714285714286,27.142857142857142,Medium,Thompson-Ortiz,Cardiologist,South Dakota
4104,40,1100442.859460407,27511.071486510173,633429.7905756695,21842.40657157481,11,14,0.275,0.35,31.25,Medium,Anderson-Ramsey,Cardiologist,North Dakota
4105,35,929056.0,26544.457142857143,575048.1791354798,23960.34079731166,11,7,0.3142857142857143,0.2,25.714285714285715,Medium,Garcia-Boyd,Dermatologist,North Carolina
4106,41,1101983.0,26877.634146341465,834150.1766674776,25277.278080832653,8,20,0.1951219512195122,0.4878048780487805,34.146341463414636,Medium,"Hall, Becker and Miller",General Practitioner,Iowa
4107,49,1248802.8100702476,25485.771634086686,745362.20470923,21296.062991692284,14,15,0.2857142857142857,0.30612244897959184,29.591836734693878,Medium,Hughes Ltd,Cardiologist,Delaware
4108,31,827757.0,26701.83870967742,663623.1939664972,23700.828355946327,3,15,0.0967741935483871,0.4838709677419355,29.03225806451613,Medium,"Thompson, Neal and Jenkins",General Practitioner,Kentucky
4109,38,901820.0,23732.105263157893,574201.330984348,21266.71596238326,11,12,0.2894736842105263,0.3157894736842105,30.263157894736842,Medium,Larsen Ltd,Oncologist,California
4110,41,1160692.7318715074,28309.578826134326,616216.6576663199,22822.83917282666,14,13,0.34146341463414637,0.3170731707317073,32.926829268292686,Medium,Pennington and Sons,Oncologist,Indiana
4111,42,1015591.0,24180.738095238095,612217.1902670263,21864.899652393797,14,13,0.3333333333333333,0.30952380952380953,32.14285714285714,Medium,"Johnson, Wheeler and Singh",Oncologist,Rhode Island
4112,49,1256138.2457546198,25635.474403155506,762413.9826731049,22423.940666856026,15,13,0.30612244897959184,0.2653061224489796,28.57142857142857,Medium,Smith-Barker,General Practitioner,Massachusetts
4113,44,1208997.1559832664,27477.208090528784,885196.1479931917,23924.22021603221,7,25,0.1590909090909091,0.5681818181818182,36.36363636363637,Medium,"Avery, Martinez and Henson",Oncologist,Michigan
4114,34,899614.0,26459.235294117647,636105.0208296553,23559.44521591316,7,20,0.20588235294117646,0.5882352941176471,39.705882352941174,Medium,"Franklin, Richards and Caldwell",Dermatologist,New Mexico
4115,40,1182853.837285384,29571.3459321346,756030.7408096073,23625.96065030023,8,14,0.2,0.35,27.5,Medium,"Garcia, Clark and Ochoa",General Practitioner,Alaska
4116,40,1196388.1837059683,29909.704592649206,634796.4903298519,24415.249628071226,14,10,0.35,0.25,30.0,Medium,"Fields, Lucero and Warren",Dermatologist,Utah
4117,41,1133980.0,27658.048780487807,879274.9137643249,27477.34105513515,9,18,0.21951219512195122,0.43902439024390244,32.926829268292686,Medium,"Williams, Fleming and Hernandez",Dermatologist,Vermont
4118,43,1042978.0,24255.302325581397,732892.1618981734,21555.651820534513,9,15,0.20930232558139536,0.3488372093023256,27.906976744186046,Medium,"Zuniga, Elliott and Osborne",Orthopedic,Rhode Island
4119,39,994817.0501038609,25508.129489842588,617782.0181198048,22880.815485918694,12,13,0.3076923076923077,0.3333333333333333,32.05128205128205,Medium,Farmer-Webb,Dermatologist,Ohio
4120,44,1101996.0,25045.363636363636,707818.5480211196,22119.329625659986,12,14,0.2727272727272727,0.3181818181818182,29.545454545454543,Medium,Morris-Santiago,Cardiologist,Rhode Island
4121,46,1108653.0,24101.152173913044,783749.8407258602,22392.852592167434,11,16,0.2391304347826087,0.34782608695652173,29.347826086956523,Medium,"Scott, Lewis and Hammond",Dermatologist,Kentucky
4122,42,973685.0,23182.97619047619,646428.7074024208,20200.89710632565,10,15,0.23809523809523808,0.35714285714285715,29.76190476190476,Medium,Mckee Group,Oncologist,North Dakota
4123,39,1069791.0,27430.53846153846,880134.2713528427,25886.30209861302,5,20,0.1282051282051282,0.5128205128205128,32.05128205128205,Medium,Weaver Group,Orthopedic,Nevada
4124,49,1296307.7269665613,26455.259734011455,853545.7017361759,23068.802749626375,12,17,0.24489795918367346,0.3469387755102041,29.591836734693878,Medium,Rice and Sons,General Practitioner,New Mexico
4125,39,1089232.832084782,27929.04697653287,634930.2751596973,22676.081255703473,11,17,0.28205128205128205,0.4358974358974359,35.8974358974359,Medium,Smith-Mills,Dermatologist,Illinois
4126,32,848352.0,26511.0,566467.7197341041,24629.031292787135,9,14,0.28125,0.4375,35.9375,Medium,Brown-Brown,Orthopedic,Arizona
4127,48,1402755.60483547,29224.07510073896,962118.7902642159,26725.521951783776,12,23,0.25,0.4791666666666667,36.458333333333336,Medium,"Baker, Webb and Garcia",Dermatologist,Nevada
4128,42,917633.0,21848.404761904763,747065.8072831108,20190.9677644084,5,16,0.11904761904761904,0.38095238095238093,25.0,Medium,Madden-Diaz,Dermatologist,Texas
4129,37,870398.4218922745,23524.281672764177,552954.6370638502,23039.77654432709,13,12,0.35135135135135137,0.32432432432432434,33.78378378378379,Medium,Cochran Ltd,Oncologist,Washington
4130,36,893715.0,24825.416666666668,495712.2225566274,22532.373752573974,14,8,0.3888888888888889,0.2222222222222222,30.555555555555557,Medium,"Bates, Osborne and Russell",Cardiologist,Oregon
4131,52,1213056.0,23328.0,847874.769561207,21740.378706697615,13,18,0.25,0.34615384615384615,29.807692307692307,Medium,Beck-Buchanan,Orthopedic,Washington
4132,46,1135091.0,24675.891304347828,800983.9044549422,21648.213633917356,9,19,0.1956521739130435,0.41304347826086957,30.43478260869565,Medium,Frederick-Jones,Orthopedic,Utah
4133,49,1098695.0,22422.34693877551,823086.7346320986,20075.28621053899,8,24,0.16326530612244897,0.4897959183673469,32.6530612244898,Medium,"Mitchell, Kline and Vaughn",Dermatologist,Montana
4134,44,1109276.9926923916,25210.8407430089,755707.0054236441,20991.861261767892,8,16,0.18181818181818182,0.36363636363636365,27.272727272727273,Medium,Martinez and Sons,Orthopedic,Wisconsin
4135,36,1030617.9170977457,28628.27547493738,501726.7385594234,21814.206024322757,13,9,0.3611111111111111,0.25,30.555555555555554,Medium,Gardner-Green,General Practitioner,West Virginia
4136,39,990238.7562135969,25390.737338810177,677774.5572396066,21180.454913737707,7,20,0.1794871794871795,0.5128205128205128,34.61538461538461,Medium,"Cox, Murray and Joyce",General Practitioner,Washington
4137,41,1210930.6528010648,29534.89397075768,792052.7711541338,24001.599125882844,8,19,0.1951219512195122,0.4634146341463415,32.926829268292686,Medium,Larson-Collins,Dermatologist,Missouri
4138,49,1213842.0,24772.285714285714,822671.1022339665,22234.354114431528,12,15,0.24489795918367346,0.30612244897959184,27.551020408163264,Medium,"Holloway, Yates and Morris",Orthopedic,Indiana
4139,37,875881.0,23672.45945945946,614805.5927509062,21957.34259824665,9,10,0.24324324324324326,0.2702702702702703,25.675675675675677,Medium,Harris Inc,Dermatologist,Kansas
4140,49,1389519.0014141304,28357.530641104702,786322.3338900522,20692.692997106635,11,14,0.22448979591836735,0.2857142857142857,25.51020408163265,Medium,Simpson PLC,General Practitioner,New Jersey
4141,53,1426683.0,26918.54716981132,954621.0745228138,23865.526863070343,13,15,0.24528301886792453,0.2830188679245283,26.41509433962264,Medium,Nguyen PLC,Orthopedic,Wyoming
4142,41,1078265.0,26299.146341463416,614557.3662246249,21948.477365165174,13,17,0.3170731707317073,0.4146341463414634,36.58536585365854,Medium,Miller-Franklin,Cardiologist,Arkansas
4143,35,912359.0,26067.4,519186.0874137762,22573.30814842505,12,13,0.34285714285714286,0.37142857142857144,35.714285714285715,Medium,Young-Dunn,Dermatologist,Iowa
4144,51,1407181.4556926617,27591.793248875718,938267.3993493529,23456.684983733823,11,18,0.21568627450980393,0.35294117647058826,28.43137254901961,Medium,Smith Ltd,General Practitioner,Arkansas
4145,55,1488579.8033647097,27065.08733390381,894531.3332651798,21817.8373967117,14,15,0.2545454545454545,0.2727272727272727,26.36363636363636,Medium,Carrillo-Warner,General Practitioner,Wyoming
4146,40,995547.0,24888.675,705300.6340946793,22751.63335789288,9,14,0.225,0.35,28.75,Medium,Wade-Welch,Cardiologist,Delaware
4147,39,972741.9713151754,24942.10182859424,594494.2617351403,20499.802128797943,10,16,0.2564102564102564,0.41025641025641024,33.33333333333333,Medium,Martinez-Silva,Dermatologist,Maryland
4148,33,660183.0,20005.545454545456,478945.36351329274,18420.975519742027,7,13,0.21212121212121213,0.3939393939393939,30.3030303030303,Medium,Mcdaniel-Parker,Oncologist,Vermont
4149,26,681715.0,26219.80769230769,502480.8173503487,22840.037152288576,4,8,0.15384615384615385,0.3076923076923077,23.076923076923077,Medium,Brown-Webb,Oncologist,Maryland
4150,43,1088487.5617950845,25313.664227792662,700606.8177687831,22600.21992802526,12,11,0.27906976744186046,0.2558139534883721,26.74418604651163,Medium,Ford-Mclaughlin,General Practitioner,Montana
4151,36,876362.0,24343.38888888889,594654.0869758745,24777.25362399477,12,15,0.3333333333333333,0.4166666666666667,37.5,Medium,"Clark, Murray and Sanchez",Oncologist,Illinois
4152,41,1048633.0,25576.414634146342,701354.45822037,22624.33736194742,10,21,0.24390243902439024,0.5121951219512195,37.80487804878049,Medium,"Smith, Smith and Krause",General Practitioner,Connecticut
4153,34,805870.0,23702.058823529413,596958.4296875793,21319.943917413544,6,14,0.17647058823529413,0.4117647058823529,29.41176470588235,Medium,Townsend-Blair,Oncologist,Indiana
4154,31,809787.0,26122.16129032258,462127.6766058178,22006.079838372276,10,9,0.3225806451612903,0.2903225806451613,30.645161290322584,Medium,Wheeler-Doyle,General Practitioner,New Jersey
4155,29,704497.0,24293.0,417172.1452677639,21956.428698303363,10,8,0.3448275862068966,0.27586206896551724,31.03448275862069,Medium,Johnson and Sons,Orthopedic,Louisiana
4156,36,931334.0,25870.38888888889,533163.2356930331,20506.278295885888,10,10,0.2777777777777778,0.2777777777777778,27.77777777777778,Medium,"Allen, Hansen and House",Cardiologist,Mississippi
4157,32,911912.0,28497.25,596167.727858086,27098.533084458453,10,11,0.3125,0.34375,32.8125,Medium,Davis-Thomas,General Practitioner,California
4158,31,926655.3063255372,29892.10665566249,487830.62532450055,23230.02977735717,10,9,0.3225806451612903,0.2903225806451613,30.645161290322584,Medium,Cohen-Reed,Oncologist,Missouri
4159,39,1003241.0,25724.128205128207,675805.5799829136,24135.913570818342,11,13,0.28205128205128205,0.3333333333333333,30.769230769230766,Medium,"Meza, Monroe and Myers",Dermatologist,Alaska
4160,35,913356.0,26095.885714285716,602107.5572260227,23157.982970231642,9,15,0.2571428571428571,0.42857142857142855,34.285714285714285,Medium,"Page, Henry and Stewart",Oncologist,South Carolina
4161,38,916702.0,24123.736842105263,713690.8025290327,23789.693417634422,8,12,0.21052631578947367,0.3157894736842105,26.31578947368421,Medium,Young-Rivera,Cardiologist,Iowa
4162,33,1011786.7964332656,30660.2059525232,619950.7667549746,28179.5803070443,11,7,0.3333333333333333,0.21212121212121213,27.27272727272727,Medium,Martin Group,Oncologist,Delaware
4163,38,997521.0,26250.552631578947,621300.5146696682,23896.173641141082,12,16,0.3157894736842105,0.42105263157894735,36.84210526315789,Medium,Glover-Cox,Oncologist,South Dakota
4164,41,1076368.0,26252.878048780487,753033.3831696492,22819.193429383307,8,20,0.1951219512195122,0.4878048780487805,34.146341463414636,Medium,Hanson Inc,Dermatologist,Texas
4165,50,1161728.0,23234.56,843000.0045727903,21615.38473263565,11,21,0.22,0.42,32.0,Medium,"Williams, Richards and Richardson",General Practitioner,Massachusetts
4166,54,1288105.4005095,23853.80371313889,983265.118144153,21375.328655307676,8,27,0.14814814814814814,0.5,32.407407407407405,Medium,"Avery, Gregory and Robertson",Orthopedic,Iowa
4167,36,880730.0,24464.722222222223,476606.6039784588,21663.9365444754,14,12,0.3888888888888889,0.3333333333333333,36.111111111111114,Medium,Ellis-Flores,Dermatologist,South Carolina
4168,41,850581.0,20745.878048780487,533645.1067328701,17788.170224429003,11,17,0.2682926829268293,0.4146341463414634,34.146341463414636,Medium,"Castro, Phillips and Wilson",Cardiologist,Michigan
4169,33,1007931.0,30543.363636363636,622843.910603594,27080.17002624322,10,15,0.30303030303030304,0.45454545454545453,37.878787878787875,Medium,Scott PLC,Dermatologist,Wisconsin
4170,34,900392.3375298892,26482.127574408507,640069.328596411,22859.618878443252,6,13,0.17647058823529413,0.38235294117647056,27.941176470588236,Medium,Huang Inc,General Practitioner,Delaware
4171,39,967860.0,24816.923076923078,632163.8041986236,21798.751868918058,10,14,0.2564102564102564,0.358974358974359,30.769230769230766,Medium,Velasquez-Lyons,Cardiologist,New Jersey
4172,42,888840.0,21162.85714285714,655152.3241505368,19269.186004427553,8,19,0.19047619047619047,0.4523809523809524,32.142857142857146,Medium,Stafford LLC,Orthopedic,Illinois
4173,43,1040285.0,24192.674418604653,723587.219512853,21926.885439783422,10,21,0.23255813953488372,0.4883720930232558,36.04651162790697,Medium,Harris Inc,Orthopedic,Hawaii
4174,44,1274789.0,28972.477272727272,829201.2335098854,25127.310106360164,11,16,0.25,0.36363636363636365,30.681818181818183,Medium,"Jones, Lynch and Silva",Oncologist,Maine
4175,33,1104865.6559742196,33480.777453764225,691396.6314385852,30060.723106025445,10,15,0.30303030303030304,0.45454545454545453,37.878787878787875,Medium,Banks Group,Oncologist,Oklahoma
4176,40,1246153.7471538435,31153.84367884609,692026.7556629486,25630.620580109207,13,10,0.325,0.25,28.75,Medium,Palmer PLC,Cardiologist,Georgia
4177,39,954997.0,24487.102564102563,573838.804199401,21253.28904442226,12,11,0.3076923076923077,0.28205128205128205,29.48717948717949,Medium,"Reese, Hayes and Gardner",Orthopedic,Maryland
4178,29,490672.0,16919.724137931036,330077.0424358688,15717.954401708039,8,11,0.27586206896551724,0.3793103448275862,32.758620689655174,Medium,Jones-Hall,General Practitioner,Vermont
4179,59,1738137.9317522855,29459.96494495399,920115.8072577525,21907.51922042268,17,19,0.288135593220339,0.3220338983050847,30.508474576271183,Medium,"Smith, Clark and Banks",Cardiologist,Indiana
4180,36,933399.0,25927.75,538809.9981992517,22450.416591635487,12,13,0.3333333333333333,0.3611111111111111,34.722222222222214,Medium,Curtis-Wheeler,Oncologist,Idaho
4181,49,1362158.5880837075,27799.154858851172,861184.3670202543,23921.78797278484,13,18,0.2653061224489796,0.3673469387755102,31.63265306122449,Medium,Cook-Rodriguez,Oncologist,Nevada
4182,32,645162.0,20161.3125,488766.03912479896,20365.251630199957,8,10,0.25,0.3125,28.125,Medium,"Wilson, Rogers and Long",Oncologist,Louisiana
4183,34,929018.1524166277,27324.063306371405,566261.2534840669,21779.27898015642,8,13,0.23529411764705882,0.38235294117647056,30.88235294117647,Medium,Roberts-Dennis,Dermatologist,Georgia
4184,41,962881.2531984331,23484.90861459593,574245.2847337418,19141.509491124725,11,13,0.2682926829268293,0.3170731707317073,29.26829268292683,Medium,"Peck, Moreno and Peterson",Orthopedic,Massachusetts
4185,35,1041939.4677822104,29769.699079491726,582159.0259617153,27721.8583791293,14,6,0.4,0.17142857142857143,28.57142857142857,Medium,Brown Group,Dermatologist,Nebraska
4186,40,1043919.3508019353,26097.983770048384,659291.4374366042,22734.18749781394,11,11,0.275,0.275,27.500000000000004,Medium,Chung PLC,Cardiologist,North Carolina
4187,44,1116412.0,25373.0,877180.5976910668,24366.127713640744,8,18,0.18181818181818182,0.4090909090909091,29.545454545454547,Medium,"Walls, Hunt and Knox",Dermatologist,Wisconsin
4188,52,1383342.0,26602.73076923077,935387.0283724032,23384.675709310082,12,20,0.23076923076923078,0.38461538461538464,30.769230769230774,Medium,Anderson-Koch,Orthopedic,Illinois
4189,39,972356.0,24932.20512820513,774863.257619406,23480.704776345636,6,17,0.15384615384615385,0.4358974358974359,29.48717948717949,Medium,Johnson Inc,Cardiologist,New Jersey
4190,38,906239.0,23848.394736842107,639148.619454226,22039.607567387102,9,15,0.23684210526315788,0.39473684210526316,31.57894736842105,Medium,"Vang, Scott and Guerra",Orthopedic,Tennessee
4191,34,788927.0,23203.735294117647,549097.40496981,20336.94092480778,7,19,0.20588235294117646,0.5588235294117647,38.23529411764706,Medium,Mcmahon LLC,Orthopedic,Arizona
4192,32,944252.0,29507.875,663752.9646166563,28858.824548550274,9,12,0.28125,0.375,32.8125,Medium,"Simmons, King and Sullivan",General Practitioner,Idaho
4193,41,1003767.0,24482.121951219513,732772.444512142,21552.13072094535,7,16,0.17073170731707318,0.3902439024390244,28.048780487804876,Medium,Schwartz Ltd,General Practitioner,Minnesota
4194,35,843962.0,24113.2,453954.07449823944,18914.75310409331,11,12,0.3142857142857143,0.34285714285714286,32.857142857142854,Medium,Stephens-Patterson,General Practitioner,New Jersey
4195,60,1804410.9153782483,30073.515256304137,1212738.6883787422,25802.950816568984,13,23,0.21666666666666667,0.38333333333333336,30.0,Medium,"Rojas, Rogers and Martinez",Oncologist,Maryland
4196,45,1043479.0,23188.422222222223,738483.13568011,19959.00366703,8,10,0.17777777777777778,0.2222222222222222,20.0,Low,Rice Group,Dermatologist,Ohio
4197,37,928614.0,25097.675675675677,652937.51714427,21764.583904809002,7,16,0.1891891891891892,0.43243243243243246,31.08108108108108,Medium,"Hall, Solomon and Miller",General Practitioner,Indiana
4198,36,952918.0,26469.944444444445,534401.5043679022,25447.690684185818,15,13,0.4166666666666667,0.3611111111111111,38.888888888888886,Medium,Howard Ltd,Cardiologist,Texas
4199,41,1155618.0,28185.80487804878,759748.9988555025,25324.966628516748,11,17,0.2682926829268293,0.4146341463414634,34.146341463414636,Medium,Williams-Smith,Oncologist,West Virginia
4200,56,1485399.0,26524.98214285714,1040036.5797440186,23637.194994182242,12,20,0.21428571428571427,0.35714285714285715,28.57142857142857,Medium,"Moreno, Williams and Murray",General Practitioner,New Mexico
4201,40,1128350.0,28208.75,806985.38082837,26899.512694279,10,16,0.25,0.4,32.5,Medium,Cunningham-Fox,Dermatologist,Florida
4202,39,1102714.1782213715,28274.722518496706,672743.2822632644,23198.044215974634,10,12,0.2564102564102564,0.3076923076923077,28.205128205128204,Medium,"Smith, Rice and Sandoval",Oncologist,Minnesota
4203,41,1233053.3141045729,30074.47107572129,768733.9855772501,24022.937049289067,9,15,0.21951219512195122,0.36585365853658536,29.26829268292683,Medium,Warren-Thompson,Oncologist,New Jersey
4204,47,1247290.8001635985,26538.102131140393,915865.1469352288,25440.69852597858,11,23,0.23404255319148937,0.48936170212765956,36.170212765957444,Medium,"Cruz, Ball and Ward",Cardiologist,California
4205,29,775886.0,26754.689655172413,668969.9729128052,25729.6143428002,3,13,0.10344827586206896,0.4482758620689655,27.586206896551726,Medium,Schroeder-Moore,Orthopedic,Iowa
4206,40,968133.0,24203.325,747140.5790698845,21974.722913820133,6,12,0.15,0.3,22.5,Medium,Hickman-Owens,Cardiologist,Kansas
4207,36,960044.0,26667.88888888889,748506.0327022034,25810.552851800116,7,15,0.19444444444444445,0.4166666666666667,30.555555555555557,Medium,"Jackson, Thomas and Hurst",Dermatologist,Illinois
4208,40,1088890.0,27222.25,831907.5652968793,23768.787579910837,5,19,0.125,0.475,30.0,Medium,Barron-Cordova,Dermatologist,Maine
4209,38,1021694.0,26886.684210526317,717819.1493724136,26585.894421200504,11,11,0.2894736842105263,0.2894736842105263,28.947368421052634,Medium,Martin-Jones,Dermatologist,Pennsylvania
4210,50,1222719.0,24454.38,917583.7294035956,21339.156497758035,7,24,0.14,0.48,31.0,Medium,James and Sons,Oncologist,Oklahoma
4211,31,954642.0,30794.90322580645,576654.8588329302,27459.755182520486,10,11,0.3225806451612903,0.3548387096774194,33.87096774193549,Medium,White-Fox,Dermatologist,Maryland
4212,40,890949.0,22273.725,429083.10399354046,17878.462666397518,16,13,0.4,0.325,36.25,Medium,"Riley, Smith and Ferguson",Cardiologist,Texas
4213,42,1042139.0,24812.833333333332,587578.7464830942,21762.175795670155,15,10,0.35714285714285715,0.23809523809523808,29.76190476190476,Medium,"Meyer, Rosales and Perez",Oncologist,New York
4214,33,673978.0,20423.575757575756,535668.8437192282,19839.58680441586,6,13,0.18181818181818182,0.3939393939393939,28.78787878787879,Medium,Gomez Group,Cardiologist,Pennsylvania
4215,52,1270584.7010030674,24434.32117313591,887146.912346195,21122.54553205226,10,18,0.19230769230769232,0.34615384615384615,26.923076923076923,Medium,"Palmer, Schneider and Reilly",General Practitioner,Washington
4216,42,885354.0,21079.85714285714,576222.2170308313,19207.407234361042,12,15,0.2857142857142857,0.35714285714285715,32.14285714285714,Medium,Johnson-Anderson,General Practitioner,Virginia
4217,43,1208817.0,28112.023255813954,609071.1227231714,23425.812412429666,17,14,0.3953488372093023,0.32558139534883723,36.04651162790698,Medium,Martinez LLC,General Practitioner,Virginia
4218,39,1337226.8236689023,34287.8672735616,527369.2889868189,21094.771559472756,14,8,0.358974358974359,0.20512820512820512,28.205128205128204,Medium,Mitchell LLC,Cardiologist,Minnesota
4219,44,960518.0,21829.954545454544,587419.5549055715,20979.269818056124,16,16,0.36363636363636365,0.36363636363636365,36.36363636363637,Medium,"Howard, Jones and Hammond",Orthopedic,Minnesota
4220,42,1250777.0,29780.404761904763,895899.1361837225,26349.974593638897,8,15,0.19047619047619047,0.35714285714285715,27.38095238095238,Medium,Liu-Shea,Cardiologist,Ohio
4221,31,831022.0,26807.16129032258,511796.939333436,23263.49724242891,9,16,0.2903225806451613,0.5161290322580645,40.32258064516129,Medium,Newman Inc,General Practitioner,Minnesota
4222,47,1033796.0,21995.659574468085,761039.4908678593,20027.355022838405,9,18,0.19148936170212766,0.3829787234042553,28.723404255319153,Medium,Wilson-Stephenson,Orthopedic,Washington
4223,41,924113.0,22539.341463414636,787425.3194937306,22497.866271249444,6,14,0.14634146341463414,0.34146341463414637,24.390243902439025,Medium,"Nichols, Lopez and Harris",Oncologist,Georgia
4224,49,1279179.0,26105.69387755102,863653.9915664204,25401.587987247658,15,20,0.30612244897959184,0.40816326530612246,35.714285714285715,Medium,"Wagner, Parks and Moon",Dermatologist,Virginia
4225,41,1156816.0,28215.024390243903,838419.6848333623,27947.322827778746,11,21,0.2682926829268293,0.5121951219512195,39.02439024390244,Medium,Ochoa Group,Orthopedic,West Virginia
4226,43,1107163.527764938,25747.989017789256,694439.3311260489,21043.616094728757,10,14,0.23255813953488372,0.32558139534883723,27.906976744186046,Medium,Keith Inc,General Practitioner,New Mexico
4227,43,1169545.2050035456,27198.725697756876,709033.0698366003,21485.8506011091,10,17,0.23255813953488372,0.3953488372093023,31.3953488372093,Medium,"Navarro, Hill and Sharp",Orthopedic,South Dakota
4228,39,996433.0,25549.5641025641,705393.0539523824,22043.53293601195,7,11,0.1794871794871795,0.28205128205128205,23.076923076923077,Medium,"Ramirez, Cross and Graves",Dermatologist,Massachusetts
4229,37,879840.0,23779.45945945946,560352.7947388621,20753.807212550448,10,10,0.2702702702702703,0.2702702702702703,27.027027027027028,Medium,Harding Group,Oncologist,Missouri
4230,36,803243.0,22312.305555555555,551619.8565406322,19700.709162165436,8,13,0.2222222222222222,0.3611111111111111,29.166666666666664,Medium,May-Lopez,Cardiologist,Iowa
4231,43,1059978.0,24650.6511627907,743859.76134296,24795.325378098663,13,16,0.3023255813953488,0.37209302325581395,33.72093023255814,Medium,Jones and Sons,Orthopedic,South Carolina
4232,44,1070487.0,24329.25,816058.6531066856,22668.295919630156,8,15,0.18181818181818182,0.3409090909090909,26.136363636363633,Medium,Blackwell Group,General Practitioner,New Jersey
4233,53,1319736.0,24900.67924528302,851930.3278746222,21844.36738140057,14,18,0.2641509433962264,0.33962264150943394,30.18867924528302,Medium,"Knapp, Moore and Rogers",Dermatologist,Maine
4234,37,1029262.9852979738,27817.918521566862,567339.0857979209,24666.91677382265,14,13,0.3783783783783784,0.35135135135135137,36.486486486486484,Medium,Baker-Collins,Orthopedic,Nevada
4235,38,964246.0,25374.894736842107,635234.9415886217,24432.113138023913,12,11,0.3157894736842105,0.2894736842105263,30.263157894736842,Medium,"Lawson, Day and Holland",Orthopedic,Indiana
4236,32,581247.0,18163.96875,334426.0595165778,15925.050453170372,11,11,0.34375,0.34375,34.375,Medium,Castro Group,Orthopedic,Georgia
4237,41,935787.0,22824.073170731706,592092.41251229,19736.413750409665,11,17,0.2682926829268293,0.4146341463414634,34.146341463414636,Medium,"Sanchez, Holt and Rowland",General Practitioner,New Hampshire
4238,38,1018070.5919604258,26791.331367379626,836125.0905752402,22597.975420952436,1,16,0.02631578947368421,0.42105263157894735,22.368421052631575,Medium,Carr-Smith,Orthopedic,West Virginia
4239,42,998400.0,23771.428571428572,643758.9400007485,22198.584137956845,13,13,0.30952380952380953,0.30952380952380953,30.952380952380953,Medium,Hill Inc,Orthopedic,West Virginia
4240,45,965165.0,21448.11111111111,558170.3650157384,18005.49564566898,14,12,0.3111111111111111,0.26666666666666666,28.88888888888889,Medium,Koch LLC,Oncologist,Wyoming
4241,43,910523.0,21174.95348837209,651539.6972486228,20360.61553901946,11,12,0.2558139534883721,0.27906976744186046,26.74418604651163,Medium,"Garrett, Kent and Trevino",General Practitioner,New Hampshire
4242,38,1067159.0,28083.13157894737,713386.8347446405,24599.54602567726,9,14,0.23684210526315788,0.3684210526315789,30.26315789473684,Medium,"Brennan, Mitchell and White",Orthopedic,Michigan
4243,43,1344437.1163101152,31265.979449072445,756927.8910223049,23653.996594447028,11,19,0.2558139534883721,0.4418604651162791,34.883720930232556,Medium,"Horn, Palmer and Mason",Dermatologist,Nebraska
4244,41,945342.0,23057.121951219513,651173.3104093743,21005.590658366913,10,16,0.24390243902439024,0.3902439024390244,31.70731707317073,Medium,Gonzales-Lowery,Cardiologist,Missouri
4245,33,896895.2395903486,27178.643623949956,516662.5012867246,21527.60422028019,9,11,0.2727272727272727,0.3333333333333333,30.303030303030297,Medium,White Ltd,Cardiologist,Mississippi
4246,36,788768.4730329575,21910.235362026597,577165.19606839,22198.66138724577,10,15,0.2777777777777778,0.4166666666666667,34.72222222222223,Medium,Payne and Sons,Oncologist,Missouri
4247,50,1271746.0,25434.92,791130.426532052,23268.541956825058,16,12,0.32,0.24,28.0,Medium,Spencer-Vaughan,General Practitioner,Oregon
4248,40,916791.0,22919.775,595703.0233300173,23828.120933200695,15,9,0.375,0.225,30.0,Medium,Gonzalez and Sons,Dermatologist,Louisiana
4249,45,1241692.588438341,27593.168631963134,784958.7658079274,24529.96143149773,13,18,0.28888888888888886,0.4,34.44444444444444,Medium,"Reid, Hill and Anderson",General Practitioner,New Hampshire
4250,39,941743.0,24147.25641025641,665213.1256445458,22173.77085481819,9,14,0.23076923076923078,0.358974358974359,29.48717948717949,Medium,Thompson-Thornton,Cardiologist,Texas
4251,48,1126027.5542121,23458.907379418753,718316.5057608421,21126.956051789475,14,15,0.2916666666666667,0.3125,30.208333333333336,Medium,"Chung, Rice and Garcia",Dermatologist,Connecticut
4252,44,1254253.0,28505.75,826919.5604115553,25058.168497319857,11,15,0.25,0.3409090909090909,29.545454545454543,Medium,Burton-Ramirez,Cardiologist,Wisconsin
4253,35,950100.0,27145.714285714286,608583.131951407,24343.325278056276,10,9,0.2857142857142857,0.2571428571428571,27.14285714285714,Medium,"Jones, Cole and Palmer",Cardiologist,West Virginia
4254,28,676943.0,24176.535714285714,484044.6112092148,23049.74339091499,7,14,0.25,0.5,37.5,Medium,Mahoney Group,General Practitioner,Pennsylvania
4255,43,959436.0,22312.46511627907,567806.9272732616,19579.549216319367,14,19,0.32558139534883723,0.4418604651162791,38.372093023255815,Medium,Guerra PLC,Orthopedic,Louisiana
4256,43,1083016.2467567546,25186.42434318034,621053.0944030945,20701.769813436484,13,18,0.3023255813953488,0.4186046511627907,36.04651162790698,Medium,Garcia PLC,Oncologist,Georgia
4257,43,1374074.068960831,31955.210906065837,880684.3696264755,27521.38655082736,11,19,0.2558139534883721,0.4418604651162791,34.883720930232556,Medium,Davila LLC,Dermatologist,California
4258,53,1293798.0418287273,24411.283808089196,860167.6736572309,23247.774963708944,16,17,0.3018867924528302,0.32075471698113206,31.132075471698112,Medium,Bowers and Sons,Oncologist,Illinois
4259,32,696326.0,21760.1875,403208.80105556425,18327.672775252922,10,9,0.3125,0.28125,29.6875,Medium,"Silva, Rodriguez and Johnson",Dermatologist,Mississippi
4260,36,934641.0,25962.25,745746.9874751392,24056.35443468191,5,14,0.1388888888888889,0.3888888888888889,26.388888888888893,Medium,Alvarez-Jones,Cardiologist,Alaska
4261,44,1204495.0,27374.886363636364,857770.7450635212,24507.735573243463,9,13,0.20454545454545456,0.29545454545454547,25.0,Medium,"Haynes, Reynolds and Montgomery",Dermatologist,Delaware
4262,38,934819.4607188608,24600.51212418055,712508.3108425044,22984.139059435623,7,13,0.18421052631578946,0.34210526315789475,26.31578947368421,Medium,"Leach, Smith and Adams",Dermatologist,Arkansas
4263,45,1057450.0,23498.88888888889,681740.2602143754,23508.284834978465,16,14,0.35555555555555557,0.3111111111111111,33.333333333333336,Medium,Moses-Clark,General Practitioner,Wyoming
4264,44,1033323.0,23484.613636363636,714847.1513704773,20424.204324870778,9,19,0.20454545454545456,0.4318181818181818,31.81818181818182,Medium,Powers-Donovan,Oncologist,Missouri
4265,46,1275254.5878669468,27722.925823194495,798425.7075367441,23483.109045198355,12,19,0.2608695652173913,0.41304347826086957,33.69565217391304,Medium,"King, Williams and Long",Oncologist,Missouri
4266,45,1230601.89780626,27346.708840139112,680002.7654195584,20606.144406653286,12,15,0.26666666666666666,0.3333333333333333,30.0,Medium,Chen PLC,Dermatologist,North Dakota
4267,35,1016727.793287714,29049.365522506116,621719.9720316427,23026.66563080158,8,11,0.22857142857142856,0.3142857142857143,27.142857142857142,Medium,"Nguyen, Powell and Solomon",Orthopedic,New Hampshire
4268,38,1314837.1090943068,34600.97655511334,702369.7162986294,23412.32387662098,8,13,0.21052631578947367,0.34210526315789475,27.631578947368418,Medium,"Schneider, Jones and Mack",Orthopedic,Florida
4269,30,657305.0,21910.166666666668,423406.82400245307,17641.95100010221,6,13,0.2,0.43333333333333335,31.666666666666668,Medium,"Patterson, Fisher and Clark",Oncologist,Wisconsin
4270,35,832685.0,23791.0,623847.6753033306,21511.988803563127,6,17,0.17142857142857143,0.4857142857142857,32.857142857142854,Medium,Baker and Sons,Dermatologist,Minnesota
4271,43,1331556.0,30966.418604651164,867521.6993839825,28917.389979466083,13,10,0.3023255813953488,0.23255813953488372,26.744186046511626,Medium,Henderson Inc,Oncologist,Connecticut
4272,34,855061.7352676371,25148.87456669521,526853.1986607718,22906.660811337904,11,12,0.3235294117647059,0.35294117647058826,33.82352941176471,Medium,"Bartlett, Wong and Weaver",General Practitioner,Kentucky
4273,47,1278732.8150870588,27207.08117206508,755632.2963180708,24375.23536509906,16,17,0.3404255319148936,0.3617021276595745,35.1063829787234,Medium,Mejia-Williams,Cardiologist,Washington
4274,43,1250439.0,29079.976744186046,929097.8774050233,26545.653640143522,8,18,0.18604651162790697,0.4186046511627907,30.232558139534888,Medium,"Martinez, Mcclure and Johnson",General Practitioner,Texas
4275,44,1078125.0508702,24502.842065231816,760799.2814084112,21133.31337245587,8,19,0.18181818181818182,0.4318181818181818,30.68181818181818,Medium,"Le, Hubbard and Schmitt",Cardiologist,Florida
4276,32,978442.0,30576.3125,348794.2147141146,23252.94764760764,17,8,0.53125,0.25,39.0625,Medium,Thompson PLC,Dermatologist,Tennessee
4277,34,811730.0,23874.41176470588,530554.5503319169,22106.439597163204,10,16,0.29411764705882354,0.47058823529411764,38.23529411764706,Medium,"Mclean, Hoffman and Walters",Dermatologist,Florida
4278,38,1005974.0,26473.0,611904.9990867573,23534.807657182973,12,5,0.3157894736842105,0.13157894736842105,22.36842105263158,Medium,"Pham, Barajas and Ayala",General Practitioner,Virginia
4279,46,1250873.0,27192.891304347828,816166.4185812628,23319.040530893224,11,17,0.2391304347826087,0.3695652173913043,30.43478260869565,Medium,"Williams, Parker and Lucas",General Practitioner,California
4280,31,831960.0,26837.41935483871,522964.99790875916,21790.208246198297,7,10,0.22580645161290322,0.3225806451612903,27.419354838709676,Medium,Herrera-Santiago,Orthopedic,Missouri
4281,33,863593.0,26169.484848484848,501597.3492506453,20899.88955211022,9,6,0.2727272727272727,0.18181818181818182,22.727272727272727,Medium,Bauer-Mitchell,General Practitioner,Connecticut
4282,39,1271771.856920825,32609.53479284167,799817.5670628808,27579.91610561658,10,12,0.2564102564102564,0.3076923076923077,28.205128205128204,Medium,"Munoz, Wright and Quinn",Oncologist,Tennessee
4283,38,1173647.0,30885.447368421053,788138.6747048293,29190.32128536405,11,11,0.2894736842105263,0.2894736842105263,28.947368421052634,Medium,Hale PLC,Cardiologist,Nebraska
4284,36,894072.3299836961,24835.342499547114,475744.2447834168,22654.487846829372,15,9,0.4166666666666667,0.25,33.333333333333336,Medium,Noble-White,Orthopedic,Maine
4285,30,723278.0,24109.266666666666,540362.494135743,20783.17285137473,4,12,0.13333333333333333,0.4,26.666666666666668,Medium,Travis LLC,Oncologist,Wisconsin
4286,48,1220774.0,25432.791666666668,827804.6074243812,22994.572428455034,12,17,0.25,0.3541666666666667,30.208333333333336,Medium,"Moore, Oconnor and Smith",Oncologist,Washington
4287,37,962819.0,26022.135135135137,734334.4221350043,24477.81407116681,7,16,0.1891891891891892,0.43243243243243246,31.08108108108108,Medium,Davis-Green,General Practitioner,Virginia
4288,28,737009.7491430184,26321.7767551078,494667.6516987395,23555.602461844737,7,10,0.25,0.35714285714285715,30.357142857142858,Medium,Martin Inc,Orthopedic,Mississippi
4289,53,1405352.34896556,26516.082055953964,810542.9234021502,20783.151882106413,14,17,0.2641509433962264,0.32075471698113206,29.245283018867923,Medium,Kemp PLC,Dermatologist,Alabama
4290,55,1530416.0,27825.745454545453,1187117.568931177,26380.390420692824,10,25,0.18181818181818182,0.45454545454545453,31.81818181818182,Medium,Flores Ltd,Dermatologist,North Dakota
4291,43,1122062.1082596001,26094.46763394419,763090.9366669913,22443.851078440923,9,21,0.20930232558139536,0.4883720930232558,34.883720930232556,Medium,"Marshall, Moore and Carey",General Practitioner,Missouri
4292,44,970176.0,22049.454545454544,683893.5691776675,19539.816262219072,9,20,0.20454545454545456,0.45454545454545453,32.95454545454545,Medium,"Weaver, Schmidt and Meyers",Cardiologist,Maryland
4293,38,1067643.4269373314,28095.879656245565,602032.2920543001,21501.153287653575,10,15,0.2631578947368421,0.39473684210526316,32.89473684210526,Medium,"Wilson, Russo and Miller",General Practitioner,Iowa
4294,48,1278455.0,26634.479166666668,721586.1187619666,23276.971572966664,17,15,0.3541666666666667,0.3125,33.333333333333336,Medium,Hodges-Gallegos,Cardiologist,Connecticut
4295,44,1053647.0,23946.522727272728,717690.3012931475,21108.538273327868,10,15,0.22727272727272727,0.3409090909090909,28.409090909090907,Medium,Brown-Thompson,Oncologist,California
4296,46,1228664.0,26710.08695652174,727266.0793871118,24242.20264623706,16,10,0.34782608695652173,0.21739130434782608,28.26086956521739,Medium,Armstrong and Sons,Orthopedic,Vermont
4297,29,909036.7768534701,31346.095753567937,679306.1215396451,27172.244861585805,4,11,0.13793103448275862,0.3793103448275862,25.86206896551724,Medium,"King, Reid and Smith",Dermatologist,New Jersey
4298,33,834879.8170602496,25299.38839576514,570752.7896853767,21952.030372514488,7,11,0.21212121212121213,0.3333333333333333,27.27272727272727,Medium,Fields-Reynolds,Oncologist,Wisconsin
4299,39,1026881.0,26330.28205128205,761603.0194408281,23800.09435752588,7,12,0.1794871794871795,0.3076923076923077,24.358974358974358,Medium,"David, Lopez and Weiss",General Practitioner,Illinois
4300,45,1048868.5921705877,23308.19093712417,726286.9878498935,20751.056795711243,10,21,0.2222222222222222,0.4666666666666667,34.44444444444444,Medium,"Carpenter, Coffey and Allen",Orthopedic,Connecticut
4301,38,1046910.1246572445,27550.26643834854,793457.5039751207,25595.403354036152,7,15,0.18421052631578946,0.39473684210526316,28.94736842105263,Medium,"Dixon, Logan and Smith",Dermatologist,Florida
4302,29,840245.6214965726,28973.986948157675,496345.7154674944,23635.510260356874,8,10,0.27586206896551724,0.3448275862068966,31.03448275862069,Medium,Nolan-Burch,Oncologist,Alabama
4303,48,1272539.0,26511.229166666668,888456.7706581294,23380.44133310867,10,21,0.20833333333333334,0.4375,32.29166666666667,Medium,Cooper-Stone,General Practitioner,Maryland
4304,34,769853.0,22642.735294117647,538657.8115319484,22444.07548049785,10,15,0.29411764705882354,0.4411764705882353,36.76470588235294,Medium,Rose-Sullivan,Cardiologist,Oklahoma
4305,56,1674408.0694655157,29900.144097598495,1178990.4515514015,26199.787812253366,11,19,0.19642857142857142,0.3392857142857143,26.785714285714285,Medium,"Myers, Duke and Contreras",Orthopedic,Vermont
4306,42,1032617.0,24586.119047619046,852697.2405236237,22439.40106641115,4,18,0.09523809523809523,0.42857142857142855,26.19047619047619,Medium,Garcia-Frey,Cardiologist,Alaska
4307,38,966473.0,25433.5,677072.9174864136,23347.341982290123,9,11,0.23684210526315788,0.2894736842105263,26.315789473684212,Medium,"Mcdonald, Barrett and Camacho",Orthopedic,Nebraska
4308,53,1517895.8628952086,28639.544582928465,958497.6588837523,25223.622602204006,15,15,0.2830188679245283,0.2830188679245283,28.30188679245283,Medium,Kelly Group,Cardiologist,Montana
4309,39,889392.0,22804.923076923078,572828.769836102,18478.347414067808,8,17,0.20512820512820512,0.4358974358974359,32.05128205128205,Medium,Smith-Williams,Oncologist,Massachusetts
4310,57,1445936.0,25367.298245614034,1121264.0578718248,23359.667872329683,9,28,0.15789473684210525,0.49122807017543857,32.45614035087719,Medium,Cole-Shepherd,Dermatologist,Colorado
4311,45,901818.9568702327,20040.421263782948,593961.745663507,16053.020153067757,8,18,0.17777777777777778,0.4,28.88888888888889,Medium,"Wilson, Buchanan and Flores",General Practitioner,Maryland
4312,51,1212084.0,23766.352941176472,877205.2429197202,22492.442126146674,12,24,0.23529411764705882,0.47058823529411764,35.29411764705882,Medium,"Mcdaniel, Harrison and Gill",Dermatologist,New Jersey
4313,31,809519.0,26113.516129032258,513698.44694061886,24461.830806696136,10,9,0.3225806451612903,0.2903225806451613,30.645161290322584,Medium,Ortiz-Sims,Orthopedic,Oklahoma
4314,40,1130143.0862388648,28253.57715597162,621440.7183627951,21428.990288372243,11,17,0.275,0.425,35.0,Medium,"Dixon, Hernandez and Gray",Cardiologist,Arizona
4315,40,888044.0,22201.1,509048.0027325769,19578.769335868343,14,17,0.35,0.425,38.75,Medium,Garcia Group,Dermatologist,Mississippi
4316,43,1009354.0,23473.3488372093,666751.7772334291,22991.44059425618,14,14,0.32558139534883723,0.32558139534883723,32.55813953488372,Medium,Waller PLC,General Practitioner,Connecticut
4317,43,1092029.0,25396.023255813954,759851.5148901702,21710.04328257629,8,19,0.18604651162790697,0.4418604651162791,31.395348837209305,Medium,Armstrong-Barnes,General Practitioner,Ohio
4318,47,1319501.3062188204,28074.495876996178,583394.6232228035,21607.20826751124,20,9,0.425531914893617,0.19148936170212766,30.851063829787236,Medium,Payne-French,Dermatologist,California
4319,32,804750.0,25148.4375,543319.0892469673,21732.763569878694,7,10,0.21875,0.3125,26.5625,Medium,Reynolds-Burton,Cardiologist,Idaho
4320,49,1064253.9817384582,21719.469015070576,821337.2835351146,19100.867058956155,6,22,0.12244897959183673,0.4489795918367347,28.571428571428573,Medium,Alexander and Sons,Orthopedic,Connecticut
4321,44,1060002.0,24090.954545454544,711525.6666649643,21561.38383833225,11,15,0.25,0.3409090909090909,29.545454545454543,Medium,Potter LLC,Oncologist,Oregon
4322,44,1050715.0,23879.886363636364,766137.8009321943,21281.605581449843,8,14,0.18181818181818182,0.3181818181818182,25.0,Medium,"Roberts, Campbell and Wood",Cardiologist,New Jersey
4323,34,928395.0,27305.735294117647,661656.1781094029,24505.78437442233,7,12,0.20588235294117646,0.35294117647058826,27.941176470588236,Medium,Martinez-Buck,Oncologist,North Dakota
4324,33,792769.1925248449,24023.30886438924,523223.2220336857,20123.97007821868,7,8,0.21212121212121213,0.24242424242424243,22.727272727272727,Medium,Koch-Duran,Dermatologist,Mississippi
4325,39,960075.0,24617.30769230769,568347.6809943445,22733.90723977378,14,15,0.358974358974359,0.38461538461538464,37.17948717948718,Medium,Miller Group,Dermatologist,Delaware
4326,32,755191.4163167224,23599.731759897575,350770.1894726455,15944.099521483888,10,11,0.3125,0.34375,32.8125,Medium,Hunter-Calderon,Dermatologist,Hawaii
4327,38,984259.0,25901.552631578947,617739.7049386996,22879.248331062947,11,12,0.2894736842105263,0.3157894736842105,30.263157894736842,Medium,Barber-Alvarado,Orthopedic,West Virginia
4328,44,1010055.0,22955.795454545456,689287.331098828,20887.494881782666,11,18,0.25,0.4090909090909091,32.95454545454545,Medium,Davis Group,Dermatologist,Hawaii
4329,43,1084105.0,25211.74418604651,698059.7947709449,22518.05789583693,12,12,0.27906976744186046,0.27906976744186046,27.906976744186046,Medium,Blair Group,Cardiologist,Georgia
4330,36,864092.0,24002.555555555555,625812.4850786807,20187.49951866712,5,14,0.1388888888888889,0.3888888888888889,26.388888888888893,Medium,"Anderson, Price and Hoffman",Cardiologist,Texas
4331,39,1035936.9659356072,26562.48630604121,734542.0763920834,24484.735879736116,9,18,0.23076923076923078,0.46153846153846156,34.61538461538461,Medium,Miller-Howell,Orthopedic,New Hampshire
4332,36,909246.0,25256.833333333332,716798.2577298689,22399.945554058402,4,16,0.1111111111111111,0.4444444444444444,27.77777777777778,Medium,"Gardner, Ortiz and Page",General Practitioner,Utah
4333,50,1400883.2384213728,28017.664768427458,686210.1704906283,21444.067827832136,18,16,0.36,0.32,34.0,Medium,Huffman PLC,Oncologist,Utah
4334,52,1382950.6868552063,26595.205516446273,1074556.0320560527,24421.728001273925,8,17,0.15384615384615385,0.3269230769230769,24.03846153846154,Medium,"Nguyen, Nichols and Davis",Cardiologist,Georgia
4335,37,897353.0,24252.783783783783,525666.5083828812,20217.942630110814,11,13,0.2972972972972973,0.35135135135135137,32.432432432432435,Medium,Rollins-Armstrong,Cardiologist,Illinois
4336,34,832596.0,24488.117647058825,542971.536232459,22623.814009685793,10,12,0.29411764705882354,0.35294117647058826,32.352941176470594,Medium,English-Patterson,Dermatologist,Indiana
4337,35,828421.0,23669.17142857143,501390.21826826606,20055.608730730644,10,15,0.2857142857142857,0.42857142857142855,35.71428571428571,Medium,Ward-Cook,General Practitioner,Indiana
4338,33,832901.0,25239.424242424244,595267.549730874,22894.90575887977,7,13,0.21212121212121213,0.3939393939393939,30.3030303030303,Medium,"Sullivan, Fisher and Herrera",Dermatologist,Pennsylvania
4339,33,807723.0,24476.454545454544,511669.7372353504,21319.572384806266,9,15,0.2727272727272727,0.45454545454545453,36.36363636363636,Medium,Riddle-Haynes,Orthopedic,Indiana
4340,40,1162912.3706692797,29072.809266731994,792903.5188242565,25577.532865298595,9,17,0.225,0.425,32.5,Medium,Wilson Inc,Oncologist,Mississippi
4341,34,892214.0,26241.58823529412,580844.6664305107,22340.179478096565,8,10,0.23529411764705882,0.29411764705882354,26.470588235294116,Medium,Murphy-Martin,Oncologist,Nevada
4342,32,881974.0,27561.6875,616969.9039820706,25707.079332586276,8,11,0.25,0.34375,29.6875,Medium,"Long, Gonzales and Barnett",Dermatologist,Idaho
4343,45,1035535.0,23011.88888888889,608826.3318367123,18449.282782930677,12,16,0.26666666666666666,0.35555555555555557,31.111111111111114,Medium,Brown Ltd,Oncologist,Montana
4344,40,1010944.1760023163,25273.604400057906,558179.0776887905,20673.299173658907,13,15,0.325,0.375,35.0,Medium,Farley Inc,Oncologist,Mississippi
4345,29,663443.9862355163,22877.37883570746,413191.59060645377,18781.435936656988,7,10,0.2413793103448276,0.3448275862068966,29.310344827586206,Medium,Edwards-Carr,General Practitioner,Mississippi
4346,46,1183625.0,25730.978260869564,603218.9192260746,24128.756769042982,21,12,0.45652173913043476,0.2608695652173913,35.869565217391305,Medium,Stevenson-Romero,Cardiologist,Vermont
4347,40,917655.0,22941.375,585329.4060254217,20904.621643765062,12,16,0.3,0.4,35.0,Medium,"Larson, Brown and Lane",Orthopedic,Kansas
4348,35,880958.1090580927,25170.23168737408,534408.6059997358,23235.15678259721,12,11,0.34285714285714286,0.3142857142857143,32.857142857142854,Medium,"Goodman, Rodriguez and Marquez",General Practitioner,California
4349,45,1238625.9750140556,27525.021666979013,807340.6933927428,23066.876954078365,10,21,0.2222222222222222,0.4666666666666667,34.44444444444444,Medium,Keller-Ferguson,General Practitioner,Kentucky
4350,41,915819.0,22337.048780487807,542905.4673192393,19389.48097568712,13,14,0.3170731707317073,0.34146341463414637,32.926829268292686,Medium,"Huffman, Jordan and Johnson",Dermatologist,New Mexico
4351,32,850548.0,26579.625,607525.6320583832,24301.02528233533,7,14,0.21875,0.4375,32.8125,Medium,"Melton, Murphy and Lloyd",Dermatologist,Louisiana
4352,31,815691.0020736416,26312.612970117472,544543.2105798842,25930.629075232584,10,11,0.3225806451612903,0.3548387096774194,33.87096774193549,Medium,Dean PLC,Dermatologist,Connecticut
4353,41,920349.0,22447.536585365855,608947.8237614124,22553.623102274534,14,15,0.34146341463414637,0.36585365853658536,35.36585365853659,Medium,White Ltd,Orthopedic,Rhode Island
4354,31,813243.0,26233.645161290322,550634.5217437606,23940.631380163504,8,11,0.25806451612903225,0.3548387096774194,30.64516129032258,Medium,Watts Group,Dermatologist,Rhode Island
4355,45,1309490.0,29099.777777777777,1014155.9815846013,25353.899539615035,5,18,0.1111111111111111,0.4,25.555555555555557,Medium,"Walters, Wheeler and Valdez",Cardiologist,Idaho
4356,45,1270265.0,28228.11111111111,817164.2234776656,24762.552226595926,12,19,0.26666666666666666,0.4222222222222222,34.44444444444444,Medium,Burnett-Garcia,Orthopedic,Missouri
4357,41,894515.0,21817.439024390245,517458.0421468963,19165.11267210727,14,11,0.34146341463414637,0.2682926829268293,30.487804878048784,Medium,Graham Ltd,Oncologist,New Jersey
4358,44,1062142.526647356,24139.602878349004,640871.4335052667,20673.272048556988,13,18,0.29545454545454547,0.4090909090909091,35.227272727272734,Medium,Campbell Ltd,Orthopedic,Pennsylvania
4359,37,979089.0,26461.864864864863,713483.8340566474,24602.890829539563,8,15,0.21621621621621623,0.40540540540540543,31.08108108108108,Medium,Mcintosh-Perez,Oncologist,Oregon
4360,54,1304123.5505285873,24150.436120899765,965645.9866304664,20992.304057184054,8,19,0.14814814814814814,0.35185185185185186,25.0,Medium,"Scott, Montgomery and Martinez",General Practitioner,Washington
4361,44,1146295.0,26052.159090909092,810819.8107769364,23847.641493439303,10,22,0.22727272727272727,0.5,36.36363636363636,Medium,Buchanan LLC,Oncologist,Wisconsin
4362,48,1331428.0,27738.083333333332,834397.8347214832,26074.93233504635,16,20,0.3333333333333333,0.4166666666666667,37.5,Medium,Davis-Massey,Orthopedic,Kentucky
4363,35,847734.0,24220.97142857143,602920.4239571901,22330.386072488523,8,13,0.22857142857142856,0.37142857142857144,30.0,Medium,"Hatfield, Hunt and Jackson",Cardiologist,Virginia
4364,48,1303308.7324240135,27152.265258833617,846316.8103342109,22873.427306330024,11,23,0.22916666666666666,0.4791666666666667,35.41666666666667,Medium,Rogers-Allison,Cardiologist,North Dakota
4365,42,1182977.772112103,28166.137431240546,846608.2252336536,24900.241918636868,8,16,0.19047619047619047,0.38095238095238093,28.57142857142857,Medium,"Thomas, Marshall and Wolf",Oncologist,Massachusetts
4366,49,1520632.4903210192,31033.31612900039,869772.0539599758,24160.33483222155,13,15,0.2653061224489796,0.30612244897959184,28.57142857142857,Medium,Mendoza LLC,Orthopedic,South Carolina
4367,44,1076794.0423149532,24472.59187079439,600146.64199829,20694.71179304448,15,17,0.3409090909090909,0.38636363636363635,36.36363636363636,Medium,Ewing Inc,Oncologist,Illinois
4368,33,897256.0,27189.575757575756,461339.14466539363,21968.53069835208,12,8,0.36363636363636365,0.24242424242424243,30.303030303030305,Medium,Gonzalez LLC,Oncologist,Maine
4369,36,1030480.0276383806,28624.44521217724,761722.7466291663,24571.701504166656,5,12,0.1388888888888889,0.3333333333333333,23.611111111111107,Medium,"Ingram, Lowe and Decker",General Practitioner,Alaska
4370,34,909395.8304238248,26746.936188936026,489924.7310754093,21301.07526414823,11,6,0.3235294117647059,0.17647058823529413,25.0,Medium,Anderson-Jones,Orthopedic,Arizona
4371,45,1437964.645114658,31954.769891436845,884082.2106869991,24557.839185749977,9,21,0.2,0.4666666666666667,33.33333333333333,Medium,Kaiser-Williams,Oncologist,Louisiana
4372,34,980342.0,28833.58823529412,667115.8021385351,26684.6320855414,9,10,0.2647058823529412,0.29411764705882354,27.94117647058824,Medium,"Schultz, Bass and Branch",Dermatologist,Ohio
4373,56,1240460.001107243,22151.071448343624,935883.1576410794,20345.28603567564,10,25,0.17857142857142858,0.44642857142857145,31.25,Medium,Choi-Vazquez,Dermatologist,Georgia
4374,35,802377.2576194353,22925.06450341244,576780.3280686417,20599.29743102292,7,11,0.2,0.3142857142857143,25.714285714285715,Medium,"Mcdonald, Evans and Barker",Dermatologist,Utah
4375,35,897043.5723642323,25629.81635326378,643319.1149310997,22183.417756244817,6,11,0.17142857142857143,0.3142857142857143,24.285714285714285,Medium,Wiley-Cobb,Oncologist,Massachusetts
4376,40,1137913.2044995145,28447.830112487864,747958.6330549329,24127.69784048171,9,10,0.225,0.25,23.75,Medium,Dixon-Green,Orthopedic,Alabama
4377,39,989392.0,25369.02564102564,668574.4184300349,23054.290290690857,10,11,0.2564102564102564,0.28205128205128205,26.92307692307692,Medium,Johnson PLC,General Practitioner,Wisconsin
4378,39,1116777.9247993676,28635.33140511199,764936.2525480125,23179.886440848866,6,15,0.15384615384615385,0.38461538461538464,26.923076923076927,Medium,Montgomery and Sons,Dermatologist,South Carolina
4379,41,1143251.0,27884.170731707316,759315.5286058285,26183.294089856157,12,16,0.2926829268292683,0.3902439024390244,34.14634146341463,Medium,"Moss, Rocha and Rodriguez",Oncologist,Alabama
4380,43,1095498.0,25476.697674418603,927479.0070277269,25067.000189938564,6,24,0.13953488372093023,0.5581395348837209,34.883720930232556,Medium,Walsh-Jackson,Oncologist,Vermont
4381,51,1309936.0,25685.019607843136,759707.8347844706,21705.938136699162,16,16,0.3137254901960784,0.3137254901960784,31.372549019607842,Medium,Kramer Inc,Orthopedic,Missouri
4382,39,910661.8564518926,23350.30401158699,559427.6331525722,18647.587771752405,9,17,0.23076923076923078,0.4358974358974359,33.333333333333336,Medium,Jackson-Chavez,Oncologist,Hawaii
4383,34,772102.0,22708.882352941175,544677.5626234651,20173.243060128338,7,10,0.20588235294117646,0.29411764705882354,25.0,Medium,Frank Group,Orthopedic,Alabama
4384,53,1266762.1284991328,23901.172235832695,910249.9854557005,19788.04316208045,7,25,0.1320754716981132,0.4716981132075472,30.18867924528302,Medium,Lam-Le,General Practitioner,Mississippi
4385,36,971189.0,26977.472222222223,656135.1446553943,24301.30165390349,9,11,0.25,0.3055555555555556,27.77777777777778,Medium,Campos-Howe,General Practitioner,Idaho
4386,41,939693.0,22919.341463414636,604689.2310189649,21596.04396496303,13,18,0.3170731707317073,0.43902439024390244,37.80487804878049,Medium,"Turner, Wang and Richard",Oncologist,Michigan
4387,52,1352771.019512678,26014.82729832073,852839.6495032888,20305.705940554493,10,21,0.19230769230769232,0.40384615384615385,29.80769230769231,Medium,Garcia-Dawson,Cardiologist,Kansas
4388,39,775313.0,19879.82051282051,559686.2522989064,19299.525941341602,10,17,0.2564102564102564,0.4358974358974359,34.61538461538461,Medium,Allen-Davenport,General Practitioner,Nebraska
4389,44,1058629.0,24059.75,854745.8075346585,23101.238041477256,7,25,0.1590909090909091,0.5681818181818182,36.36363636363637,Medium,"Blackwell, Wilson and Aguilar",Orthopedic,Delaware
4390,40,1113152.0,27828.8,695363.4332892946,26744.747434203637,14,17,0.35,0.425,38.75,Medium,Bates PLC,Oncologist,Vermont
4391,46,1180349.0,25659.760869565216,702723.7747099409,22668.508861610997,15,19,0.32608695652173914,0.41304347826086957,36.95652173913044,Medium,Estrada-Garner,Cardiologist,Idaho
4392,27,664943.0923797485,24627.521939990685,397500.71840382385,19875.035920191192,7,6,0.25925925925925924,0.2222222222222222,24.074074074074073,Medium,Tucker and Sons,General Practitioner,Massachusetts
4393,44,1106575.6532606548,25149.446665014882,835630.5741839826,23875.159262399502,9,18,0.20454545454545456,0.4090909090909091,30.681818181818187,Medium,Kennedy and Sons,Orthopedic,Mississippi
4394,44,965613.0,21945.75,791753.4411153798,20301.37028500974,5,17,0.11363636363636363,0.38636363636363635,25.0,Medium,Reed-Phillips,Oncologist,California
4395,29,685584.0,23640.827586206895,523078.0992210477,21794.92080087699,5,14,0.1724137931034483,0.4827586206896552,32.758620689655174,Medium,Allen Group,Orthopedic,Utah
4396,36,880754.0,24465.38888888889,534543.1173028214,20559.35066549313,10,15,0.2777777777777778,0.4166666666666667,34.72222222222223,Medium,Casey-Williams,Oncologist,Washington
4397,46,1402771.3545253754,30495.029446203815,963785.173012261,25362.767710848973,8,18,0.17391304347826086,0.391304347826087,28.26086956521739,Medium,Carson-Rivera,Cardiologist,Maryland
4398,43,945327.0,21984.3488372093,466872.24476242065,18674.889790496825,18,10,0.4186046511627907,0.23255813953488372,32.55813953488372,Medium,Cole-Harris,Orthopedic,Virginia
4399,47,1261204.7899155219,26834.1444662877,752137.892890133,20892.719246948138,11,21,0.23404255319148937,0.44680851063829785,34.04255319148936,Medium,"Green, Williams and Santos",Orthopedic,California
4400,36,942521.6242765848,26181.156229905133,428102.6196323317,18613.15737531877,13,10,0.3611111111111111,0.2777777777777778,31.944444444444443,Medium,"Powell, Hebert and Lee",General Practitioner,South Carolina
4401,41,1030807.0,25141.634146341465,573160.8319851321,22926.433279405283,16,13,0.3902439024390244,0.3170731707317073,35.36585365853659,Medium,Rollins-Rice,Orthopedic,Louisiana
4402,38,871057.4264565053,22922.56385411856,491274.7416997607,18895.18237306772,12,16,0.3157894736842105,0.42105263157894735,36.84210526315789,Medium,"Moon, Hebert and Acosta",General Practitioner,Illinois
4403,44,901122.0,20480.045454545456,449892.6448251287,16067.594458040312,16,11,0.36363636363636365,0.25,30.681818181818183,Medium,Sims Group,Orthopedic,North Dakota
4404,45,1148521.114390185,25522.691430893003,790609.5060175166,21961.375167153237,9,19,0.2,0.4222222222222222,31.11111111111111,Medium,"Stevens, Nguyen and Stark",Orthopedic,Maryland
4405,41,1149465.771543592,28035.750525453463,748561.6405615176,23392.551267547424,9,22,0.21951219512195122,0.5365853658536586,37.804878048780495,Medium,Davidson and Sons,General Practitioner,Missouri
4406,40,970006.0,24250.15,582125.2520244366,19404.17506748122,10,15,0.25,0.375,31.25,Medium,Lynch-Walker,General Practitioner,New Hampshire
4407,45,1030882.0,22908.48888888889,840446.9716837701,21011.174292094252,5,21,0.1111111111111111,0.4666666666666667,28.888888888888886,Medium,"Rios, Morales and Cordova",General Practitioner,North Dakota
4408,35,1114658.543505539,31847.386957301114,607771.21732715,25323.800721964584,11,16,0.3142857142857143,0.45714285714285713,38.57142857142857,Medium,"Ellis, Robinson and Hines",Cardiologist,South Carolina
4409,38,946678.0,24912.57894736842,643826.2021345104,23845.414893870755,11,12,0.2894736842105263,0.3157894736842105,30.263157894736842,Medium,King Inc,Oncologist,Wyoming
4410,54,1689429.2720811153,31285.727260761396,1101319.6678187235,26861.455312651793,13,22,0.24074074074074073,0.4074074074074074,32.407407407407405,Medium,Mcclain Group,Dermatologist,Kansas
4411,45,1216809.0,27040.2,899902.8065584141,26467.72960465924,11,10,0.24444444444444444,0.2222222222222222,23.333333333333332,Medium,"Guzman, Garza and Wright",Oncologist,Mississippi
4412,41,1287660.7058525225,31406.358679329816,850003.5748211755,27419.47015552179,10,17,0.24390243902439024,0.4146341463414634,32.92682926829268,Medium,Wagner-Pratt,Oncologist,Utah
4413,35,887779.0,25365.114285714284,806172.6648816385,23710.9607318129,1,23,0.02857142857142857,0.6571428571428571,34.285714285714285,Medium,"Pena, Garner and Walter",Oncologist,North Carolina
4414,39,948917.0,24331.20512820513,534002.4186866003,19071.51495309287,11,15,0.28205128205128205,0.38461538461538464,33.333333333333336,Medium,"Beasley, Contreras and Blanchard",Cardiologist,Georgia
4415,45,1074081.0,23868.466666666667,843116.6633024636,22786.93684601253,8,19,0.17777777777777778,0.4222222222222222,30.0,Medium,"Carter, Hill and Wilson",Oncologist,Kentucky
4416,46,1214906.0,26411.0,769717.7470076241,24829.604742181422,15,18,0.32608695652173914,0.391304347826087,35.869565217391305,Medium,Hunt Group,Cardiologist,Wyoming
4417,46,1246426.9507127511,27096.23805897285,889518.0331127449,24041.02792196608,9,21,0.1956521739130435,0.45652173913043476,32.608695652173914,Medium,Burgess Inc,Dermatologist,Indiana
4418,47,1070568.0,22778.042553191488,684058.4850883726,19544.528145382075,12,20,0.2553191489361702,0.425531914893617,34.04255319148936,Medium,Bonilla Group,Dermatologist,Mississippi
4419,35,827172.0,23633.485714285714,456127.51267306553,18245.100506922623,10,9,0.2857142857142857,0.2571428571428571,27.14285714285714,Medium,"Gardner, Joseph and Martinez",General Practitioner,New Jersey
4420,40,901176.0,22529.4,674842.7163206955,20449.779282445317,7,18,0.175,0.45,31.25,Medium,Hodges-Blanchard,Oncologist,Michigan
4421,36,892099.0,24780.527777777777,518442.6219015041,23565.57372279564,14,13,0.3888888888888889,0.3611111111111111,37.5,Medium,Fisher-Adams,Oncologist,Louisiana
4422,46,1006841.5304308094,21887.859357191508,727179.6604738159,19136.3068545741,8,26,0.17391304347826086,0.5652173913043478,36.95652173913044,Medium,Roberson-Kennedy,General Practitioner,Indiana
4423,43,1202601.0,27967.46511627907,814351.7735042368,25448.4929220074,11,17,0.2558139534883721,0.3953488372093023,32.55813953488372,Medium,"Jacobson, Diaz and Gonzalez",Cardiologist,West Virginia
4424,45,1153077.0,25623.933333333334,846046.5593510343,22866.12322570363,8,18,0.17777777777777778,0.4,28.88888888888889,Medium,Fernandez Inc,Oncologist,Virginia
4425,25,639042.0,25561.68,417057.1319305896,24532.77246650527,8,8,0.32,0.32,32.0,Medium,Taylor-Odom,Oncologist,Iowa
4426,29,790228.0,27249.241379310344,617092.4656237504,24683.698624950015,4,15,0.13793103448275862,0.5172413793103449,32.758620689655174,Medium,Berry-Mckenzie,Dermatologist,Alaska
4427,42,1035899.2981626369,24664.26900387231,658835.1151911217,21252.745651326506,11,16,0.2619047619047619,0.38095238095238093,32.142857142857146,Medium,"Hawkins, Hernandez and Hendricks",Cardiologist,Nebraska
4428,46,1170396.0,25443.391304347828,796614.2967315003,23429.832256808833,12,17,0.2608695652173913,0.3695652173913043,31.52173913043478,Medium,Hampton PLC,Cardiologist,Washington
4429,36,856261.0,23785.027777777777,533235.1740774852,21329.40696309941,11,12,0.3055555555555556,0.3333333333333333,31.944444444444443,Medium,Petersen-Mosley,Dermatologist,Utah
4430,35,865364.0,24724.685714285715,582658.7480835442,20809.241002983723,7,14,0.2,0.4,30.0,Medium,"Miller, Horton and Tran",Cardiologist,New Mexico
4431,45,1235751.4618261077,27461.143596135727,681930.3167868024,20664.555054145527,12,15,0.26666666666666666,0.3333333333333333,30.0,Medium,Lynch Ltd,General Practitioner,Ohio
4432,43,886201.0,20609.325581395347,579968.6185544655,18708.665114660176,12,14,0.27906976744186046,0.32558139534883723,30.232558139534884,Medium,Berry Ltd,Oncologist,North Dakota
4433,37,952109.0,25732.675675675677,724295.3694285672,23364.366755760235,6,18,0.16216216216216217,0.4864864864864865,32.432432432432435,Medium,Butler-Jenkins,Orthopedic,Florida
4434,35,844187.0,24119.628571428573,537163.0553506038,21486.52221402415,10,8,0.2857142857142857,0.22857142857142856,25.714285714285715,Medium,"Campos, Nichols and Haney",General Practitioner,Oregon
4435,34,1043288.8730646378,30684.96685484229,627726.6159627227,25109.064638508906,9,14,0.2647058823529412,0.4117647058823529,33.8235294117647,Medium,"Delacruz, Anderson and Steele",Dermatologist,North Carolina
4436,46,1204810.0,26191.521739130436,825246.936494376,25007.482924072003,13,16,0.2826086956521739,0.34782608695652173,31.52173913043478,Medium,Morales Group,Dermatologist,Georgia
4437,41,1088904.0,26558.634146341465,720042.9513736843,24001.431712456146,11,16,0.2682926829268293,0.3902439024390244,32.926829268292686,Medium,Beck-Wilkinson,Dermatologist,Maine
4438,44,948065.0,21546.93181818182,626481.6906983914,18425.932079364455,10,16,0.22727272727272727,0.36363636363636365,29.545454545454547,Medium,Mccall LLC,Orthopedic,Mississippi
4439,41,994717.0,24261.39024390244,565479.381982354,18849.312732745133,11,19,0.2682926829268293,0.4634146341463415,36.58536585365854,Medium,"Avila, Weiss and Caldwell",General Practitioner,Massachusetts
4440,42,1155597.0,27514.214285714286,724862.5262976796,22651.95394680249,10,21,0.23809523809523808,0.5,36.904761904761905,Medium,Gallagher-Luna,Orthopedic,Wyoming
4441,42,1136335.0,27055.595238095237,781994.4385116837,22999.83642681423,8,14,0.19047619047619047,0.3333333333333333,26.19047619047619,Medium,Rodriguez-Campbell,Oncologist,Alabama
4442,49,1165690.0,23789.591836734693,717096.0983817492,22409.253074429664,17,18,0.3469387755102041,0.3673469387755102,35.714285714285715,Medium,"Vasquez, Hayes and Bryan",Dermatologist,Indiana
4443,44,1152043.0,26182.795454545456,769169.4808456454,24036.54627642642,12,17,0.2727272727272727,0.38636363636363635,32.95454545454545,Medium,Perkins Ltd,Orthopedic,Massachusetts
4444,29,833490.0,28741.03448275862,623644.6839919435,27114.986260519283,6,10,0.20689655172413793,0.3448275862068966,27.586206896551726,Medium,"Barrett, Stone and Lopez",Oncologist,Maine
4445,42,1084170.33581858,25813.5794242519,659118.9092092701,20597.465912789692,10,17,0.23809523809523808,0.40476190476190477,32.14285714285714,Medium,Harris-Nolan,Oncologist,Ohio
4446,40,1024242.0,25606.05,710067.5448452791,22905.404672428358,9,21,0.225,0.525,37.5,Medium,Phillips Ltd,Oncologist,New Mexico
4447,40,1078599.597774193,26964.989944354824,662673.3113706633,24543.455976691235,13,18,0.325,0.45,38.75,Medium,Lewis-Lutz,Dermatologist,Montana
4448,38,1151001.7358560443,30289.519364632746,694721.3181964806,23955.907524016573,9,17,0.23684210526315788,0.4473684210526316,34.21052631578947,Medium,Escobar-White,Cardiologist,Arkansas
4449,34,764005.0,22470.735294117647,658959.4093443049,23534.264619439462,6,12,0.17647058823529413,0.35294117647058826,26.47058823529412,Medium,"Matthews, Shepard and Deleon",Oncologist,Tennessee
4450,41,1014888.0,24753.365853658535,740656.0246998466,23892.12982902731,10,13,0.24390243902439024,0.3170731707317073,28.048780487804876,Medium,Harrison PLC,Cardiologist,Alaska
4451,47,1298008.193105005,27617.19559797883,714974.1969895182,21028.65285263289,13,18,0.2765957446808511,0.3829787234042553,32.97872340425532,Medium,Silva Group,Oncologist,South Dakota
4452,47,1299857.824734363,27656.549462433257,841482.4299870131,22742.76837802738,10,24,0.2127659574468085,0.5106382978723404,36.170212765957444,Medium,Harris Group,Orthopedic,Kentucky
4453,42,1135284.702078727,27030.5881447316,901194.1779048576,24356.59940283399,5,18,0.11904761904761904,0.42857142857142855,27.38095238095238,Medium,Morton PLC,Oncologist,Montana
4454,33,703999.0,21333.303030303032,515305.74645735585,19085.398016939107,6,17,0.18181818181818182,0.5151515151515151,34.84848484848485,Medium,"Walker, Meyer and Martin",Dermatologist,Vermont
4455,42,1163381.0,27699.54761904762,986406.8304213164,26659.644065440985,5,24,0.11904761904761904,0.5714285714285714,34.52380952380952,Medium,"Daugherty, Atkinson and Simmons",Dermatologist,Kentucky
4456,31,703203.0,22683.967741935485,570724.1008716315,22828.96403486526,6,14,0.1935483870967742,0.45161290322580644,32.25806451612903,Medium,"Harris, Roberts and Carter",Cardiologist,Kentucky
4457,38,1060478.9411569305,27907.34055676133,767391.2305838739,23254.279714662847,5,14,0.13157894736842105,0.3684210526315789,24.999999999999996,Medium,Clarke-Thomas,Cardiologist,Florida
4458,47,1338920.7614741053,28487.675776044794,701331.3564938708,22623.592144963575,16,13,0.3404255319148936,0.2765957446808511,30.851063829787236,Medium,Rasmussen PLC,General Practitioner,South Dakota
4459,35,747710.7107039372,21363.163162969635,585421.3402981163,24392.555845754847,11,11,0.3142857142857143,0.3142857142857143,31.428571428571427,Medium,Martinez-Lynn,Orthopedic,Minnesota
4460,43,1118520.0,26012.093023255813,771945.5011254471,24123.296910170222,11,17,0.2558139534883721,0.3953488372093023,32.55813953488372,Medium,Williams-Martinez,General Practitioner,Maine
4461,42,1371515.6027520993,32655.133398859507,745616.1322648297,24052.133298865476,11,17,0.2619047619047619,0.40476190476190477,33.333333333333336,Medium,"Armstrong, Ellison and Gonzales",Oncologist,Missouri
4462,30,803392.0,26779.733333333334,618204.269592165,25758.511233006877,6,14,0.2,0.4666666666666667,33.33333333333333,Medium,King Group,Cardiologist,Colorado
4463,32,945081.0,29533.78125,543714.1362786675,23639.745055594238,9,11,0.28125,0.34375,31.25,Medium,Pacheco Inc,Dermatologist,Ohio
4464,37,939229.0,25384.567567567567,650151.7817544292,24079.695620534414,10,13,0.2702702702702703,0.35135135135135137,31.08108108108108,Medium,Novak-Garcia,Orthopedic,South Carolina
4465,36,906018.0,25167.166666666668,627580.0637126238,21640.69185215944,7,14,0.19444444444444445,0.3888888888888889,29.16666666666667,Medium,Liu Inc,Dermatologist,California
4466,33,852212.9991171663,25824.636336883825,684473.0660284142,24445.466643871936,5,13,0.15151515151515152,0.3939393939393939,27.272727272727273,Medium,Pierce LLC,Cardiologist,Texas
4467,40,1198240.3576621187,29956.00894155297,891903.882382984,25482.968068085258,5,16,0.125,0.4,26.25,Medium,"Jones, Thomas and Olson",General Practitioner,Massachusetts
4468,46,1199750.1481458459,26081.524959692302,742318.4228890017,20619.956191361158,10,15,0.21739130434782608,0.32608695652173914,27.17391304347826,Medium,Roth-Walton,Orthopedic,Iowa
4469,38,840172.0,22109.78947368421,451445.99157860683,18057.839663144274,13,15,0.34210526315789475,0.39473684210526316,36.84210526315789,Medium,Beard Inc,Cardiologist,Wyoming
4470,33,790810.0,23963.939393939392,551240.2828266837,21201.549339487836,7,8,0.21212121212121213,0.24242424242424243,22.727272727272727,Medium,"Nielsen, Holder and Goodwin",Dermatologist,Louisiana
4471,44,1196142.0,27185.045454545456,798549.6950493818,24198.475607557026,11,17,0.25,0.38636363636363635,31.818181818181817,Medium,Roman-Kramer,Oncologist,Alaska
4472,39,1075462.167373971,27575.953009589,775548.0500238374,25017.679033027012,8,18,0.20512820512820512,0.46153846153846156,33.33333333333333,Medium,Gordon Group,Oncologist,Missouri
4473,41,1012373.0,24692.024390243903,633941.8200866433,20449.736131827205,10,18,0.24390243902439024,0.43902439024390244,34.146341463414636,Medium,Serrano Ltd,Oncologist,Louisiana
4474,34,904838.8393624844,26612.90704007307,592215.502173729,23688.62008694916,9,13,0.2647058823529412,0.38235294117647056,32.35294117647059,Medium,Bond PLC,General Practitioner,North Dakota
4475,39,984011.947645029,25231.07558064177,537772.2357635964,21510.889430543855,14,10,0.358974358974359,0.2564102564102564,30.769230769230766,Medium,Wright-Burke,Dermatologist,Rhode Island
4476,29,779215.0,26869.48275862069,604936.9458755333,26301.60634241449,6,12,0.20689655172413793,0.41379310344827586,31.03448275862069,Medium,Butler-Bryant,Orthopedic,North Carolina
4477,32,825888.0,25809.0,615945.2618343225,22812.787475345278,5,14,0.15625,0.4375,29.6875,Medium,Bell Inc,Cardiologist,Arkansas
4478,42,1205729.5828550807,28707.847210835254,863871.3037683137,25407.979522597463,8,19,0.19047619047619047,0.4523809523809524,32.142857142857146,Medium,Reyes-Edwards,Oncologist,Arizona
4479,45,1279831.0,28440.68888888889,845203.9999398306,24148.68571256659,10,23,0.2222222222222222,0.5111111111111111,36.666666666666664,Medium,Brown Inc,Oncologist,South Carolina
4480,43,927032.4097333783,21558.89324961345,509255.98956860934,16427.612566729335,12,19,0.27906976744186046,0.4418604651162791,36.04651162790698,Medium,"Shaw, Elliott and Curtis",General Practitioner,Wisconsin
4481,36,922594.0,25627.61111111111,608194.785117665,21721.24232563089,8,15,0.2222222222222222,0.4166666666666667,31.944444444444446,Medium,"Flores, Mosley and Gardner",Oncologist,Maine
4482,43,1106302.0,25727.95348837209,734657.0295305114,25333.001018293497,14,13,0.32558139534883723,0.3023255813953488,31.3953488372093,Medium,"Scott, Thompson and Jones",General Practitioner,Oklahoma
4483,45,1269012.566483608,28200.27925519129,698219.3977275145,22523.20637830692,14,13,0.3111111111111111,0.28888888888888886,30.0,Medium,Sullivan-Wilson,General Practitioner,Missouri
4484,29,605007.0708846723,20862.312789126634,364176.6961961927,20232.038677566263,11,11,0.3793103448275862,0.3793103448275862,37.93103448275862,Medium,Crawford-Sanchez,General Practitioner,Tennessee
4485,39,1000221.0,25646.69230769231,663338.9492545751,22873.756870847417,10,12,0.2564102564102564,0.3076923076923077,28.205128205128204,Medium,Wilson Inc,Oncologist,Vermont
4486,36,965625.4063668174,26822.92795463382,623048.196989756,23963.392191913692,10,12,0.2777777777777778,0.3333333333333333,30.555555555555554,Medium,Turner and Sons,Oncologist,New Mexico
4487,31,886513.0,28597.1935483871,471607.54643487296,22457.502211184426,10,11,0.3225806451612903,0.3548387096774194,33.87096774193549,Medium,"Cook, Smith and Church",Orthopedic,Utah
4488,40,1048749.0,26218.725,750782.628368032,25889.056150621796,11,12,0.275,0.3,28.75,Medium,Jimenez-Brown,General Practitioner,Arkansas
4489,37,937020.0,25324.864864864863,656569.3747694007,24317.384250718544,10,8,0.2702702702702703,0.21621621621621623,24.324324324324323,Medium,Jackson-Adams,Cardiologist,West Virginia
4490,44,897961.0915214039,20408.20662548645,592861.6326326242,17437.106842136007,10,16,0.22727272727272727,0.36363636363636365,29.545454545454547,Medium,"Cooper, Blevins and Lawson",Dermatologist,Oklahoma
4491,41,1070211.0,26102.70731707317,578260.6225416603,21417.060094135566,14,11,0.34146341463414637,0.2682926829268293,30.487804878048784,Medium,Coleman LLC,General Practitioner,Florida
4492,44,1499385.3701408326,34076.94023047347,825925.1996519672,23597.862847199063,9,19,0.20454545454545456,0.4318181818181818,31.81818181818182,Medium,Carroll PLC,Cardiologist,New Jersey
4493,33,1125718.5505498957,34112.68334999684,578298.2303602697,27538.010969536652,12,8,0.36363636363636365,0.24242424242424243,30.303030303030305,Medium,Cox-Cervantes,General Practitioner,Florida
4494,41,1098786.0,26799.658536585364,847981.7729981478,24940.640382298465,7,9,0.17073170731707318,0.21951219512195122,19.512195121951223,Low,Robinson and Sons,Oncologist,Maine
4495,51,1233736.0,24190.901960784315,876115.8815180394,21368.68003702535,10,16,0.19607843137254902,0.3137254901960784,25.490196078431374,Medium,Potter LLC,Oncologist,Hawaii
4496,35,997049.0811590106,28487.11660454316,610988.3007478364,22629.19632399394,8,19,0.22857142857142856,0.5428571428571428,38.57142857142857,Medium,Brown-Shields,Orthopedic,Michigan
4497,43,1161078.0,27001.81395348837,926002.5662709821,25027.09638570222,6,18,0.13953488372093023,0.4186046511627907,27.906976744186046,Medium,"Pham, Willis and Wright",Orthopedic,Michigan
4498,49,1138744.0,23239.673469387755,805777.6842439576,20144.44210609894,9,21,0.1836734693877551,0.42857142857142855,30.612244897959183,Medium,Johnson Group,General Practitioner,Hawaii
4499,38,846848.0,22285.473684210527,618874.8165755899,20629.160552519665,8,14,0.21052631578947367,0.3684210526315789,28.94736842105263,Medium,"Murphy, Dean and Young",Oncologist,Connecticut
4500,30,752899.0,25096.633333333335,558181.2124550417,23257.55051896007,6,7,0.2,0.23333333333333334,21.666666666666664,Medium,Price-Wright,General Practitioner,Tennessee
4501,39,1081725.0,27736.53846153846,662707.6180286387,22851.986828573747,10,12,0.2564102564102564,0.3076923076923077,28.205128205128204,Medium,"Benitez, Guerrero and Garcia",Cardiologist,South Dakota
4502,40,897093.0100152653,22427.325250381633,582454.7557968639,17131.022229319526,6,15,0.15,0.375,26.25,Medium,"Bowen, Wilson and Watts",General Practitioner,Indiana
4503,34,943073.2707863335,27737.449140774515,654830.0593961544,24252.965162820532,7,13,0.20588235294117646,0.38235294117647056,29.41176470588235,Medium,"Allen, Warren and Gill",Orthopedic,Washington
4504,28,799941.0,28569.321428571428,519929.49039609265,23633.158654367846,6,9,0.21428571428571427,0.32142857142857145,26.785714285714285,Medium,Wilson LLC,Dermatologist,Michigan
4505,42,1251563.0378119666,29799.119947903968,625096.1115130732,25003.844460522927,17,14,0.40476190476190477,0.3333333333333333,36.9047619047619,Medium,Shepherd and Sons,Cardiologist,Mississippi
4506,41,1151803.0,28092.756097560974,878751.3903124991,25107.18258035712,6,14,0.14634146341463414,0.34146341463414637,24.390243902439025,Medium,Moreno-Reynolds,Orthopedic,Minnesota
4507,39,929625.0,23836.53846153846,585615.7154621235,20914.846980790124,11,13,0.28205128205128205,0.3333333333333333,30.769230769230766,Medium,Bell-Jones,Oncologist,Indiana
4508,43,1205442.0,28033.53488372093,736339.4520339512,23010.607876060974,11,15,0.2558139534883721,0.3488372093023256,30.232558139534884,Medium,"Weber, Schmidt and Jackson",General Practitioner,Iowa
4509,45,1192190.0,26493.11111111111,862260.858677255,24636.024533635857,10,19,0.2222222222222222,0.4222222222222222,32.22222222222222,Medium,Fuentes and Sons,Orthopedic,Wyoming
4510,36,766807.0,21300.194444444445,545809.424618676,20215.163874765774,9,21,0.25,0.5833333333333334,41.66666666666667,Medium,Ochoa Ltd,Orthopedic,Kentucky
4511,49,1404776.0,28668.897959183672,907655.999691457,25933.028562613057,14,20,0.2857142857142857,0.40816326530612246,34.69387755102041,Medium,Obrien-Stewart,Oncologist,Arkansas
4512,37,853186.0,23059.08108108108,500784.2317961161,20866.009658171504,13,7,0.35135135135135137,0.1891891891891892,27.027027027027028,Medium,"Jackson, Nash and Li",Dermatologist,Michigan
4513,38,839923.0,22103.236842105263,616433.176407147,20547.7725469049,8,12,0.21052631578947367,0.3157894736842105,26.31578947368421,Medium,Willis-Faulkner,Oncologist,Maryland
4514,37,800385.0,21632.027027027027,507273.2661455006,19510.510236365408,11,10,0.2972972972972973,0.2702702702702703,28.37837837837838,Medium,"Silva, Klein and Hogan",General Practitioner,Missouri
4515,36,912460.0,25346.11111111111,674284.3079571596,23251.1830330055,7,16,0.19444444444444445,0.4444444444444444,31.944444444444443,Medium,Benson LLC,Oncologist,Montana
4516,30,765519.9781324847,25517.33260441616,430174.2961418013,19553.377097354605,8,11,0.26666666666666666,0.36666666666666664,31.666666666666664,Medium,Thomas-Lopez,General Practitioner,Mississippi
4517,32,719885.0,22496.40625,453180.2456609305,18127.20982643722,7,13,0.21875,0.40625,31.25,Medium,Greer Inc,Oncologist,Iowa
4518,42,1184444.0,28201.04761904762,700592.0437380304,24158.34633579415,13,14,0.30952380952380953,0.3333333333333333,32.14285714285714,Medium,"Mcmillan, Campos and Rogers",Dermatologist,Oklahoma
4519,35,965697.0,27591.342857142856,683989.7897154611,23585.85481777452,6,13,0.17142857142857143,0.37142857142857144,27.142857142857146,Medium,"Williams, Mckinney and Moore",General Practitioner,Wyoming
4520,37,1122882.0,30348.162162162163,639526.2541589875,25581.050166359502,12,15,0.32432432432432434,0.40540540540540543,36.486486486486484,Medium,Smith LLC,General Practitioner,Alabama
4521,33,778183.0,23581.303030303032,449388.93422604667,21399.473058383173,12,11,0.36363636363636365,0.3333333333333333,34.848484848484844,Medium,"Walsh, Hodge and Turner",Orthopedic,Maryland
4522,44,1143823.0,25995.977272727272,889616.176149578,22240.40440373945,4,18,0.09090909090909091,0.4090909090909091,25.000000000000004,Medium,White-Jennings,Oncologist,Massachusetts
4523,31,864013.0,27871.387096774193,603009.841731213,24120.393669248522,6,18,0.1935483870967742,0.5806451612903226,38.70967741935484,Medium,"Lee, Jones and Harper",Orthopedic,Oklahoma
4524,43,1283333.0,29844.95348837209,1007318.4050006978,27981.06680557494,7,16,0.16279069767441862,0.37209302325581395,26.74418604651163,Medium,Francis Inc,Cardiologist,Louisiana
4525,46,1198585.0,26056.195652173912,785021.0324622174,23088.85389594757,12,16,0.2608695652173913,0.34782608695652173,30.43478260869565,Medium,Lopez Group,General Practitioner,Kansas
4526,51,1193073.0,23393.58823529412,686780.8525087051,19622.31007167729,16,17,0.3137254901960784,0.3333333333333333,32.35294117647059,Medium,Hall Inc,Dermatologist,West Virginia
4527,32,739509.0,23109.65625,542142.3018781687,20851.626995314182,6,12,0.1875,0.375,28.125,Medium,Martin Ltd,Dermatologist,North Carolina
4528,41,945556.0,23062.341463414636,613976.0974932263,21171.589568731943,12,10,0.2926829268292683,0.24390243902439024,26.829268292682926,Medium,"Wilson, Robles and Hughes",General Practitioner,Kentucky
4529,31,695385.0,22431.774193548386,416053.4940119631,18911.52245508923,9,14,0.2903225806451613,0.45161290322580644,37.096774193548384,Medium,Butler-Marshall,Orthopedic,New Hampshire
4530,39,818018.0,20974.82051282051,633176.1006191579,19786.753144348684,7,8,0.1794871794871795,0.20512820512820512,19.23076923076923,Low,Livingston Inc,General Practitioner,Vermont
4531,38,965682.7948479599,25412.70512757789,680547.6440152067,21953.149806942154,7,20,0.18421052631578946,0.5263157894736842,35.526315789473685,Medium,Ferguson Inc,Cardiologist,Florida
4532,39,1087499.0,27884.589743589742,635424.0969618553,25416.963878474213,14,14,0.358974358974359,0.358974358974359,35.8974358974359,Medium,"Brooks, Chambers and Perez",Cardiologist,Tennessee
4533,36,1119486.1241269954,31096.83678130543,617136.5305144303,22856.90853757149,9,14,0.25,0.3888888888888889,31.944444444444446,Medium,"Murillo, Lee and Gonzalez",Cardiologist,Idaho
4534,43,1162349.022498226,27031.372616237815,525189.9437391455,19451.47939774613,16,9,0.37209302325581395,0.20930232558139536,29.069767441860467,Medium,Bray-Bean,General Practitioner,Ohio
4535,54,1393080.0,25797.777777777777,1117295.684308831,25393.083734291617,10,18,0.18518518518518517,0.3333333333333333,25.925925925925924,Medium,"Jordan, Parker and Sanchez",Oncologist,Massachusetts
4536,43,1084508.0,25221.116279069767,705090.9877052373,23503.03292350791,13,13,0.3023255813953488,0.3023255813953488,30.23255813953488,Medium,Mcintyre Group,Orthopedic,Maine
4537,30,808185.0,26939.5,550664.8438312768,25030.220174148944,8,12,0.26666666666666666,0.4,33.333333333333336,Medium,"Smith, Coleman and Mcgee",Dermatologist,Massachusetts
4538,37,822138.73635014,22219.96584730108,554966.4930378034,19820.231894207267,9,12,0.24324324324324326,0.32432432432432434,28.37837837837838,Medium,"Nichols, Miller and Peterson",Oncologist,South Dakota
4539,43,1197733.2169390365,27854.26085904736,839380.2546477652,23316.118184660143,7,19,0.16279069767441862,0.4418604651162791,30.232558139534884,Medium,"Brown, Ward and Braun",General Practitioner,Michigan
4540,48,1218919.0,25394.145833333332,887641.3531502895,22760.03469616127,9,25,0.1875,0.5208333333333334,35.41666666666667,Medium,Johnson-Williams,Orthopedic,North Carolina
4541,36,930085.1560805188,25835.698780014412,618454.710304921,24738.18841219684,11,12,0.3055555555555556,0.3333333333333333,31.944444444444443,Medium,Wall-Gonzalez,General Practitioner,North Carolina
4542,48,1284763.0,26765.895833333332,867709.0251465619,24791.68643275891,13,14,0.2708333333333333,0.2916666666666667,28.125,Medium,Maldonado Group,Dermatologist,Oregon
4543,35,1046210.7687940174,29891.73625125764,611441.5218242538,25476.730076010575,11,9,0.3142857142857143,0.2571428571428571,28.57142857142857,Medium,Reynolds PLC,General Practitioner,Oregon
4544,34,762332.0,22421.529411764706,581139.1328724595,20754.969031159268,6,11,0.17647058823529413,0.3235294117647059,25.0,Medium,Edwards Ltd,General Practitioner,Florida
4545,31,634572.0,20470.064516129034,461649.9964479192,19235.4165186633,7,11,0.22580645161290322,0.3548387096774194,29.032258064516128,Medium,Travis-Baldwin,Oncologist,Pennsylvania
4546,36,865629.5691029489,24045.265808415246,494217.15766625886,19008.352217933032,10,15,0.2777777777777778,0.4166666666666667,34.72222222222223,Medium,Mcdonald Inc,General Practitioner,Wisconsin
4547,46,1039900.0,22606.521739130436,799063.2173218098,22196.200481161384,10,14,0.21739130434782608,0.30434782608695654,26.086956521739133,Medium,Cole Group,Dermatologist,Arizona
4548,53,1351898.0805261713,25507.510953323985,764001.6520301697,21828.618629433422,18,12,0.33962264150943394,0.22641509433962265,28.301886792452834,Medium,Green LLC,Oncologist,Virginia
4549,46,1234207.9702992728,26830.608049984192,717030.7381323861,22407.210566637066,14,18,0.30434782608695654,0.391304347826087,34.78260869565217,Medium,Butler-Deleon,General Practitioner,Arizona
4550,39,1027741.0,26352.333333333332,671768.803415178,24880.326052414,12,13,0.3076923076923077,0.3333333333333333,32.05128205128205,Medium,"Carter, Carter and Williams",General Practitioner,Utah
4551,52,1297905.0,24959.71153846154,980251.6144011636,24506.290360029092,12,24,0.23076923076923078,0.46153846153846156,34.61538461538461,Medium,Carson-Carter,Cardiologist,Pennsylvania
4552,32,805670.0,25177.1875,589952.0185362657,21069.714947723776,4,14,0.125,0.4375,28.125,Medium,Long-Delgado,Cardiologist,Texas
4553,40,926599.0,23164.975,526129.2618498786,20235.740840379945,14,15,0.35,0.375,36.25,Medium,"Meyer, Frazier and Wise",Oncologist,Rhode Island
4554,33,723846.0,21934.727272727272,516743.0731914002,21530.96138297501,9,13,0.2727272727272727,0.3939393939393939,33.33333333333333,Medium,Mitchell-Austin,Dermatologist,Oklahoma
4555,41,1098052.0,26781.756097560974,709432.0899855042,26275.26259205571,14,14,0.34146341463414637,0.34146341463414637,34.146341463414636,Medium,Gordon-Mccoy,General Practitioner,Nebraska
4556,34,836535.0,24603.970588235294,508729.43883606105,19566.51687831004,8,16,0.23529411764705882,0.47058823529411764,35.29411764705882,Medium,Davis Ltd,Orthopedic,Connecticut
4557,51,1325686.0,25993.843137254902,740957.5561311872,23154.9236290996,19,14,0.37254901960784315,0.27450980392156865,32.352941176470594,Medium,Matthews-Jones,Oncologist,New Hampshire
4558,35,824011.0,23543.17142857143,580093.9186064437,20717.639950230132,7,18,0.2,0.5142857142857142,35.71428571428571,Medium,"Roberts, Miller and Williams",Oncologist,Missouri
4559,40,1001611.2383948034,25040.280959870084,726693.2838530579,22021.008601607813,7,16,0.175,0.4,28.75,Medium,"Turner, Phelps and Martinez",General Practitioner,Arizona
4560,48,1259819.3977281428,26246.23745266964,797010.0467209208,21540.8120735384,11,17,0.22916666666666666,0.3541666666666667,29.166666666666668,Medium,"Martin, Sanchez and Suarez",Oncologist,California
4561,41,962238.0,23469.219512195123,632883.8151437322,21823.57983254249,12,16,0.2926829268292683,0.3902439024390244,34.14634146341463,Medium,"Butler, Gibbs and Durham",Orthopedic,Maine
4562,35,820024.0,23429.257142857143,603932.8411342859,22367.88300497355,8,11,0.22857142857142856,0.3142857142857143,27.142857142857142,Medium,Mckinney Ltd,Oncologist,Indiana
4563,34,789691.0,23226.20588235294,482341.8951659589,17864.514635776257,7,18,0.20588235294117646,0.5294117647058824,36.76470588235294,Medium,Oconnor-Davis,Dermatologist,Nevada
4564,44,1169727.0,26584.704545454544,703513.2883409171,24259.078908307485,15,20,0.3409090909090909,0.45454545454545453,39.772727272727266,Medium,"Wu, Thomas and Rivera",Orthopedic,Oregon
4565,43,1033994.0,24046.372093023256,687100.7811241024,21471.8994101282,11,13,0.2558139534883721,0.3023255813953488,27.906976744186046,Medium,Anderson-Ellis,Dermatologist,South Dakota
4566,44,1256106.0,28547.863636363636,853774.442600493,25871.952806075544,11,17,0.25,0.38636363636363635,31.818181818181817,Medium,Phillips-Chavez,Cardiologist,Montana
4567,45,1029887.5306664875,22886.38957036639,688950.4781617166,18130.275741097805,7,24,0.15555555555555556,0.5333333333333333,34.44444444444444,Medium,Levy and Sons,Cardiologist,South Dakota
4568,42,1052064.0,25049.14285714286,808930.4896183263,24513.04513994928,9,15,0.21428571428571427,0.35714285714285715,28.57142857142857,Medium,"Flores, Avery and Snow",General Practitioner,Tennessee
4569,46,1104764.0,24016.608695652172,705739.0832933832,21386.03282707222,13,15,0.2826086956521739,0.32608695652173914,30.434782608695652,Medium,Johnson-Hanna,General Practitioner,Alabama
4570,49,1313774.0,26811.714285714286,996676.5927386985,23730.395065207107,7,23,0.14285714285714285,0.46938775510204084,30.612244897959183,Medium,Diaz Ltd,Oncologist,Ohio
4571,39,879477.0,22550.69230769231,554758.5324012864,17895.436529073755,8,16,0.20512820512820512,0.41025641025641024,30.769230769230766,Medium,Davis-Vincent,Cardiologist,New York
4572,43,1152025.0,26791.279069767443,830132.1669017308,25155.520209143357,10,15,0.23255813953488372,0.3488372093023256,29.069767441860463,Medium,West-White,Oncologist,Maine
4573,35,993065.4270823393,28373.297916638265,520708.1092964139,27405.68996296915,16,9,0.45714285714285713,0.2571428571428571,35.714285714285715,Medium,"Dunn, Alexander and White",Oncologist,South Dakota
4574,34,876242.0,25771.823529411766,537406.5278353072,22391.938659804466,10,9,0.29411764705882354,0.2647058823529412,27.94117647058824,Medium,Mcbride-Smith,Dermatologist,New Hampshire
4575,47,1153662.0,24546.0,831541.9203158878,21882.682113575993,9,21,0.19148936170212766,0.44680851063829785,31.914893617021278,Medium,"Dean, Smith and Weeks",Orthopedic,Minnesota
4576,38,739685.0,19465.394736842107,535164.4138327616,19820.904216028208,11,10,0.2894736842105263,0.2631578947368421,27.63157894736842,Medium,Carson LLC,Dermatologist,Indiana
4577,40,1346478.0595773084,33661.95148943271,848343.4838867678,28278.116129558926,10,16,0.25,0.4,32.5,Medium,Walker and Sons,Dermatologist,South Dakota
4578,41,1258970.2243517833,30706.590837848373,773856.4522643371,24183.014133260534,9,17,0.21951219512195122,0.4146341463414634,31.70731707317073,Medium,Ruiz-Garcia,Dermatologist,New York
4579,39,901641.0,23119.0,634984.2379365336,20483.36251408173,8,17,0.20512820512820512,0.4358974358974359,32.05128205128205,Medium,Castaneda Ltd,Orthopedic,Iowa
4580,34,959088.0,28208.470588235294,727718.4466786741,27989.17102610285,8,14,0.23529411764705882,0.4117647058823529,32.35294117647059,Medium,Bernard-Allen,Dermatologist,New Jersey
4581,40,865238.0,21630.95,609910.0604560502,20330.335348535005,10,18,0.25,0.45,35.0,Medium,"Marshall, Russell and Mccoy",General Practitioner,New Mexico
4582,48,1294983.6666675427,26978.82638890714,864004.1570834682,23351.463704958598,11,22,0.22916666666666666,0.4583333333333333,34.375,Medium,Walker Ltd,Oncologist,New Mexico
4583,48,1288284.8409508043,26839.26751980842,917781.3303992614,23532.854625622087,9,24,0.1875,0.5,34.375,Medium,Meyers-Clark,Dermatologist,Michigan
4584,27,648254.0,24009.40740740741,406344.10498934204,23902.59441113777,10,8,0.37037037037037035,0.2962962962962963,33.33333333333333,Medium,Long LLC,Cardiologist,Kentucky
4585,37,957989.0,25891.594594594593,681056.2963898111,26194.47293806966,11,12,0.2972972972972973,0.32432432432432434,31.08108108108108,Medium,"Jackson, Harrington and Shields",Orthopedic,California
4586,31,676957.0,21837.322580645163,482125.2372395272,19285.00948958109,6,12,0.1935483870967742,0.3870967741935484,29.032258064516128,Medium,Dean-Nichols,Oncologist,Louisiana
4587,31,1111060.2957670754,35840.65470216372,667369.3030073748,26694.77212029499,6,11,0.1935483870967742,0.3548387096774194,27.41935483870968,Medium,Medina Inc,Dermatologist,Maine
4588,31,822648.0,26537.032258064515,599560.0350731574,23060.00134896759,5,14,0.16129032258064516,0.45161290322580644,30.645161290322577,Medium,Hill-Haley,Orthopedic,Louisiana
4589,45,1185759.0,26350.2,730038.4895116936,22813.702797240425,13,16,0.28888888888888886,0.35555555555555557,32.22222222222222,Medium,Adams Ltd,Orthopedic,Utah
4590,44,1125117.0,25570.840909090908,831132.4140384461,25185.830728437762,11,16,0.25,0.36363636363636365,30.681818181818183,Medium,"Mack, Young and Thomas",Cardiologist,Wisconsin
4591,34,910168.0,26769.647058823528,686448.4984663343,25424.018461716085,7,18,0.20588235294117646,0.5294117647058824,36.76470588235294,Medium,Maynard Ltd,Orthopedic,Washington
4592,50,1256824.0,25136.48,919290.6943282665,21887.873674482536,8,20,0.16,0.4,28.0,Medium,Ochoa and Sons,Oncologist,Arkansas
4593,42,1072301.0,25530.97619047619,609570.8771870729,21770.38847096689,14,15,0.3333333333333333,0.35714285714285715,34.52380952380952,Medium,Barber-Hill,Orthopedic,Colorado
4594,33,717915.5973694196,21755.018102103626,429098.89361377154,18656.47363538137,10,12,0.30303030303030304,0.36363636363636365,33.333333333333336,Medium,Nelson-Castaneda,Dermatologist,Montana
4595,37,1105416.0,29876.108108108107,589601.3759571217,25634.842432918336,14,12,0.3783783783783784,0.32432432432432434,35.13513513513514,Medium,Taylor and Sons,General Practitioner,California
4596,32,774004.0,24187.625,590385.4414680185,24599.39339450077,8,13,0.25,0.40625,32.8125,Medium,"Jackson, Jennings and Gonzalez",Orthopedic,Georgia
4597,44,1116698.0,25379.5,833449.2755051233,24513.213985444803,10,16,0.22727272727272727,0.36363636363636365,29.545454545454547,Medium,Warner PLC,Oncologist,Vermont
4598,29,694962.0,23964.206896551725,575052.080370233,22117.387706547426,3,6,0.10344827586206896,0.20689655172413793,15.517241379310345,Low,Cox-Lee,Dermatologist,Ohio
4599,34,695865.0,20466.617647058825,447023.74826939625,17880.94993077585,9,16,0.2647058823529412,0.47058823529411764,36.76470588235294,Medium,Nelson-Brown,Orthopedic,Virginia
4600,38,902383.0,23746.92105263158,595467.557127257,22054.353967676187,11,16,0.2894736842105263,0.42105263157894735,35.526315789473685,Medium,Dean-Smith,Orthopedic,Mississippi
4601,38,995896.7192970144,26207.80840255301,696581.9993784771,22470.387076725066,7,16,0.18421052631578946,0.42105263157894735,30.26315789473684,Medium,Hensley-Stout,Dermatologist,Utah
4602,40,958442.0,23961.05,699813.7467135697,20582.757256281464,6,23,0.15,0.575,36.25,Medium,Morrow and Sons,Orthopedic,Colorado
4603,45,1321458.0,29365.733333333334,941508.0744223645,24776.52827427275,7,20,0.15555555555555556,0.4444444444444444,30.0,Medium,Miller PLC,Dermatologist,Pennsylvania
4604,49,1223336.0,24966.04081632653,726639.7702824894,21371.75794948498,15,18,0.30612244897959184,0.3673469387755102,33.673469387755105,Medium,Henry Ltd,Cardiologist,Nevada
4605,40,1107778.2860365629,27694.457150914073,628924.6813977436,21687.05797923254,11,16,0.275,0.4,33.75,Medium,Vazquez LLC,General Practitioner,Florida
4606,31,946427.0,30529.90322580645,602310.2048266123,25096.25853444218,7,15,0.22580645161290322,0.4838709677419355,35.483870967741936,Medium,"Johnson, Chambers and Bryant",Orthopedic,Arizona
4607,47,1218634.0,25928.382978723403,869872.5666608245,23510.069369211473,10,24,0.2127659574468085,0.5106382978723404,36.170212765957444,Medium,Chavez-Beard,Cardiologist,Colorado
4608,38,1059255.0722161178,27875.13347937152,658064.7135785269,21227.89398640409,7,15,0.18421052631578946,0.39473684210526316,28.94736842105263,Medium,Smith Group,Dermatologist,Alabama
4609,41,1064582.4524993263,25965.425670715274,729467.5931716535,22105.078580959194,8,18,0.1951219512195122,0.43902439024390244,31.707317073170735,Medium,"Crawford, Williams and Rodgers",General Practitioner,Maine
4610,38,883648.0,23253.894736842107,535615.560987323,19129.12717811868,10,9,0.2631578947368421,0.23684210526315788,25.0,Medium,Hernandez-Howard,Orthopedic,New Jersey
4611,47,1236598.0,26310.59574468085,700319.9336687044,25011.426202453727,19,19,0.40425531914893614,0.40425531914893614,40.42553191489361,Medium,"Scott, Lawrence and Parker",Cardiologist,Arkansas
4612,44,1217716.0,27675.363636363636,792393.8885113838,24011.936015496478,11,10,0.25,0.22727272727272727,23.863636363636363,Medium,Shaw and Sons,Dermatologist,New York
4613,40,1210131.660450553,30253.291511263826,796494.832341646,25693.381688440193,9,13,0.225,0.325,27.5,Medium,"Johnson, Russell and Perez",Orthopedic,Mississippi
4614,41,1028403.0,25083.0,715247.8705869842,22351.495955843257,9,18,0.21951219512195122,0.43902439024390244,32.926829268292686,Medium,Edwards-Smith,Cardiologist,California
4615,40,1118381.2108813713,27959.53027203428,646453.3397382327,22291.49447373216,11,17,0.275,0.425,35.0,Medium,Turner-Moreno,General Practitioner,South Dakota
4616,46,1086042.2252899897,23609.613593260645,764484.3520262567,23890.136000820523,14,9,0.30434782608695654,0.1956521739130435,25.0,Medium,Snyder and Sons,General Practitioner,Massachusetts
4617,46,1147201.0,24939.152173913044,760493.0107894412,23045.242751195186,13,16,0.2826086956521739,0.34782608695652173,31.52173913043478,Medium,Donaldson-Ingram,Cardiologist,California
4618,39,1155785.993573786,29635.538296763745,601862.5195294592,24074.50078117837,14,13,0.358974358974359,0.3333333333333333,34.61538461538461,Medium,Guerra PLC,General Practitioner,Oklahoma
4619,34,913083.7261929242,26855.403711556595,484103.82826495863,20170.992844373275,10,8,0.29411764705882354,0.23529411764705882,26.470588235294116,Medium,Reed-Vargas,General Practitioner,Delaware
4620,39,1056421.019789969,27087.718456153052,718896.080468762,21144.002366728295,5,24,0.1282051282051282,0.6153846153846154,37.17948717948718,Medium,"Foster, Patterson and Fox",Cardiologist,Maine
4621,32,762500.0,23828.125,559055.0347774612,22362.20139109845,7,17,0.21875,0.53125,37.5,Medium,"Calderon, Perry and Williams",Dermatologist,Oklahoma
4622,30,714718.0,23823.933333333334,547101.8582486329,21884.074329945313,5,13,0.16666666666666666,0.43333333333333335,30.0,Medium,"Hayes, Mckenzie and Williams",Oncologist,Utah
4623,36,1000469.0,27790.805555555555,687536.5167879775,24554.875599570627,8,10,0.2222222222222222,0.2777777777777778,25.0,Medium,Little Ltd,Orthopedic,California
4624,29,800299.0,27596.51724137931,587179.6147794045,26689.982489972932,7,10,0.2413793103448276,0.3448275862068966,29.310344827586206,Medium,"Rodriguez, Hensley and Jones",General Practitioner,Arkansas
4625,25,720718.0,28828.72,512332.6816734456,26964.877982812926,6,12,0.24,0.48,36.0,Medium,King-Reyes,Dermatologist,Wisconsin
4626,41,1028077.79470427,25075.06816351878,507150.55513903924,18112.51982639426,13,12,0.3170731707317073,0.2926829268292683,30.487804878048777,Medium,"Torres, Parker and Martin",Dermatologist,Illinois
4627,34,697561.0,20516.5,434578.49386057636,17383.139754423053,9,15,0.2647058823529412,0.4411764705882353,35.294117647058826,Medium,Smith-Herman,Oncologist,Massachusetts
4628,37,1043358.1745824041,28198.86958330822,712887.7535850522,21602.659199547037,4,14,0.10810810810810811,0.3783783783783784,24.324324324324323,Medium,"Goodman, Ballard and Lowery",Cardiologist,Florida
4629,42,1088867.0,25925.404761904763,556080.7191365431,23170.02996402263,18,9,0.42857142857142855,0.21428571428571427,32.14285714285714,Medium,"Parker, Harmon and Wilkins",General Practitioner,Arizona
4630,41,1154739.0,28164.365853658535,715111.2248069858,25539.686600249493,13,13,0.3170731707317073,0.3170731707317073,31.70731707317073,Medium,Garner Inc,Orthopedic,Oregon
4631,23,713613.0,31026.652173913044,468272.86210931436,29267.053881832147,7,7,0.30434782608695654,0.30434782608695654,30.434782608695656,Medium,"Ruiz, Sanchez and Jimenez",General Practitioner,North Dakota
4632,48,1139404.577258137,23737.59535954452,814267.5527363307,20356.688818408267,8,20,0.16666666666666666,0.4166666666666667,29.166666666666668,Medium,Brown-Spencer,Orthopedic,Massachusetts
4633,29,622859.0,21477.896551724138,470932.9747171901,21406.04430532682,7,11,0.2413793103448276,0.3793103448275862,31.03448275862069,Medium,Lopez and Sons,Orthopedic,West Virginia
4634,40,825669.0,20641.725,576604.18942515,19220.139647505002,10,10,0.25,0.25,25.0,Medium,"Mora, Williams and Wright",Oncologist,Arkansas
4635,43,971320.0,22588.837209302324,738544.990395231,19960.675416087324,6,19,0.13953488372093023,0.4418604651162791,29.069767441860463,Medium,"Best, Moreno and Gilbert",Orthopedic,Wisconsin
4636,32,690245.6119242013,21570.17537263129,369875.4700078674,17613.117619422257,11,9,0.34375,0.28125,31.25,Medium,Alexander-Graham,Cardiologist,Mississippi
4637,35,1201564.6530596996,34330.41865884856,841958.8540899869,29033.063934137477,6,18,0.17142857142857143,0.5142857142857142,34.285714285714285,Medium,"Chavez, Bowman and Kirk",Orthopedic,Mississippi
4638,56,1437521.0,25670.01785714286,985418.0159701606,22395.86399932183,12,26,0.21428571428571427,0.4642857142857143,33.92857142857143,Medium,Stewart Inc,Dermatologist,Oregon
4639,37,1027118.2331871665,27759.952248301797,662504.6472321317,23660.880258290417,9,14,0.24324324324324326,0.3783783783783784,31.08108108108108,Medium,"Hayes, Alvarado and Pineda",Dermatologist,Connecticut
4640,40,1149178.6124656633,28729.465311641583,667180.3069335232,23006.217480466315,11,20,0.275,0.5,38.75,Medium,"Smith, Barker and Mosley",General Practitioner,Missouri
4641,48,1176688.4506439466,24514.34272174889,670525.4050927956,20953.918909149863,16,17,0.3333333333333333,0.3541666666666667,34.375,Medium,Martinez LLC,Orthopedic,South Dakota
4642,41,1257281.1686829482,30665.394358120688,637551.8238671833,21984.54565059253,12,15,0.2926829268292683,0.36585365853658536,32.92682926829268,Medium,Smith-Guzman,Oncologist,South Dakota
4643,31,750350.0,24204.83870967742,519350.649725722,21639.610405238414,7,13,0.22580645161290322,0.41935483870967744,32.25806451612903,Medium,"Aguilar, Erickson and Munoz",Orthopedic,Ohio
4644,51,1301244.0,25514.58823529412,871472.5675809223,24899.21621659778,16,23,0.3137254901960784,0.45098039215686275,38.23529411764706,Medium,Diaz and Sons,Orthopedic,Rhode Island
4645,42,987467.0,23511.119047619046,822727.0988250859,22235.867535813133,5,20,0.11904761904761904,0.47619047619047616,29.76190476190476,Medium,Kent-Dillon,Orthopedic,Mississippi
4646,35,833187.0,23805.342857142856,524338.9147749542,20973.556590998167,10,11,0.2857142857142857,0.3142857142857143,30.0,Medium,Ellis Inc,Oncologist,New Jersey
4647,36,829934.0,23053.722222222223,622189.2802400012,20739.642674666706,6,15,0.16666666666666666,0.4166666666666667,29.166666666666668,Medium,Clark-Boone,General Practitioner,Iowa
4648,47,1240019.0,26383.382978723403,903917.2619217843,25108.812831160674,11,14,0.23404255319148937,0.2978723404255319,26.595744680851062,Medium,"Tapia, Nixon and Richard",Orthopedic,Michigan
4649,32,743647.0,23238.96875,593056.4197585073,20450.22137098301,3,16,0.09375,0.5,29.6875,Medium,Montgomery Ltd,General Practitioner,Missouri
4650,29,589430.3582013759,20325.18476556469,437050.0250227536,18210.4177092814,5,11,0.1724137931034483,0.3793103448275862,27.586206896551722,Medium,Brown-Coleman,Oncologist,Minnesota
4651,39,847496.0,21730.666666666668,555115.777568105,17906.960566713064,8,17,0.20512820512820512,0.4358974358974359,32.05128205128205,Medium,Petty Group,General Practitioner,Oklahoma
4652,30,937739.8329409441,31257.994431364805,435880.67274694855,20756.222511759453,9,13,0.3,0.43333333333333335,36.66666666666667,Medium,Mendez LLC,General Practitioner,Illinois
4653,40,1093438.0,27335.95,839558.2087894902,25441.157842105764,7,13,0.175,0.325,25.0,Medium,Lane-Lewis,Cardiologist,Utah
4654,45,1273019.0,28289.31111111111,764547.6245444667,23168.10983468081,12,20,0.26666666666666666,0.4444444444444444,35.55555555555556,Medium,Bautista-Williams,Orthopedic,Texas
4655,42,1252064.0,29811.04761904762,920142.6469403607,27063.019027657665,8,21,0.19047619047619047,0.5,34.523809523809526,Medium,Wood-Johnson,General Practitioner,Maine
4656,40,1152965.0,28824.125,644211.5921075831,23007.55686098511,12,11,0.3,0.275,28.75,Medium,Hill-Wiley,Orthopedic,West Virginia
4657,44,1210358.0,27508.136363636364,703981.4186148628,24275.221331546993,15,15,0.3409090909090909,0.3409090909090909,34.090909090909086,Medium,Hernandez-Boyer,Cardiologist,Georgia
4658,47,1320639.2920787227,28098.708342100483,851477.2370232851,23012.898297926626,10,20,0.2127659574468085,0.425531914893617,31.914893617021278,Medium,Ruiz Inc,Cardiologist,Pennsylvania
4659,38,1031443.0,27143.236842105263,732078.5716111232,26145.663271825826,10,14,0.2631578947368421,0.3684210526315789,31.578947368421048,Medium,"Garcia, Reeves and Austin",General Practitioner,South Dakota
4660,46,1147691.7738702951,24949.821171093372,776031.5338885603,22824.4568790753,12,17,0.2608695652173913,0.3695652173913043,31.52173913043478,Medium,Martin Ltd,General Practitioner,Kansas
4661,43,1243808.7295923666,28925.784409124804,729861.3146772332,23543.913376684945,12,14,0.27906976744186046,0.32558139534883723,30.232558139534884,Medium,Graham Inc,Cardiologist,Montana
4662,39,903104.0,23156.51282051282,674634.4348163126,22487.81449387709,9,16,0.23076923076923078,0.41025641025641024,32.05128205128205,Medium,"Parsons, Murillo and Clark",Dermatologist,Louisiana
4663,50,1448108.5370889707,28962.170741779413,954508.2473108987,25118.638087128915,12,16,0.24,0.32,28.0,Medium,"Wells, Yu and Diaz",General Practitioner,Wisconsin
4664,36,988458.6984754406,27457.18606876224,513708.5700500956,19758.02192500368,10,12,0.2777777777777778,0.3333333333333333,30.555555555555554,Medium,"Acosta, Gamble and Lynch",Dermatologist,Michigan
4665,36,793789.0,22049.694444444445,613793.4773462802,20459.782578209342,6,9,0.16666666666666666,0.25,20.833333333333332,Medium,Skinner-Vargas,Oncologist,Wyoming
4666,35,881822.0,25194.914285714287,613412.2912946523,22718.973751653786,8,12,0.22857142857142856,0.34285714285714286,28.57142857142857,Medium,Hunt and Sons,Oncologist,Kansas
4667,35,733082.0,20945.2,512699.8524181418,20507.99409672567,10,14,0.2857142857142857,0.4,34.285714285714285,Medium,Lane-Duncan,Oncologist,Pennsylvania
4668,51,1381075.5578333698,27079.912898693525,892388.799779775,23483.915783678287,13,23,0.2549019607843137,0.45098039215686275,35.294117647058826,Medium,Duncan LLC,General Practitioner,Delaware
4669,34,903785.295237792,26581.920448170353,546803.884609455,21030.91863882519,8,15,0.23529411764705882,0.4411764705882353,33.8235294117647,Medium,Wright Ltd,General Practitioner,Rhode Island
4670,33,790507.0,23954.757575757576,495491.30521575635,21543.100226772014,10,10,0.30303030303030304,0.30303030303030304,30.303030303030305,Medium,Thomas and Sons,Oncologist,New Hampshire
4671,39,1034971.8907688572,26537.740788945055,565279.9639379099,20188.57014063964,11,8,0.28205128205128205,0.20512820512820512,24.358974358974358,Medium,Hernandez-Gonzales,Dermatologist,Maryland
4672,45,1123537.3223779057,24967.49605284235,594991.3063089963,19833.043543633208,15,14,0.3333333333333333,0.3111111111111111,32.22222222222222,Medium,Callahan-Robinson,General Practitioner,Michigan
4673,43,1218136.9787757117,28328.766948272365,824716.357884178,23563.324510976516,8,12,0.18604651162790697,0.27906976744186046,23.25581395348837,Medium,"Ramos, Farrell and Gamble",General Practitioner,Illinois
4674,44,1208140.5003927757,27457.73864529036,849609.7884122154,24274.565383206154,9,18,0.20454545454545456,0.4090909090909091,30.681818181818187,Medium,Marshall LLC,Orthopedic,Iowa
4675,41,1047904.6088426497,25558.64899616219,665054.052136616,22168.468404553867,11,20,0.2682926829268293,0.4878048780487805,37.80487804878049,Medium,Trujillo and Sons,Orthopedic,Kansas
4676,32,982935.1737760741,30716.724180502315,569250.7033489331,22770.028133957327,7,13,0.21875,0.40625,31.25,Medium,"Smith, Fleming and Reese",Orthopedic,Missouri
4677,28,858489.5252272486,30660.34018668745,403723.6785574481,21248.61466091832,9,14,0.32142857142857145,0.5,41.07142857142857,Medium,Brewer Ltd,Cardiologist,Pennsylvania
4678,52,1327542.0,25529.653846153848,890754.8937019708,21208.449850046924,10,24,0.19230769230769232,0.46153846153846156,32.69230769230769,Medium,"Fox, Willis and Thompson",General Practitioner,Nevada
4679,25,518403.0,20736.12,368355.8808987302,18417.79404493651,5,7,0.2,0.28,24.0,Medium,"Scott, Nelson and Hernandez",Oncologist,West Virginia
4680,46,1192557.0,25925.152173913044,751327.8768456327,22097.878730753902,12,16,0.2608695652173913,0.34782608695652173,30.43478260869565,Medium,Snyder-Mccall,Cardiologist,Louisiana
4681,25,817531.7716615841,32701.270866463365,490135.2163284371,25796.590333075637,6,12,0.24,0.48,36.0,Medium,"Drake, Stone and Wells",Cardiologist,Iowa
4682,41,954353.0,23276.90243902439,581033.8646557948,20751.209451992672,13,16,0.3170731707317073,0.3902439024390244,35.36585365853659,Medium,Yang PLC,Cardiologist,Idaho
4683,42,979559.0,23322.833333333332,628310.0930468646,20268.067517640793,11,17,0.2619047619047619,0.40476190476190477,33.333333333333336,Medium,Ross-Gilmore,Oncologist,Utah
4684,47,1120515.0,23840.744680851065,876408.1752912123,23063.37303397927,9,22,0.19148936170212766,0.46808510638297873,32.97872340425532,Medium,King LLC,Cardiologist,Illinois
4685,45,1283056.2502203435,28512.361116007633,795002.1023505363,22714.34578144389,10,14,0.2222222222222222,0.3111111111111111,26.666666666666664,Medium,Garcia Ltd,Orthopedic,New Jersey
4686,35,837460.0,23927.428571428572,559281.1792298337,21510.814585762833,9,9,0.2571428571428571,0.2571428571428571,25.71428571428571,Medium,Gardner-Raymond,Cardiologist,Rhode Island
4687,38,944578.0,24857.315789473683,711976.1595328887,21575.035137360264,5,14,0.13157894736842105,0.3684210526315789,24.999999999999996,Medium,Lee Inc,Dermatologist,Wisconsin
4688,33,877549.0,26592.39393939394,570768.555556123,25944.025252551048,11,11,0.3333333333333333,0.3333333333333333,33.33333333333333,Medium,Henson Ltd,Orthopedic,West Virginia
4689,38,901844.0,23732.736842105263,633878.2387424328,21857.8703014632,9,8,0.23684210526315788,0.21052631578947367,22.368421052631575,Medium,Huff Ltd,General Practitioner,Arizona
4690,35,780281.0,22293.742857142857,391677.1177533808,21759.839875187823,17,9,0.4857142857142857,0.2571428571428571,37.14285714285714,Medium,Fuentes-Powell,General Practitioner,Nevada
4691,45,1184692.0,26326.48888888889,736521.7056215063,23016.303300672073,13,21,0.28888888888888886,0.4666666666666667,37.77777777777777,Medium,Arnold LLC,Orthopedic,Minnesota
4692,28,583394.0,20835.5,357656.6620027124,18824.03484224802,9,6,0.32142857142857145,0.21428571428571427,26.785714285714285,Medium,Allen PLC,General Practitioner,Montana
4693,38,947236.0,24927.263157894737,614100.051197009,24564.002047880364,13,15,0.34210526315789475,0.39473684210526316,36.84210526315789,Medium,"Phillips, Hale and Adams",Oncologist,West Virginia
4694,41,941857.0,22972.121951219513,651697.0601628621,20365.53313008944,9,14,0.21951219512195122,0.34146341463414637,28.04878048780488,Medium,Castillo PLC,Oncologist,Wisconsin
4695,29,635546.0,21915.379310344826,455687.0757295048,19812.48155345673,6,15,0.20689655172413793,0.5172413793103449,36.20689655172414,Medium,"Lane, Scott and Wilson",Cardiologist,West Virginia
4696,59,1198535.0,20314.15254237288,871994.8828073328,18956.410495811582,13,24,0.22033898305084745,0.4067796610169492,31.355932203389834,Medium,"Bishop, Burton and Pacheco",Dermatologist,Arkansas
4697,39,1092893.0,28022.897435897437,718389.0060058804,23946.300200196016,9,16,0.23076923076923078,0.41025641025641024,32.05128205128205,Medium,Mccarthy-Wade,Cardiologist,Nevada
4698,31,857832.8528730703,27672.027512034525,527563.192284844,25122.05677546876,10,9,0.3225806451612903,0.2903225806451613,30.645161290322584,Medium,Oconnor-Guzman,Dermatologist,Utah
4699,37,963754.0,26047.405405405407,694271.4394620337,24795.40855221549,9,12,0.24324324324324326,0.32432432432432434,28.37837837837838,Medium,Dorsey and Sons,General Practitioner,New Mexico
4700,48,1232788.0,25683.083333333332,831670.7513844364,23101.965316234346,12,25,0.25,0.5208333333333334,38.54166666666667,Medium,"Walker, Griffin and Lee",Orthopedic,Delaware
4701,40,1107301.0,27682.525,660140.9640829092,25390.03708011189,14,6,0.35,0.15,25.0,Medium,Murray-Lopez,Cardiologist,Maryland
4702,38,1097635.0,28885.13157894737,852714.0091380596,27506.903520582568,7,21,0.18421052631578946,0.5526315789473685,36.8421052631579,Medium,Gill-Winters,Oncologist,North Carolina
4703,38,1012093.0,26634.026315789473,689892.2356639634,24639.00841657012,10,17,0.2631578947368421,0.4473684210526316,35.526315789473685,Medium,Miller-Wood,Cardiologist,Michigan
4704,44,993596.0,22581.727272727272,621744.2232465654,18286.59480136957,10,19,0.22727272727272727,0.4318181818181818,32.95454545454545,Medium,"Villa, Robinson and Miller",Oncologist,Alabama
4705,33,866983.9106020449,26272.23971521348,631758.0792547818,22562.788544813637,5,16,0.15151515151515152,0.48484848484848486,31.81818181818182,Medium,"Burns, Parker and Collier",Orthopedic,New Mexico
4706,45,1290768.2572684875,28683.739050410833,959435.0824789419,25248.291644182682,7,20,0.15555555555555556,0.4444444444444444,30.0,Medium,Walker-Osborn,Orthopedic,Oregon
4707,46,1260623.0,27404.847826086956,850936.1179707651,24312.46051345043,11,18,0.2391304347826087,0.391304347826087,31.52173913043478,Medium,Smith LLC,Orthopedic,Georgia
4708,49,1228932.0,25080.244897959183,895779.7043944286,21848.285473034844,8,21,0.16326530612244897,0.42857142857142855,29.591836734693878,Medium,"Garza, Esparza and Burton",Cardiologist,Arkansas
4709,33,884905.0,26815.303030303032,602401.9480133433,24096.07792053373,8,10,0.24242424242424243,0.30303030303030304,27.272727272727273,Medium,"Newton, Thomas and Woods",Oncologist,Massachusetts
4710,39,976729.0,25044.333333333332,586003.1786331834,20928.68495118512,11,14,0.28205128205128205,0.358974358974359,32.05128205128205,Medium,Reed PLC,General Practitioner,Nebraska
4711,37,901386.0,24361.783783783783,545960.9008908217,20998.496188108526,11,10,0.2972972972972973,0.2702702702702703,28.37837837837838,Medium,Johnson-Ferguson,Dermatologist,Virginia
4712,35,933735.0,26678.14285714286,604874.9474836785,23264.421057064555,9,14,0.2571428571428571,0.4,32.857142857142854,Medium,"Jacobs, Horton and Walker",Orthopedic,South Dakota
4713,32,852676.0,26646.125,634415.413458054,24400.592825309766,6,12,0.1875,0.375,28.125,Medium,Allen Inc,General Practitioner,California
4714,45,1138564.0,25301.422222222223,824796.9755501255,22291.81015000339,8,13,0.17777777777777778,0.28888888888888886,23.333333333333332,Medium,Roberts Group,Cardiologist,Colorado
4715,40,1023164.0,25579.1,705349.239614397,22753.201277883774,9,17,0.225,0.425,32.5,Medium,Edwards-Smith,Dermatologist,Idaho
4716,31,809105.0,26100.16129032258,575629.6281749707,23984.567840623782,7,12,0.22580645161290322,0.3870967741935484,30.64516129032258,Medium,Cunningham-Buck,General Practitioner,Connecticut
4717,62,1368421.0242192298,22071.30684224564,781158.9343232397,17753.612143709994,18,22,0.2903225806451613,0.3548387096774194,32.25806451612903,Medium,Deleon Ltd,General Practitioner,Arizona
4718,40,1134858.0,28371.45,732653.6842366916,24421.789474556386,10,19,0.25,0.475,36.25,Medium,"Clay, Ramirez and Gonzales",Orthopedic,Louisiana
4719,37,944891.0,25537.594594594593,664101.8772131121,22900.064731486622,8,11,0.21621621621621623,0.2972972972972973,25.675675675675677,Medium,Vazquez Ltd,General Practitioner,Washington
4720,44,1197394.0,27213.5,930346.1856495566,24482.79435919886,6,16,0.13636363636363635,0.36363636363636365,25.0,Medium,Bartlett Ltd,General Practitioner,Kentucky
4721,44,968750.0,22017.045454545456,693874.1698641826,21683.567808255706,12,22,0.2727272727272727,0.5,38.63636363636363,Medium,"Wright, Murphy and Duran",Dermatologist,Indiana
4722,42,1126138.4371349835,26812.81993178532,863062.6815738658,23326.018420915294,5,19,0.11904761904761904,0.4523809523809524,28.571428571428573,Medium,Nelson-Lopez,Dermatologist,New Mexico
4723,40,838518.0,20962.95,618160.7415749616,18181.19828161652,6,16,0.15,0.4,27.5,Medium,Campbell-Jenkins,Cardiologist,Louisiana
4724,47,1074895.0,22870.106382978724,730342.484017762,21480.66129464006,13,22,0.2765957446808511,0.46808510638297873,37.23404255319149,Medium,White and Sons,Orthopedic,New Jersey
4725,31,872617.9937638219,28148.967540768448,646403.2216049561,23940.860059442817,4,14,0.12903225806451613,0.45161290322580644,29.032258064516128,Medium,"Martin, Torres and Guzman",Orthopedic,Colorado
4726,38,924369.0,24325.5,741847.0513990334,22480.213678758588,5,15,0.13157894736842105,0.39473684210526316,26.31578947368421,Medium,"Moore, Hernandez and Collins",General Practitioner,Texas
4727,36,1020600.0,28350.0,691689.1465890462,26603.428714963316,10,12,0.2777777777777778,0.3333333333333333,30.555555555555554,Medium,"Hansen, Wilson and Hansen",Orthopedic,Arizona
4728,44,1315860.6320356575,29905.923455355853,974902.3948764266,26348.713375038555,7,13,0.1590909090909091,0.29545454545454547,22.727272727272727,Medium,Green-Rodriguez,Orthopedic,New Hampshire
4729,31,813384.4787447891,26238.20899176739,477346.0090713413,21697.54586687915,9,9,0.2903225806451613,0.2903225806451613,29.03225806451613,Medium,Jensen-Walton,Oncologist,Delaware
4730,35,1088216.8951222682,31091.911289207663,567303.0527733022,23637.627198887592,11,15,0.3142857142857143,0.42857142857142855,37.14285714285714,Medium,Murray and Sons,General Practitioner,Nebraska
4731,38,1038574.8010156134,27330.91581620035,621011.558037148,21414.19165645338,9,17,0.23684210526315788,0.4473684210526316,34.21052631578947,Medium,Stewart-Jones,Oncologist,Kentucky
4732,46,1170607.0,25447.978260869564,734387.9130104741,21599.64450030806,12,21,0.2608695652173913,0.45652173913043476,35.869565217391305,Medium,"Richardson, Lindsey and Wilcox",Cardiologist,Montana
4733,42,929757.0,22137.071428571428,524667.017740791,20986.680709631637,17,14,0.40476190476190477,0.3333333333333333,36.9047619047619,Medium,Chan Group,Dermatologist,Mississippi
4734,49,997476.0,20356.65306122449,632060.9231730629,17557.247865918413,13,20,0.2653061224489796,0.40816326530612246,33.673469387755105,Medium,Logan Group,Orthopedic,Hawaii
4735,27,770145.0,28523.88888888889,517530.69389012357,25876.53469450618,7,8,0.25925925925925924,0.2962962962962963,27.777777777777775,Medium,Rivers-Moore,Orthopedic,Texas
4736,37,923782.0,24967.08108108108,609018.8621858689,23423.802391764188,11,12,0.2972972972972973,0.32432432432432434,31.08108108108108,Medium,Barnes and Sons,Oncologist,Washington
4737,54,1174557.0,21751.055555555555,796482.0986380774,19912.052465951936,14,14,0.25925925925925924,0.25925925925925924,25.925925925925924,Medium,"Lynch, Harris and Smith",Orthopedic,Colorado
4738,45,1090122.4723073668,24224.943829052594,643381.3252101175,21446.044173670583,15,14,0.3333333333333333,0.3111111111111111,32.22222222222222,Medium,Bryant-Bell,Dermatologist,Colorado
4739,39,1190797.8098177998,30533.27717481538,706829.8193115732,24373.44204522666,10,15,0.2564102564102564,0.38461538461538464,32.05128205128205,Medium,Mccullough Group,General Practitioner,Florida
4740,52,1425790.8361389644,27419.05454113393,965124.9920588055,24128.124801470138,12,17,0.23076923076923078,0.3269230769230769,27.884615384615387,Medium,Smith-Mcdaniel,Oncologist,Maryland
4741,43,1342803.8169319222,31227.99574260284,850699.4155753448,25778.770168949843,10,15,0.23255813953488372,0.3488372093023256,29.069767441860463,Medium,Henderson-Edwards,Orthopedic,Ohio
4742,40,950535.0,23763.375,686530.2644822825,20192.066602420073,6,26,0.15,0.65,40.0,Medium,Crane-Silva,Dermatologist,Alaska
4743,33,1139848.19205084,34540.85430457091,580507.4065568822,25239.452458994878,10,12,0.30303030303030304,0.36363636363636365,33.333333333333336,Medium,"Campbell, Barker and Bowman",Orthopedic,New York
4744,48,1247091.0,25981.0625,954187.4444016733,24466.344728248034,9,17,0.1875,0.3541666666666667,27.083333333333336,Medium,Ball-Barry,Orthopedic,Pennsylvania
4745,38,1081134.0,28450.894736842107,809177.3618032086,26972.57872677362,8,15,0.21052631578947367,0.39473684210526316,30.263157894736842,Medium,"Torres, Odom and Garcia",General Practitioner,Minnesota
4746,39,1146307.495777918,29392.49989174149,796807.4472432919,22765.927064094052,4,18,0.10256410256410256,0.46153846153846156,28.205128205128204,Medium,"Johnson, Jackson and Cortez",Oncologist,Idaho
4747,43,1140462.0,26522.372093023256,880175.8915182905,25147.8826148083,8,14,0.18604651162790697,0.32558139534883723,25.581395348837212,Medium,Williams LLC,Oncologist,Alabama
4748,38,908878.3630120046,23917.85165821065,519060.48713610985,17898.637487452062,9,15,0.23684210526315788,0.39473684210526316,31.57894736842105,Medium,Davis Ltd,Dermatologist,Montana
4749,34,752697.0,22138.147058823528,577128.8226972376,20611.743667758485,6,14,0.17647058823529413,0.4117647058823529,29.41176470588235,Medium,Mitchell-Johns,Oncologist,New Hampshire
4750,28,672190.0,24006.785714285714,443000.8991799291,20136.404508178595,6,10,0.21428571428571427,0.35714285714285715,28.57142857142857,Medium,"Campbell, Nicholson and Johnson",Cardiologist,Colorado
4751,31,860144.7947719337,27746.606282965604,594286.598491571,21224.521374698965,3,15,0.0967741935483871,0.4838709677419355,29.03225806451613,Medium,Butler-Gomez,General Practitioner,Nevada
4752,48,1258996.0,26229.083333333332,915565.6329245806,23476.04186986104,9,22,0.1875,0.4583333333333333,32.291666666666664,Medium,"Davis, Frye and Moore",Orthopedic,Missouri
4753,35,995203.0,28434.371428571427,647782.6097802202,25911.304391208807,10,19,0.2857142857142857,0.5428571428571428,41.42857142857143,Medium,"Johnson, Cross and Stokes",Oncologist,Illinois
4754,50,1447906.8059729743,28958.136119459487,852522.0637410174,25834.00193154598,17,21,0.34,0.42,38.0,Medium,Andrade-Smith,Cardiologist,Washington
4755,50,1222655.0,24453.1,686701.9592076865,20197.116447284898,16,16,0.32,0.32,32.0,Medium,"Horton, Rojas and Thornton",Oncologist,West Virginia
4756,44,1080782.4415485496,24563.23730792158,657043.6008002374,21901.453360007912,14,16,0.3181818181818182,0.36363636363636365,34.09090909090909,Medium,"Taylor, Howard and Moran",Orthopedic,Illinois
4757,46,1038533.0,22576.804347826088,716715.74236748,21718.658859620606,13,16,0.2826086956521739,0.34782608695652173,31.52173913043478,Medium,Chapman Inc,Oncologist,Minnesota
4758,42,1119819.6393451483,26662.372365360676,632512.1402802477,21810.763457939574,13,18,0.30952380952380953,0.42857142857142855,36.904761904761905,Medium,"Russell, Hinton and Stevens",Orthopedic,Virginia
4759,34,996295.0,29302.79411764706,649361.1288686761,24975.428033410622,8,11,0.23529411764705882,0.3235294117647059,27.941176470588232,Medium,Reese Inc,Dermatologist,Nebraska
4760,41,1183971.6818682598,28877.3580943478,873078.0050295739,28163.806613857225,10,15,0.24390243902439024,0.36585365853658536,30.48780487804878,Medium,Hill PLC,Oncologist,Virginia
4761,54,1294048.0,23963.85185185185,971165.1636048544,22071.935536473964,10,23,0.18518518518518517,0.42592592592592593,30.555555555555557,Medium,"Hayes, Bradley and Davidson",General Practitioner,Florida
4762,45,1320283.4071976412,29339.631271058694,935214.6453359349,25978.18459266486,9,23,0.2,0.5111111111111111,35.55555555555556,Medium,Martinez and Sons,Orthopedic,Vermont
4763,36,856859.0,23801.63888888889,650268.681142807,21675.622704760233,6,15,0.16666666666666666,0.4166666666666667,29.166666666666668,Medium,"Kane, Williams and Norris",General Practitioner,Mississippi
4764,44,1092977.626510169,24840.40060250384,616629.1425975708,21263.073882674853,15,12,0.3409090909090909,0.2727272727272727,30.68181818181818,Medium,Neal-Hall,Dermatologist,Rhode Island
4765,51,1449458.0,28420.745098039217,1000103.3406741385,26318.508965108907,13,18,0.2549019607843137,0.35294117647058826,30.392156862745097,Medium,"Jones, Thompson and Mayer",General Practitioner,Oklahoma
4766,35,805300.0,23008.571428571428,570268.2154246009,22810.728616984034,10,15,0.2857142857142857,0.42857142857142855,35.71428571428571,Medium,Espinoza PLC,General Practitioner,New Jersey
4767,46,1347955.70979035,29303.38499544239,842889.4938788607,24082.556967967448,11,19,0.2391304347826087,0.41304347826086957,32.608695652173914,Medium,Hart Ltd,Dermatologist,Nevada
4768,43,931653.0,21666.3488372093,490361.87218129623,18860.072006972932,17,11,0.3953488372093023,0.2558139534883721,32.55813953488372,Medium,"Newman, Gibson and Kennedy",Oncologist,New Hampshire
4769,41,1179375.0,28765.243902439026,821062.0969711073,26485.87409584217,10,19,0.24390243902439024,0.4634146341463415,35.36585365853659,Medium,Wilson-Everett,Dermatologist,Maryland
4770,40,955611.0,23890.275,716465.5985104039,21711.07874273951,7,16,0.175,0.4,28.75,Medium,Thomas-Chan,Cardiologist,Tennessee
4771,47,1243411.0,26455.55319148936,880923.3276395261,25169.237932557888,12,20,0.2553191489361702,0.425531914893617,34.04255319148936,Medium,"Taylor, Johnson and Jackson",Orthopedic,Arizona
4772,33,877635.1089204454,26595.00330061956,545433.3454231299,20978.2055931973,7,10,0.21212121212121213,0.30303030303030304,25.757575757575758,Medium,Ortega-Hayes,Orthopedic,North Carolina
4773,45,1164133.0,25869.62222222222,742281.5594753941,25595.915843979106,16,19,0.35555555555555557,0.4222222222222222,38.888888888888886,Medium,"Brown, Rhodes and Williamson",Oncologist,Washington
4774,43,1173056.0724004875,27280.373776755525,812910.3994670177,23226.011413343364,8,22,0.18604651162790697,0.5116279069767442,34.88372093023256,Medium,Watts-Joyce,Dermatologist,Wisconsin
4775,40,1104278.81924765,27606.97048119125,732846.7954788734,22901.462358714794,8,17,0.2,0.425,31.25,Medium,Alvarez-Leblanc,Orthopedic,Wisconsin
4776,50,1226690.0,24533.8,724759.3767149581,20132.204908748838,14,16,0.28,0.32,30.0,Medium,Lee-Dominguez,Orthopedic,South Carolina
4777,35,1188558.8321085076,33958.82377452879,611371.0989819156,26581.352129648505,12,7,0.34285714285714286,0.2,27.142857142857142,Medium,Gregory Group,General Practitioner,Connecticut
4778,43,1159778.0,26971.581395348836,845002.6824788433,25606.14189329828,10,20,0.23255813953488372,0.46511627906976744,34.883720930232556,Medium,White-Johnson,Dermatologist,Minnesota
4779,42,1242789.400320203,29590.223817147693,664772.1079125479,22923.176134915444,13,17,0.30952380952380953,0.40476190476190477,35.714285714285715,Medium,"Norris, Bernard and Mann",General Practitioner,Colorado
4780,41,865503.0,21109.829268292684,651779.0177444415,19750.879325589136,8,19,0.1951219512195122,0.4634146341463415,32.926829268292686,Medium,Hall Group,Cardiologist,California
4781,37,1171321.0296128478,31657.325124671563,841688.2694030609,27151.234496872934,6,15,0.16216216216216217,0.40540540540540543,28.37837837837838,Medium,"Hicks, Murray and Wilcox",Cardiologist,New Mexico
4782,39,994011.0,25487.46153846154,576297.3425512516,22165.282405817372,13,13,0.3333333333333333,0.3333333333333333,33.33333333333333,Medium,Short and Sons,Cardiologist,Kentucky
4783,35,833096.0,23802.742857142857,566594.1384678767,20235.50494528131,7,15,0.2,0.42857142857142855,31.428571428571427,Medium,Payne-Hall,Oncologist,West Virginia
4784,36,1168077.7534258515,32446.60426182921,652248.8570806195,26089.954283224783,11,11,0.3055555555555556,0.3055555555555556,30.555555555555557,Medium,"Morgan, Garza and Pearson",Dermatologist,Utah
4785,50,1257180.0,25143.6,716208.5304936258,21064.95677922429,16,16,0.32,0.32,32.0,Medium,"Collins, Peters and Smith",Oncologist,Missouri
4786,42,1128725.699445814,26874.42141537652,758192.2043196787,23693.50638498996,10,21,0.23809523809523808,0.5,36.904761904761905,Medium,Hughes LLC,Cardiologist,Washington
4787,43,1117311.0,25983.976744186046,758364.8059022276,22980.7516940069,10,16,0.23255813953488372,0.37209302325581395,30.232558139534884,Medium,Murray-Jones,Oncologist,Georgia
4788,39,991713.0,25428.53846153846,581678.9705158729,22372.268096764343,13,14,0.3333333333333333,0.358974358974359,34.61538461538461,Medium,"Holt, Skinner and Berg",Orthopedic,Rhode Island
4789,35,1312263.9145525848,37493.254701502425,743343.2848059494,28590.126338690363,9,14,0.2571428571428571,0.4,32.857142857142854,Medium,"Bush, Cruz and Hampton",Oncologist,Arkansas
4790,32,824951.0,25779.71875,509903.92951312586,22169.73606578808,9,12,0.28125,0.375,32.8125,Medium,"Brown, Lopez and Soto",Dermatologist,Alabama
4791,36,1043666.3684043661,28990.732455676836,671660.6216818433,23160.711092477355,7,13,0.19444444444444445,0.3611111111111111,27.77777777777778,Medium,Richardson-Johnson,General Practitioner,South Carolina
4792,42,924151.0,22003.595238095237,578844.9823565506,19294.832745218355,12,17,0.2857142857142857,0.40476190476190477,34.52380952380952,Medium,Harper-Stone,Dermatologist,Connecticut
4793,55,1368639.0,24884.345454545455,936654.0503058272,21782.652332693655,12,21,0.21818181818181817,0.38181818181818183,30.0,Medium,May Group,General Practitioner,Iowa
4794,44,1250970.0,28431.136363636364,878885.7784134992,25849.581718044094,10,21,0.22727272727272727,0.4772727272727273,35.22727272727273,Medium,Proctor-Ashley,Oncologist,Minnesota
4795,25,614026.0,24561.04,421565.4813399671,23420.30451888706,7,6,0.28,0.24,26.0,Medium,Gibson LLC,Oncologist,Texas
4796,43,1032602.0,24014.0,772967.895105695,21471.33041960264,7,22,0.16279069767441862,0.5116279069767442,33.720930232558146,Medium,"Garcia, Wallace and Herrera",Dermatologist,Vermont
4797,43,1099720.0,25574.883720930233,638431.7380127477,22014.887517680956,14,18,0.32558139534883723,0.4186046511627907,37.2093023255814,Medium,Black-Brown,General Practitioner,Maryland
4798,41,1173158.5345044134,28613.62279279057,753743.5018840062,22840.71217830322,8,19,0.1951219512195122,0.4634146341463415,32.926829268292686,Medium,Smith and Sons,Cardiologist,Utah
4799,46,1350678.8909132218,29362.58458507004,995508.8264023392,25525.867343649723,7,16,0.15217391304347827,0.34782608695652173,25.0,Medium,Brooks-Weaver,Cardiologist,Maryland
4800,44,1143771.4422208285,25994.80550501883,767732.2715251159,23991.633485159873,12,18,0.2727272727272727,0.4090909090909091,34.09090909090909,Medium,Simon-Murphy,Oncologist,Texas
4801,34,900159.2183873178,26475.27112903876,494759.01387462264,20614.95891144261,10,13,0.29411764705882354,0.38235294117647056,33.82352941176471,Medium,Johnson Group,Oncologist,Oregon
4802,44,1088299.0,24734.06818181818,719817.1931187783,23993.90643729261,14,17,0.3181818181818182,0.38636363636363635,35.22727272727273,Medium,Martinez Ltd,Orthopedic,Missouri
4803,42,974878.0,23211.380952380954,636836.6481014036,21227.888270046788,12,18,0.2857142857142857,0.42857142857142855,35.71428571428571,Medium,Cruz-Kelly,Oncologist,Tennessee
4804,34,1066128.5521150872,31356.722121031977,670426.1177712722,25785.6199142797,8,17,0.23529411764705882,0.5,36.76470588235294,Medium,Underwood-Stanley,Oncologist,South Carolina
4805,33,761496.0,23075.636363636364,549222.999590962,21968.91998363848,8,9,0.24242424242424243,0.2727272727272727,25.757575757575758,Medium,"Burns, Shaw and Wong",Orthopedic,Louisiana
4806,35,1032196.0,29491.314285714285,651413.3775762202,27142.22406567584,11,11,0.3142857142857143,0.3142857142857143,31.428571428571427,Medium,Chapman-Prince,Orthopedic,Oregon
4807,32,897032.0,28032.25,700819.2405250942,25029.258590181937,4,11,0.125,0.34375,23.4375,Medium,White LLC,Dermatologist,Kentucky
4808,41,1184576.2052025045,28892.102565914745,760844.1696048853,21134.560266802368,5,20,0.12195121951219512,0.4878048780487805,30.48780487804878,Medium,Harris-Ramos,Oncologist,Maryland
4809,34,978755.5452114418,28786.927800336525,644044.7881957873,23001.599578420977,6,14,0.17647058823529413,0.4117647058823529,29.41176470588235,Medium,Lynn and Sons,Cardiologist,Hawaii
4810,37,859629.0,23233.216216216217,547442.1638965105,19551.505853446804,9,19,0.24324324324324326,0.5135135135135135,37.83783783783784,Medium,Huang PLC,Oncologist,Wisconsin
4811,48,1087176.0,22649.5,577024.9022284942,18613.70652349981,17,15,0.3541666666666667,0.3125,33.333333333333336,Medium,Foley LLC,Oncologist,Utah
4812,35,1010617.0,28874.77142857143,642208.6041668388,23785.50385803107,8,12,0.22857142857142856,0.34285714285714286,28.57142857142857,Medium,Hawkins-Wood,General Practitioner,South Dakota
4813,50,1150708.35529556,23014.1671059112,740850.0943562556,20022.975523142042,13,16,0.26,0.32,29.0,Medium,"Hartman, Wilkins and Jenkins",General Practitioner,Alaska
4814,41,975410.0,23790.48780487805,677675.4977763346,21177.359305510457,9,18,0.21951219512195122,0.43902439024390244,32.926829268292686,Medium,Guerrero Group,Dermatologist,Mississippi
4815,30,830335.0,27677.833333333332,565845.3840092145,25720.244727691566,8,10,0.26666666666666666,0.3333333333333333,30.0,Medium,"Harris, Gregory and Wilson",Cardiologist,Missouri
4816,40,975857.8020624825,24396.445051562063,717443.8646096595,21101.290135578223,6,17,0.15,0.425,28.75,Medium,Griffin-Thomas,General Practitioner,Texas
4817,40,1190931.5073721125,29773.287684302813,768138.786387092,24004.337074596624,8,13,0.2,0.325,26.25,Medium,"Daniels, Taylor and Murray",Cardiologist,Wisconsin
4818,49,1217883.0,24854.755102040817,753983.0475052359,20943.97354181211,13,22,0.2653061224489796,0.4489795918367347,35.714285714285715,Medium,Cox-Sherman,Orthopedic,New Jersey
4819,39,1030061.0,26411.82051282051,694726.5772456246,24811.663473058023,11,21,0.28205128205128205,0.5384615384615384,41.02564102564102,Medium,Holmes Ltd,Oncologist,Texas
4820,34,907122.0,26680.058823529413,623983.8182490009,24959.35272996004,9,16,0.2647058823529412,0.47058823529411764,36.76470588235294,Medium,"Sellers, Kane and Mason",Dermatologist,Washington
4821,47,1157104.0,24619.23404255319,734466.8420012351,22952.088812538597,15,19,0.3191489361702128,0.40425531914893614,36.170212765957444,Medium,Brady-Wyatt,Cardiologist,Montana
4822,42,1088034.0,25905.571428571428,780661.254614599,22960.6251357235,8,16,0.19047619047619047,0.38095238095238093,28.57142857142857,Medium,Rivera-King,General Practitioner,Ohio
4823,41,1165820.0,28434.634146341465,653883.074584398,25149.349022476843,15,14,0.36585365853658536,0.34146341463414637,35.36585365853659,Medium,Salas Inc,Oncologist,Iowa
4824,46,1223366.9972602634,26594.934723049206,754448.3665210728,23576.511453783525,14,12,0.30434782608695654,0.2608695652173913,28.26086956521739,Medium,"Kelley, Johnson and Patterson",Oncologist,Nevada
4825,44,1120048.0,25455.636363636364,792950.3394510365,22655.72398431533,9,17,0.20454545454545456,0.38636363636363635,29.545454545454547,Medium,"Vargas, Castaneda and Swanson",Oncologist,Hawaii
4826,51,1326223.0,26004.37254901961,992056.7828729908,24801.419571824772,11,16,0.21568627450980393,0.3137254901960784,26.470588235294116,Medium,Campbell-Hamilton,Dermatologist,Maryland
4827,36,944477.5786300111,26235.488295278086,514720.03389082133,19796.924380416203,10,13,0.2777777777777778,0.3611111111111111,31.944444444444443,Medium,"Jones, Reyes and Boone",Orthopedic,Washington
4828,31,746346.0,24075.677419354837,437847.29805786134,20849.871336088636,10,13,0.3225806451612903,0.41935483870967744,37.096774193548384,Medium,"Williams, Hopkins and Hernandez",Oncologist,Connecticut
4829,47,1203918.0,25615.27659574468,857164.3503584978,23166.604063743183,10,12,0.2127659574468085,0.2553191489361702,23.404255319148938,Medium,Allen PLC,Oncologist,Michigan
4830,37,1010659.0067349169,27315.108290132892,568842.2040795609,21878.546310752343,11,15,0.2972972972972973,0.40540540540540543,35.13513513513514,Medium,Brooks Ltd,Oncologist,Maryland
4831,42,1162078.9381571552,27668.546146598932,711757.1316710229,21568.397929424937,9,16,0.21428571428571427,0.38095238095238093,29.76190476190476,Medium,"Wagner, Silva and Small",Orthopedic,Florida
4832,46,1069532.915672033,23250.715558087675,733255.5439634466,19817.717404417475,9,18,0.1956521739130435,0.391304347826087,29.347826086956523,Medium,Harris Ltd,General Practitioner,Virginia
4833,48,1287931.3291406354,26831.902690429906,797548.4101996894,22787.097434276842,13,21,0.2708333333333333,0.4375,35.416666666666664,Medium,"Chavez, Hickman and Nash",Cardiologist,New Hampshire
4834,50,1047967.0,20959.34,671413.9261470892,18146.32232829971,13,21,0.26,0.42,34.0,Medium,"Alvarez, Mcguire and Sparks",Oncologist,Alabama
4835,35,919899.1636734768,26282.83324781362,512633.14144016494,20505.325657606598,10,17,0.2857142857142857,0.4857142857142857,38.57142857142857,Medium,Johnson Inc,Oncologist,West Virginia
4836,32,819119.2222379673,25597.47569493648,484011.5554715815,23048.16930817055,11,10,0.34375,0.3125,32.8125,Medium,Barron-Donovan,General Practitioner,Virginia
4837,41,953604.2361575419,23258.639906281507,617435.2083992697,22051.25744283106,13,17,0.3170731707317073,0.4146341463414634,36.58536585365854,Medium,Henderson PLC,Orthopedic,Illinois
4838,43,1099848.0,25577.86046511628,726989.0731587891,23451.260424477066,12,16,0.27906976744186046,0.37209302325581395,32.55813953488372,Medium,Fernandez Inc,Orthopedic,Florida
4839,37,1089060.40375877,29434.064966453247,713681.611435489,25488.628979838893,9,13,0.24324324324324326,0.35135135135135137,29.729729729729733,Medium,Newton-Sims,Cardiologist,New Hampshire
4840,43,1051595.0,24455.697674418603,701746.45837206,21929.576824126874,11,16,0.2558139534883721,0.37209302325581395,31.395348837209305,Medium,Campbell-Wright,Orthopedic,Oregon
4841,46,1286800.171004633,27973.91676097028,812680.316795973,23902.36225870509,12,16,0.2608695652173913,0.34782608695652173,30.43478260869565,Medium,"Jordan, Madden and Duran",Orthopedic,Maryland
4842,41,1035079.0,25245.829268292684,700414.7306268852,24152.23209058225,12,13,0.2926829268292683,0.3170731707317073,30.487804878048777,Medium,"Moore, Miller and Meza",General Practitioner,Utah
4843,30,871167.7187962908,29038.92395987636,569026.3523147159,23709.431346446494,6,14,0.2,0.4666666666666667,33.33333333333333,Medium,"Rowe, Peterson and Fuller",General Practitioner,California
4844,37,913363.8691733887,24685.509977659152,611308.4377681902,23511.862991084236,11,14,0.2972972972972973,0.3783783783783784,33.78378378378378,Medium,"Jenkins, Davis and Wright",General Practitioner,South Dakota
4845,42,1017697.0,24230.880952380954,789367.8024763592,20772.83690727261,4,17,0.09523809523809523,0.40476190476190477,25.0,Medium,Aguilar Ltd,Cardiologist,Alaska
4846,38,1008980.0,26552.105263157893,711729.3065017994,25418.90380363569,10,14,0.2631578947368421,0.3684210526315789,31.578947368421048,Medium,"Watson, Harris and Gray",Orthopedic,Indiana
4847,46,1152587.0,25056.239130434784,791634.3124507135,21989.842012519817,10,21,0.21739130434782608,0.45652173913043476,33.69565217391305,Medium,Mcfarland LLC,General Practitioner,Arizona
4848,40,858259.0,21456.475,606900.675848966,18965.646120280187,8,16,0.2,0.4,30.0,Medium,Ross Ltd,Dermatologist,Mississippi
4849,34,944383.0,27775.970588235294,398342.1093726719,23431.888786627762,17,6,0.5,0.17647058823529413,33.82352941176471,Medium,Howard-Klein,Oncologist,Minnesota
4850,37,973270.0,26304.594594594593,580175.0240235885,22314.42400090725,11,13,0.2972972972972973,0.35135135135135137,32.432432432432435,Medium,Alvarez-Frank,Dermatologist,Utah
4851,36,927864.0,25774.0,621486.9102288076,23018.033712178058,9,14,0.25,0.3888888888888889,31.944444444444446,Medium,Smith PLC,Cardiologist,Iowa
4852,45,1175781.9463008852,26128.487695575226,681252.9963266588,20644.03019171693,12,15,0.26666666666666666,0.3333333333333333,30.0,Medium,"Sanchez, French and Bailey",Orthopedic,New York
4853,40,995595.0,24889.875,626082.5205229864,22360.090018678085,12,18,0.3,0.45,37.5,Medium,Harris-Jimenez,Orthopedic,Wisconsin
4854,39,1078640.5708034676,27657.45053342225,631797.2280051404,22564.186714469302,11,14,0.28205128205128205,0.358974358974359,32.05128205128205,Medium,Brown-Payne,Oncologist,Maryland
4855,43,1027819.6766531914,23902.783177981197,652016.4274891475,20375.51335903586,11,18,0.2558139534883721,0.4186046511627907,33.720930232558146,Medium,Jackson Ltd,Cardiologist,Louisiana
4856,39,995860.0,25534.871794871793,719125.8240374196,23970.86080124732,9,17,0.23076923076923078,0.4358974358974359,33.333333333333336,Medium,"Wheeler, Weiss and Salas",Cardiologist,Alabama
4857,33,1116504.4721941873,33833.46885436931,511620.86202711676,21317.535917796533,9,9,0.2727272727272727,0.2727272727272727,27.27272727272727,Medium,Rogers-Lewis,Dermatologist,Mississippi
4858,42,1194064.1125840305,28430.097918667394,822163.6692587475,22837.879701631875,6,19,0.14285714285714285,0.4523809523809524,29.761904761904763,Medium,"Fischer, Rivera and Bailey",Cardiologist,Oregon
4859,42,979728.1626200652,23326.861014763457,580479.1189582812,19349.30396527604,12,12,0.2857142857142857,0.2857142857142857,28.57142857142857,Medium,White and Sons,Orthopedic,Virginia
4860,44,1122066.0,25501.5,682213.1257948702,22740.437526495673,14,15,0.3181818181818182,0.3409090909090909,32.95454545454545,Medium,Williams Ltd,Orthopedic,Wisconsin
4861,44,1127998.0,25636.31818181818,837575.4002232841,23930.72572066526,9,19,0.20454545454545456,0.4318181818181818,31.81818181818182,Medium,Perkins-Murphy,Orthopedic,Florida
4862,37,1002095.0,27083.64864864865,776319.8016441384,25877.32672147128,7,13,0.1891891891891892,0.35135135135135137,27.027027027027028,Medium,"Sanchez, Lyons and Ferguson",Orthopedic,Tennessee
4863,42,1024393.0,24390.309523809523,729745.1083205685,23540.164784534467,11,17,0.2619047619047619,0.40476190476190477,33.333333333333336,Medium,White-Jones,Dermatologist,Alaska
4864,40,970693.0,24267.325,704578.2868814457,22018.071465045177,8,15,0.2,0.375,28.75,Medium,Hudson Inc,Orthopedic,Wisconsin
4865,41,1081224.2490138654,26371.323146679642,671060.8378520762,22368.694595069206,11,14,0.2682926829268293,0.34146341463414637,30.487804878048784,Medium,King-Rice,Orthopedic,Indiana
4866,35,1006054.0,28744.4,725445.9498802517,26868.368514083395,8,13,0.22857142857142856,0.37142857142857144,30.0,Medium,Hayes-Martinez,Oncologist,New York
4867,43,1152788.0,26809.023255813954,662851.5511750842,24550.057450929045,16,15,0.37209302325581395,0.3488372093023256,36.04651162790698,Medium,Hernandez-Miller,Dermatologist,South Dakota
4868,39,1016590.0,26066.410256410258,714041.7698493057,23033.605479009864,8,16,0.20512820512820512,0.41025641025641024,30.769230769230766,Medium,Gordon-Romero,Dermatologist,Colorado
4869,37,1267671.9395586536,34261.403771855505,765761.3339958931,25525.377799863105,7,18,0.1891891891891892,0.4864864864864865,33.78378378378379,Medium,Schroeder Inc,Cardiologist,Hawaii
4870,40,962092.0,24052.3,506284.4014203595,19472.476977706134,14,18,0.35,0.45,40.0,Medium,Rodriguez-Phillips,Cardiologist,Virginia
4871,45,1149704.0,25548.977777777778,970905.2463064878,24272.631157662196,5,16,0.1111111111111111,0.35555555555555557,23.333333333333336,Medium,"Terry, Weber and Payne",General Practitioner,South Dakota
4872,41,962881.0,23484.90243902439,681761.7192647569,20659.446038325965,8,15,0.1951219512195122,0.36585365853658536,28.048780487804876,Medium,Jones-Powers,Orthopedic,New Mexico
4873,43,1203167.8574005873,27980.647846525288,924034.243750491,26400.97839287117,8,17,0.18604651162790697,0.3953488372093023,29.069767441860463,Medium,Payne Inc,Orthopedic,Kentucky
4874,39,1191062.0,30540.05128205128,941520.866731671,28530.935355505182,6,16,0.15384615384615385,0.41025641025641024,28.205128205128204,Medium,Yang PLC,Oncologist,Illinois
4875,31,843754.0,27217.870967741936,550885.5195224028,26232.643786781086,10,17,0.3225806451612903,0.5483870967741935,43.54838709677419,Medium,Phillips Inc,Dermatologist,Oklahoma
4876,32,897027.0,28032.09375,758298.4354039021,26148.221910479384,3,16,0.09375,0.5,29.6875,Medium,Delacruz-Ward,Dermatologist,West Virginia
4877,34,763778.0,22464.058823529413,592731.0133246185,21168.964761593517,6,18,0.17647058823529413,0.5294117647058824,35.294117647058826,Medium,"Johnson, Wilson and Bowman",Oncologist,Arizona
4878,43,1029611.0,23944.441860465115,719730.878113109,21810.02660948815,10,21,0.23255813953488372,0.4883720930232558,36.04651162790697,Medium,Weeks-Proctor,Dermatologist,Rhode Island
4879,32,729072.0,22783.5,421190.6162737067,20056.696013033652,11,9,0.34375,0.28125,31.25,Medium,Lowe and Sons,Oncologist,North Dakota
4880,40,1029652.1106747856,25741.302766869638,694950.9524996609,21717.217265614403,8,11,0.2,0.275,23.75,Medium,"Walsh, Jenkins and Bryan",Orthopedic,Alabama
4881,40,977501.0,24437.525,579775.5453764447,19992.260185394643,11,16,0.275,0.4,33.75,Medium,Avery PLC,Orthopedic,Minnesota
4882,47,1249663.0,26588.574468085106,872994.3288552645,24249.84246820179,11,16,0.23404255319148937,0.3404255319148936,28.72340425531915,Medium,"Miller, Cameron and Mckenzie",Oncologist,Alaska
4883,43,1058000.0,24604.6511627907,699790.0638980106,21205.75951206093,10,19,0.23255813953488372,0.4418604651162791,33.72093023255814,Medium,"Collins, Rivera and Anderson",Orthopedic,Colorado
4884,41,1067044.6653103866,26025.479641716745,725504.6298949167,23403.375157900537,10,18,0.24390243902439024,0.43902439024390244,34.146341463414636,Medium,"Fischer, Blackburn and Robbins",Cardiologist,Nevada
4885,41,1329773.2611717172,32433.49417491993,791386.4206798439,24730.82564624512,9,14,0.21951219512195122,0.34146341463414637,28.04878048780488,Medium,"Morales, Hester and Mccall",Cardiologist,West Virginia
4886,40,1121622.0,28040.55,738470.3649377958,24615.67883125986,10,11,0.25,0.275,26.25,Medium,"Abbott, Moore and Mcbride",General Practitioner,Minnesota
4887,36,972708.0,27019.666666666668,669548.0673676913,23087.864391989355,7,17,0.19444444444444445,0.4722222222222222,33.333333333333336,Medium,Perez-Lewis,Oncologist,Indiana
4888,37,1020202.0,27573.027027027027,694143.7295764672,24790.84748487383,9,11,0.24324324324324326,0.2972972972972973,27.027027027027028,Medium,"Mcdonald, Howe and Peters",Dermatologist,Arizona
4889,43,1011109.8374718887,23514.18226678811,663729.9996087933,17938.648638075494,6,18,0.13953488372093023,0.4186046511627907,27.906976744186046,Medium,"Shepherd, Dawson and Martin",Dermatologist,South Carolina
4890,38,1021850.0,26890.78947368421,761218.0625817608,24555.421373605186,7,15,0.18421052631578946,0.39473684210526316,28.94736842105263,Medium,Fletcher LLC,General Practitioner,Idaho
4891,52,1398980.0,26903.46153846154,973361.732012474,25614.782421380893,14,13,0.2692307692307692,0.25,25.96153846153846,Medium,Brown-Mann,Cardiologist,Georgia
4892,30,742922.2289297606,24764.074297658688,467173.9241169739,21235.17836895336,8,12,0.26666666666666666,0.4,33.333333333333336,Medium,"Williams, Williams and Johnson",Oncologist,Montana
4893,25,803056.9747519273,32122.27899007709,339499.73599419283,19970.572705540755,8,11,0.32,0.44,38.0,Medium,Walker-Friedman,General Practitioner,Massachusetts
4894,44,1317254.7361950844,29937.607640797374,662553.6552965475,24539.0242702425,17,17,0.38636363636363635,0.38636363636363635,38.63636363636363,Medium,Myers-Williams,Cardiologist,Montana
4895,35,902090.4825287176,25774.01378653479,528826.2997918436,20339.47306891706,9,8,0.2571428571428571,0.22857142857142856,24.285714285714285,Medium,"Richards, Roman and Wilson",Oncologist,North Dakota
4896,34,828888.0,24379.058823529413,595072.179794328,19835.7393264776,4,15,0.11764705882352941,0.4411764705882353,27.941176470588236,Medium,Newman-Sanders,Orthopedic,South Dakota
4897,39,889090.0,22797.17948717949,629099.1827154845,19659.34945985889,7,16,0.1794871794871795,0.41025641025641024,29.487179487179485,Medium,Booker Ltd,Cardiologist,North Dakota
4898,42,965937.0,22998.5,633538.6711005673,20436.731325824752,11,14,0.2619047619047619,0.3333333333333333,29.76190476190476,Medium,"Welch, Gutierrez and Carney",Oncologist,Louisiana
4899,35,1248341.3614300787,35666.89604085939,726844.7760285151,25063.61296650052,6,15,0.17142857142857143,0.42857142857142855,30.0,Medium,Jones-Thomas,Cardiologist,Tennessee
4900,29,643189.0,22178.931034482757,408432.5290334526,20421.62645167263,9,10,0.3103448275862069,0.3448275862068966,32.758620689655174,Medium,Thomas PLC,Cardiologist,Kansas
4901,34,825448.5420428418,24277.8982953777,462919.79967423185,18516.791986969274,9,14,0.2647058823529412,0.4117647058823529,33.8235294117647,Medium,Swanson-Luna,General Practitioner,Arkansas
4902,42,967559.0,23037.119047619046,646478.2284987943,19590.24934844831,9,17,0.21428571428571427,0.40476190476190477,30.95238095238095,Medium,Russell-Kim,Orthopedic,Florida
4903,48,1331781.0,27745.4375,919482.8851828204,27043.61427008295,14,16,0.2916666666666667,0.3333333333333333,31.25,Medium,Roberts-Lamb,Oncologist,Maryland
4904,41,1053100.0,25685.365853658535,741291.920188087,23912.642586712485,10,15,0.24390243902439024,0.36585365853658536,30.48780487804878,Medium,"Coleman, Johnson and Rodriguez",Cardiologist,Idaho
4905,32,983774.7769193007,30742.961778728146,602350.4808183005,24094.019232732022,7,9,0.21875,0.28125,25.0,Medium,"Riley, Smith and Williams",Dermatologist,Missouri
4906,38,1121539.0141538824,29514.184582996906,739364.7169108934,26405.882746817624,10,20,0.2631578947368421,0.5263157894736842,39.473684210526315,Medium,Tucker PLC,Orthopedic,New Hampshire
4907,38,953130.0,25082.36842105263,595177.6404973294,24799.06835405539,14,8,0.3684210526315789,0.21052631578947367,28.94736842105263,Medium,"Garcia, Vargas and Mills",Cardiologist,South Carolina
4908,39,1087745.9955197077,27890.922962043787,562025.1113861382,23417.712974422426,15,14,0.38461538461538464,0.358974358974359,37.17948717948718,Medium,Vance PLC,Dermatologist,Rhode Island
4909,42,1122973.2993909721,26737.45950930886,712371.8706978608,22979.737764447123,11,19,0.2619047619047619,0.4523809523809524,35.714285714285715,Medium,Carter Inc,General Practitioner,Washington
4910,34,896257.0,26360.5,711211.0210891258,24524.517968590542,5,14,0.14705882352941177,0.4117647058823529,27.941176470588232,Medium,Watts Group,Oncologist,Maine
4911,31,693682.0,22376.83870967742,564453.3868730257,20905.680995297247,4,16,0.12903225806451613,0.5161290322580645,32.25806451612903,Medium,Martinez PLC,Orthopedic,Texas
4912,47,1179803.0,25102.191489361703,816316.8692591735,23323.33912169067,12,19,0.2553191489361702,0.40425531914893614,32.97872340425532,Medium,Freeman-Turner,Orthopedic,Louisiana
4913,45,1214478.0,26988.4,672078.4210160697,24002.80075057392,17,9,0.37777777777777777,0.2,28.88888888888889,Medium,Pena PLC,Oncologist,Alabama
4914,37,943885.0,25510.405405405407,692620.3851412379,23883.461556594408,8,13,0.21621621621621623,0.35135135135135137,28.37837837837838,Medium,Chaney-Walker,Cardiologist,Wisconsin
4915,47,1315827.0,27996.31914893617,617054.4290101053,21277.73893138294,18,18,0.3829787234042553,0.3829787234042553,38.297872340425535,Medium,Holt-Green,Oncologist,Kansas
4916,43,1098709.388694663,25551.381132434024,681690.8796869711,21990.028376999067,12,11,0.27906976744186046,0.2558139534883721,26.74418604651163,Medium,Scott LLC,Oncologist,Idaho
4917,42,1111164.0,26456.285714285714,807991.730005249,23764.462647213208,8,16,0.19047619047619047,0.38095238095238093,28.57142857142857,Medium,Anderson-Mcfarland,Orthopedic,Arizona
4918,45,1187397.0,26386.6,822948.1880078951,25717.130875246723,13,16,0.28888888888888886,0.35555555555555557,32.22222222222222,Medium,"Diaz, Campbell and Spence",Cardiologist,Nevada
4919,37,917407.7987483799,24794.805371577837,637248.8801755358,21241.62933918453,7,12,0.1891891891891892,0.32432432432432434,25.675675675675677,Medium,"Butler, Young and Richardson",Oncologist,Iowa
4920,47,1309586.9819883984,27863.552808263794,915897.3850138723,24753.983378753306,10,18,0.2127659574468085,0.3829787234042553,29.787234042553195,Medium,Richardson-Ellis,Cardiologist,Ohio
4921,38,1178327.4892052892,31008.618136981295,678841.1793023208,24244.327832225743,10,16,0.2631578947368421,0.42105263157894735,34.21052631578947,Medium,"Colon, Bird and Sandoval",General Practitioner,Massachusetts
4922,31,595152.0,19198.451612903227,337794.6941269547,16085.461625093081,10,8,0.3225806451612903,0.25806451612903225,29.032258064516128,Medium,Johnson-Gutierrez,Orthopedic,Massachusetts
4923,36,757094.0,21030.38888888889,584021.9080611627,19467.39693537209,6,11,0.16666666666666666,0.3055555555555556,23.61111111111111,Medium,Roman-Owens,Orthopedic,Georgia
4924,45,1312271.9169057067,29161.59815346015,852535.9300834793,25074.58617892586,11,19,0.24444444444444444,0.4222222222222222,33.33333333333333,Medium,Morton PLC,General Practitioner,Colorado
4925,28,651333.7781964076,23261.9206498717,489421.5292858082,20392.563720242008,4,8,0.14285714285714285,0.2857142857142857,21.428571428571427,Medium,"Malone, Brooks and Brown",Oncologist,Massachusetts
4926,41,956890.0,23338.780487804877,702451.3664163715,21286.40504292035,8,13,0.1951219512195122,0.3170731707317073,25.609756097560975,Medium,"Harmon, Gonzalez and Atkinson",General Practitioner,Oregon
4927,36,787876.2046939854,21885.450130388483,614635.8044567289,19826.96143408803,5,15,0.1388888888888889,0.4166666666666667,27.77777777777778,Medium,"Wilson, Wilson and Martin",General Practitioner,Oklahoma
4928,38,955768.0,25151.78947368421,672751.0816647747,22425.03605549249,8,20,0.21052631578947367,0.5263157894736842,36.84210526315789,Medium,"Hardin, Brown and Wilson",Orthopedic,Alaska
4929,42,1047171.0,24932.64285714286,690444.6930011691,20922.566454580883,9,19,0.21428571428571427,0.4523809523809524,33.333333333333336,Medium,"Bryan, Moon and Chapman",Dermatologist,New Jersey
4930,43,1141707.0,26551.325581395347,627481.5276026392,21637.29405526342,14,14,0.32558139534883723,0.32558139534883723,32.55813953488372,Medium,Knight PLC,Orthopedic,Maine
4931,40,967869.6156196658,24196.740390491646,692106.129040973,21628.316532530407,8,14,0.2,0.35,27.5,Medium,Aguilar-Gillespie,General Practitioner,Minnesota
4932,43,1207568.2658682948,28082.982927169647,746501.5962562109,24883.386541873697,13,12,0.3023255813953488,0.27906976744186046,29.069767441860463,Medium,"Ford, Hill and Martinez",Orthopedic,North Dakota
4933,38,936364.0,24641.157894736843,809355.1725321008,23124.433500917166,3,14,0.07894736842105263,0.3684210526315789,22.368421052631575,Medium,Riley Group,Dermatologist,New Hampshire
4934,40,1159275.0,28981.875,693853.1533713003,24780.469763260724,12,17,0.3,0.425,36.25,Medium,Oconnor-Carpenter,General Practitioner,Washington
4935,43,1094407.0,25451.325581395347,835827.7468648808,23880.792767568022,8,24,0.18604651162790697,0.5581395348837209,37.2093023255814,Medium,Johnson PLC,Orthopedic,North Carolina
4936,45,969380.0,21541.777777777777,732361.1269448905,18778.49043448437,6,20,0.13333333333333333,0.4444444444444444,28.88888888888889,Medium,"Arellano, Cooper and Turner",Oncologist,Iowa
4937,44,1232943.0,28021.43181818182,949309.6526651919,24981.832964873473,6,19,0.13636363636363635,0.4318181818181818,28.409090909090907,Medium,"Davis, Johnson and Bates",General Practitioner,North Dakota
4938,38,1004153.9979727548,26425.105209809335,741030.1239611877,22455.45830185417,5,17,0.13157894736842105,0.4473684210526316,28.94736842105263,Medium,Moody-Townsend,Dermatologist,Mississippi
4939,54,1346170.0,24929.074074074073,892646.3242107943,21771.861566116935,13,17,0.24074074074074073,0.3148148148148148,27.77777777777778,Medium,"Gibson, Smith and Combs",Orthopedic,Iowa
4940,43,1166958.0,27138.558139534885,872787.8082872527,24244.10578575702,7,22,0.16279069767441862,0.5116279069767442,33.720930232558146,Medium,Walker-Myers,General Practitioner,North Carolina
4941,38,1111411.6910983115,29247.67608153451,757767.2141628944,24444.103682674013,7,17,0.18421052631578946,0.4473684210526316,31.57894736842105,Medium,Pruitt Group,Orthopedic,Illinois
4942,32,712072.0,22252.25,459878.5251370366,19994.71848421898,9,10,0.28125,0.3125,29.6875,Medium,"Weiss, Taylor and Stephens",Cardiologist,Maryland
4943,36,830527.0,23070.194444444445,675337.6977912479,23287.506820387858,7,15,0.19444444444444445,0.4166666666666667,30.555555555555557,Medium,Sutton Inc,General Practitioner,New Jersey
4944,49,1202424.0,24539.26530612245,883210.6522061909,23242.385584373445,11,15,0.22448979591836735,0.30612244897959184,26.53061224489796,Medium,Barron PLC,General Practitioner,Vermont
4945,43,947544.0,22035.906976744187,752566.5362652938,21501.901036151252,8,19,0.18604651162790697,0.4418604651162791,31.395348837209305,Medium,Newton-Smith,Cardiologist,North Carolina
4946,30,865725.0,28857.5,579470.057353175,27593.812254913097,9,12,0.3,0.4,35.0,Medium,"Edwards, Lozano and Sparks",Orthopedic,Michigan
4947,43,1155449.0,26870.906976744187,770498.7088975189,22661.726732279967,9,13,0.20930232558139536,0.3023255813953488,25.58139534883721,Medium,"Newman, Holt and Pearson",Oncologist,Kansas
4948,43,1077187.0,25050.86046511628,718789.6638596047,23959.655461986826,13,14,0.3023255813953488,0.32558139534883723,31.3953488372093,Medium,Roberts and Sons,Oncologist,Maine
4949,34,828033.2980436517,24353.92053069564,639562.9235432746,22841.53298368838,6,12,0.17647058823529413,0.35294117647058826,26.47058823529412,Medium,Johnson-Small,Oncologist,Kansas
4950,39,1020053.6301188201,26155.221285097952,580451.3301125573,21498.197411576195,12,13,0.3076923076923077,0.3333333333333333,32.05128205128205,Medium,Barker-Warren,Cardiologist,California
4951,38,998105.2006858998,26265.92633383947,615306.8028525261,21217.475960431933,9,12,0.23684210526315788,0.3157894736842105,27.631578947368418,Medium,Scott-Johnson,Dermatologist,Connecticut
4952,34,941777.0,27699.323529411766,733748.1033513576,25301.65873625371,5,17,0.14705882352941177,0.5,32.35294117647059,Medium,"Shannon, Cunningham and Brown",General Practitioner,Wisconsin
4953,51,1357672.0,26621.019607843136,774542.2889436657,22780.65555716664,17,21,0.3333333333333333,0.4117647058823529,37.25490196078431,Medium,"Potts, Brown and Adams",Dermatologist,Vermont
4954,39,894404.0,22933.4358974359,696013.8363592668,21091.328374523237,6,19,0.15384615384615385,0.48717948717948717,32.05128205128205,Medium,"Mcbride, Brown and Carter",General Practitioner,New York
4955,43,1023550.0,23803.488372093023,676526.1321262539,20500.791882613754,10,15,0.23255813953488372,0.3488372093023256,29.069767441860463,Medium,"Walker, Olson and Gonzales",Dermatologist,New York
4956,43,1301280.0,30262.325581395347,914872.3639708025,28589.76137408758,11,14,0.2558139534883721,0.32558139534883723,29.069767441860467,Medium,Butler Ltd,Dermatologist,Nevada
4957,36,845630.0,23489.722222222223,560514.5583173382,20018.37708276208,8,11,0.2222222222222222,0.3055555555555556,26.38888888888889,Medium,Smith Inc,Cardiologist,Ohio
4958,44,911712.0,20720.727272727272,577246.307233426,19241.543574447533,14,20,0.3181818181818182,0.45454545454545453,38.63636363636363,Medium,Burns-Adams,Cardiologist,Vermont
4959,34,990296.0831617139,29126.355387109234,409113.9912772404,22728.5550709578,16,4,0.47058823529411764,0.11764705882352941,29.41176470588235,Medium,Young Group,Dermatologist,New Mexico
4960,40,1030685.0,25767.125,726188.7324272112,23425.442981522945,9,16,0.225,0.4,31.25,Medium,"Mendoza, Schultz and Wood",General Practitioner,New Hampshire
4961,36,919339.0,25537.194444444445,596974.9205037383,22960.573865528397,10,11,0.2777777777777778,0.3055555555555556,29.166666666666668,Medium,Harvey LLC,Orthopedic,Louisiana
4962,40,942627.8928467119,23565.697321167798,591230.422007576,21115.372214556286,12,14,0.3,0.35,32.5,Medium,Young-Velez,Dermatologist,Maryland
4963,46,1166694.0,25362.91304347826,809604.5457873475,23131.55845106707,11,17,0.2391304347826087,0.3695652173913043,30.43478260869565,Medium,Johnson-Oconnell,Cardiologist,Ohio
4964,38,950149.758512083,25003.94101347587,581764.4062478052,20060.841594751902,9,13,0.23684210526315788,0.34210526315789475,28.94736842105263,Medium,Johnson-Evans,General Practitioner,Kentucky
4965,42,970920.0,23117.14285714286,497198.1318735966,21617.31008146072,19,12,0.4523809523809524,0.2857142857142857,36.904761904761905,Medium,Williams PLC,Orthopedic,New York
4966,42,1160823.0,27638.64285714286,717764.4721861937,27606.325853315142,16,9,0.38095238095238093,0.21428571428571427,29.76190476190476,Medium,Marsh Inc,Dermatologist,Hawaii
4967,36,895265.0,24868.472222222223,537294.3820211261,21491.775280845046,11,13,0.3055555555555556,0.3611111111111111,33.33333333333333,Medium,Thompson-Zimmerman,Cardiologist,Wisconsin
4968,46,1282505.0,27880.543478260868,885686.8610937165,26049.613561579896,12,17,0.2608695652173913,0.3695652173913043,31.52173913043478,Medium,"Horton, Williams and Mendoza",Oncologist,Maine
4969,41,1031188.6799922443,25150.943414444984,735530.8938572789,21015.168395922254,6,17,0.14634146341463414,0.4146341463414634,28.048780487804876,Medium,Willis-Williams,General Practitioner,Illinois
4970,45,1166108.8892477918,25913.530872173153,708549.739419547,20244.278269129914,10,12,0.2222222222222222,0.26666666666666666,24.444444444444443,Medium,Sparks-Mason,Orthopedic,New Hampshire
4971,38,976773.0,25704.552631578947,583651.324332844,23346.05297331376,13,13,0.34210526315789475,0.34210526315789475,34.21052631578947,Medium,Thompson-Wagner,Cardiologist,Alabama
4972,46,1255820.0,27300.434782608696,1077249.1424985023,26274.369329231762,5,22,0.10869565217391304,0.4782608695652174,29.347826086956523,Medium,Lewis-Simpson,Oncologist,Virginia
4973,39,1047815.6429260775,26867.06776733532,688785.4205710778,21524.544392846183,7,17,0.1794871794871795,0.4358974358974359,30.76923076923077,Medium,"Hernandez, Jackson and Harris",Dermatologist,Mississippi
4974,44,1175320.0,26711.81818181818,780558.5688422318,26018.618961407727,14,13,0.3181818181818182,0.29545454545454547,30.68181818181818,Medium,Munoz PLC,General Practitioner,Kansas
4975,48,1085024.0,22604.666666666668,732891.7234796148,20358.1034299893,12,16,0.25,0.3333333333333333,29.166666666666664,Medium,Torres-Castillo,Orthopedic,Arkansas
4976,33,842474.95717219,25529.544156733027,586619.9915104893,22562.30736578805,7,13,0.21212121212121213,0.3939393939393939,30.3030303030303,Medium,"Harper, Hall and Pineda",Cardiologist,Georgia
4977,34,896206.0,26359.0,624313.2904569019,22296.90323060364,6,14,0.17647058823529413,0.4117647058823529,29.41176470588235,Medium,Bolton-Craig,Dermatologist,Kansas
4978,51,1435928.699909249,28155.464704102924,836808.9659364265,22616.45853882234,14,16,0.27450980392156865,0.3137254901960784,29.411764705882355,Medium,Mann-Villegas,Cardiologist,Oklahoma
4979,54,1307553.0,24213.944444444445,919945.4320669535,22437.693465047647,13,22,0.24074074074074073,0.4074074074074074,32.407407407407405,Medium,Reese LLC,Oncologist,Kansas
4980,31,808901.0,26093.58064516129,630837.1495241933,23364.338871266416,4,13,0.12903225806451613,0.41935483870967744,27.41935483870968,Medium,Schneider-Castillo,Dermatologist,Oklahoma
4981,46,1159373.2515015828,25203.76633699093,706456.1940071158,22076.75606272237,14,14,0.30434782608695654,0.30434782608695654,30.434782608695656,Medium,Terrell PLC,Cardiologist,Florida
4982,45,1116296.5368005047,24806.58970667788,663476.4298222418,22115.880994074727,15,16,0.3333333333333333,0.35555555555555557,34.44444444444444,Medium,Rodriguez-Young,General Practitioner,Arizona
4983,49,1015586.0,20726.244897959183,684816.738334561,19566.1925238446,14,20,0.2857142857142857,0.40816326530612246,34.69387755102041,Medium,Kelly Inc,General Practitioner,Virginia
4984,27,746143.0,27634.925925925927,545328.7011550452,25968.033388335483,6,10,0.2222222222222222,0.37037037037037035,29.62962962962963,Medium,Ramirez LLC,Orthopedic,Idaho
4985,30,839121.8415149548,27970.728050498492,422846.90500227665,21142.34525011383,10,9,0.3333333333333333,0.3,31.666666666666664,Medium,"Moore, Anderson and Franklin",General Practitioner,Maryland
4986,39,1053046.0,27001.17948717949,635732.599437553,24451.253824521267,13,15,0.3333333333333333,0.38461538461538464,35.8974358974359,Medium,Kaiser-Torres,General Practitioner,New York
4987,46,1120152.0,24351.130434782608,800326.5021307196,22231.291725853323,10,15,0.21739130434782608,0.32608695652173914,27.17391304347826,Medium,Mcneil-Gonzalez,Orthopedic,Oregon
4988,39,1067338.0,27367.641025641027,771930.5060001018,23391.8335151546,6,20,0.15384615384615385,0.5128205128205128,33.33333333333333,Medium,"Cole, Perez and Espinoza",Dermatologist,Nebraska
4989,49,1323699.0,27014.26530612245,861875.1267604902,23940.97574334695,13,15,0.2653061224489796,0.30612244897959184,28.57142857142857,Medium,"Strong, Garcia and Perkins",Cardiologist,Texas
4990,41,1118973.0,27292.024390243903,793688.5548305013,24802.767338453166,9,19,0.21951219512195122,0.4634146341463415,34.146341463414636,Medium,Brady-Black,Dermatologist,South Carolina
4991,51,1533458.9827066418,30067.823190326308,1019972.1786377854,23720.283224134542,8,23,0.1568627450980392,0.45098039215686275,30.3921568627451,Medium,Smith-Hoffman,Cardiologist,New Jersey
4992,34,1207636.681633415,35518.725930394554,596483.0282830138,25934.044707957124,11,11,0.3235294117647059,0.3235294117647059,32.35294117647059,Medium,Taylor-Martinez,General Practitioner,Missouri
4993,35,801018.0,22886.22857142857,516307.3699994912,19122.49518516634,8,12,0.22857142857142856,0.34285714285714286,28.57142857142857,Medium,Fleming-Lynch,Oncologist,Michigan
4994,51,1289014.6335942517,25274.79673714219,861582.9697609227,21539.574244023068,11,18,0.21568627450980393,0.35294117647058826,28.43137254901961,Medium,Rodriguez-Osborn,Orthopedic,Alabama
4995,40,1043674.0,26091.85,741868.4776676922,23931.241215086848,9,16,0.225,0.4,31.25,Medium,Stewart and Sons,Dermatologist,Colorado
4996,39,1046514.2297794094,26833.698199472034,708210.2332815779,23607.007776052596,9,20,0.23076923076923078,0.5128205128205128,37.179487179487175,Medium,"Williams, James and Ramirez",Cardiologist,North Dakota
4997,32,681082.0,21283.8125,422764.7838797169,22250.778098932467,13,9,0.40625,0.28125,34.375,Medium,"Clark, Sanchez and Lee",Oncologist,Kentucky
4998,37,929595.2011202705,25124.194624872176,524058.6247476895,18070.987060265157,8,16,0.21621621621621623,0.43243243243243246,32.432432432432435,Medium,Ross-Adams,Cardiologist,Arkansas
4999,42,1041109.0,24788.309523809523,878176.519743813,23734.500533616567,5,14,0.11904761904761904,0.3333333333333333,22.619047619047617,Medium,Davenport and Sons,Orthopedic,Ohio
5000,51,1257809.0,24662.92156862745,794885.7469443285,21483.398566062933,14,21,0.27450980392156865,0.4117647058823529,34.31372549019608,Medium,Smith Inc,Dermatologist,Massachusetts
